Subject,Region,Neuron,IsTuned
YFF,ent,8,0
YFF,hpc,9,1
YFF,hpc,10,0
YFF,hpc,11,0
YFF,hpc,12,1
YFF,hpc,13,1
YFF,hpc,14,0
YFF,hpc,15,0
YFF,hpc,16,0
YFF,hpc,26,0
YFF,hpc,27,0
YFF,hpc,28,1
YFF,hpc,29,0
YFF,hpc,30,1
YFF,hpc,31,0
YFF,hpc,32,1
YFF,hpc,33,1
YFF,hpc,34,1
YFF,hpc,35,0
YFF,hpc,36,0
YFF,hpc,37,0
YFF,hpc,38,0
YFF,hpc,39,1
YFF,hpc,40,0
YFF,hpc,41,0
YFF,hpc,42,0
YFF,hpc,43,0
YFF,hpc,44,0
YFF,hpc,45,0
YFF,hpc,46,0
YFF,hpc,47,0
YFF,hpc,48,0
YFF,hpc,49,0
YFF,hpc,50,1
YFF,hpc,51,1
YFF,hpc,52,0
YFF,hpc,53,0
YFI,hpc,0,0
YFI,hpc,1,1
YFI,hpc,2,0
YFI,hpc,3,1
YFI,hpc,4,0
YFI,hpc,5,0
YFI,hpc,6,0
YFI,hpc,7,1
YFI,hpc,8,0
YFI,hpc,18,1
YFI,hpc,19,1
YFI,hpc,20,1
YFI,hpc,21,0
YFI,hpc,22,0
YFI,hpc,23,0
YFI,hpc,24,0
YFI,hpc,25,0
YFI,hpc,26,0
YFI,hpc,27,0
YFI,hpc,28,0
YFI,hpc,29,0
YFI,ent,30,1
YFI,ent,31,0
YFI,ent,32,0
YFI,ent,33,0
YFI,ent,34,1
YFI,ent,35,0
YFI,ent,36,0
YFI,ent,37,0
YFJ,hpc,9,1
YFJ,hpc,10,0
YFJ,hpc,11,1
YFJ,hpc,12,0
YFJ,hpc,13,0
YFJ,hpc,14,0
YFJ,hpc,15,0
YFJ,hpc,16,0
YFJ,hpc,17,0
YFJ,hpc,18,0
YFJ,hpc,19,1
YFJ,hpc,20,0
YFJ,hpc,21,1
YFJ,hpc,22,1
YFJ,hpc,23,1
YFJ,hpc,24,0
YFJ,hpc,25,0
YFJ,hpc,26,0
YFJ,hpc,27,0
YFJ,hpc,28,1
YFJ,hpc,37,0
YFJ,hpc,38,0
YFJ,hpc,39,0
YFJ,hpc,40,0
YFJ,hpc,41,1
YFJ,hpc,42,1
YFJ,hpc,43,0
YFJ,hpc,44,0
YFJ,hpc,45,0
YFJ,hpc,46,0
YFJ,hpc,47,0
YFJ,hpc,48,1
YFJ,hpc,49,1
YFJ,hpc,50,0
YFJ,hpc,51,0
YFJ,hpc,52,0
YFJ,hpc,53,0
YFJ,hpc,54,0
YFJ,hpc,55,0
YFJ,hpc,56,0
YFJ,hpc,57,1
YFJ,hpc,58,0
YFJ,hpc,59,0
YFJ,hpc,60,1
YFJ,hpc,61,0
YFK,hpc,24,0
YFK,hpc,25,0
YFK,hpc,26,1
YFK,hpc,27,0
YFK,hpc,28,1
YFK,hpc,29,0
YFK,hpc,30,0
YFK,hpc,31,0
YFK,hpc,32,0
YFK,hpc,33,0
YFK,para-hpc,34,0
YFK,para-hpc,35,0
YFK,para-hpc,36,1
YFK,para-hpc,37,1
YFK,para-hpc,38,0
YFK,para-hpc,39,1
YFK,para-hpc,40,0
YFK,para-hpc,41,0
YFK,para-hpc,42,1
YFK,para-hpc,43,0
YFK,para-hpc,44,0
YFK,para-hpc,45,1
YFK,para-hpc,46,0
YFK,hpc,47,0
YFK,hpc,48,1
YFK,hpc,49,0
YFK,hpc,50,0
YFK,hpc,51,1
YFK,hpc,52,0
YFK,hpc,53,0
YFK,hpc,54,0
YFK,hpc,55,0
YFK,hpc,56,0
YFK,hpc,57,1
YFK,hpc,58,0
YFK,hpc,59,1
YFK,hpc,60,0
YFK,hpc,61,0
YFK,hpc,62,0
YFK,para-hpc,63,0
YFK,para-hpc,64,0
YFK,para-hpc,65,0
YFK,para-hpc,66,0
YFK,para-hpc,67,0
YFL,hpc,19,0
YFL,hpc,20,0
YFL,hpc,21,0
YFL,hpc,22,0
YFL,hpc,23,0
YFL,hpc,24,1
YFL,hpc,25,0
YFL,hpc,26,1
YFL,hpc,27,0
YFL,hpc,28,0
YFL,hpc,29,1
YFL,hpc,30,1
YFL,hpc,31,0
YFL,hpc,32,1
YFL,hpc,33,0
YFL,hpc,34,0
YFL,hpc,35,1
YFL,hpc,36,0
YFL,hpc,37,0
YFL,hpc,38,1
YFL,hpc,39,0
YFL,hpc,58,0
YFL,hpc,59,0
YFL,hpc,60,0
YFL,hpc,61,0
YFL,hpc,62,0
YFL,hpc,63,0
YFL,hpc,64,0
YFL,hpc,65,1
YFL,hpc,66,0
YFL,hpc,67,0
YFL,hpc,68,0
YFL,hpc,69,0
YFL,hpc,70,0
YFL,hpc,71,1
YFL,hpc,72,1
YFL,hpc,73,1
YFL,hpc,74,0
YFL,hpc,75,0
YFL,hpc,76,0
YFL,hpc,77,1
YFL,hpc,78,0
YFL,ent,79,0
YFL,ent,80,0
YFL,ent,81,0
YFL,ent,82,0
YFL,ent,83,0
YFL,ent,84,0
YFL,ent,85,0
YFL,ent,86,0
YFL,ent,87,0
YFL,ent,88,0
YFL,ent,89,0
YFL,ent,90,0
YFL,ent,91,0
YFL,ent,92,1
YFL,ent,93,0
YFM,hpc,15,0
YFM,hpc,16,1
YFM,hpc,17,1
YFM,hpc,18,0
YFM,hpc,19,0
YFM,hpc,20,0
YFM,hpc,21,0
YFM,hpc,22,0
YFM,hpc,23,0
YFM,hpc,24,0
YFM,hpc,25,0
YFM,ent,33,1
YFM,ent,34,0
YFM,ent,35,1
YFM,ent,36,1
YFM,ent,37,0
YFM,ent,38,1
YFM,ent,39,0
YFM,ent,40,1
YFM,ent,41,0
YFM,ent,42,1
YFM,ent,43,1
YFM,ent,44,0
YFM,ent,45,0
YFM,ent,46,0
YFM,ent,47,0
YFM,ent,48,1
YFM,ent,49,0
YFM,hpc,61,0
YFM,hpc,62,0
YFM,hpc,63,0
YFM,hpc,64,1
YFM,hpc,65,1
YFM,hpc,66,0
YFM,hpc,67,0
YFM,hpc,68,0
YFM,hpc,69,0
YFM,hpc,70,0
YFM,hpc,71,0
YFM,hpc,72,0
YFM,hpc,73,0
YFM,hpc,74,1
YFM,hpc,75,0
YFM,hpc,76,0
YFM,hpc,77,0
YFM,hpc,78,0
YFM,hpc,79,0
YFM,hpc,80,1
YFM,hpc,81,0
YFM,ent,82,0
YFM,ent,83,0
YFM,ent,84,0
YFM,ent,85,1
YFM,ent,86,0
YFM,ent,87,0
YFM,ent,88,0
YFM,ent,89,0
YFM,ent,90,0
YFM,ent,91,1
YFM,ent,92,1
YFM,ent,93,0
YFP,hpc,29,0
YFP,hpc,30,1
YFP,hpc,31,0
YFP,hpc,32,0
YFP,hpc,33,0
YFP,hpc,34,1
YFP,hpc,35,1
YFP,hpc,36,0
YFP,hpc,37,0
YFP,hpc,38,1
YFP,hpc,39,0
YFP,hpc,40,0
YFP,hpc,41,0
YFP,hpc,42,0
YFP,hpc,43,0
YFP,hpc,44,0
YFP,hpc,45,0
YFP,hpc,46,0
YFP,hpc,73,1
YFP,hpc,74,0
YFP,hpc,75,0
YFP,hpc,76,0
YFP,hpc,77,0
YFP,hpc,78,0
YFP,hpc,79,1
YFP,hpc,80,0
YFP,hpc,81,0
YFP,hpc,82,0
YFP,hpc,83,0
YFP,hpc,84,0
YFP,hpc,85,1
YFP,hpc,86,0
YFP,hpc,87,0
YFP,hpc,88,0
YFP,hpc,89,0
YFP,hpc,90,1
YFP,hpc,91,0
YFP,hpc,92,1
YFP,hpc,93,1
YFP,hpc,94,0
YFP,hpc,95,0
YFP,hpc,96,0
YFP,hpc,97,0
YFR,hpc,0,0
YFR,hpc,1,1
YFR,hpc,2,0
YFR,hpc,3,0
YFR,hpc,4,0
YFR,hpc,5,1
YFR,hpc,6,0
YFR,hpc,7,0
YFR,hpc,8,0
YFR,hpc,9,0
YFR,hpc,10,0
YFR,hpc,11,0
YFR,hpc,12,0
YFR,hpc,13,0
YFR,hpc,14,0
YFR,hpc,15,0
YFR,hpc,16,0
YFR,hpc,17,1
YFR,hpc,18,0
YFR,hpc,19,1
YFR,hpc,20,1
YFR,hpc,21,1
YFR,hpc,22,1
YFR,hpc,23,0
YFR,amy,24,0
YFR,amy,25,0
YFR,amy,26,0
YFR,amy,27,1
YFR,amy,28,0
YFR,amy,29,0
YFR,amy,30,0
YFR,amy,31,1
YFR,amy,32,0
YFR,amy,33,1
YFR,amy,34,0
YFR,amy,35,1
YFR,amy,36,0
YFR,amy,37,1
YFR,amy,38,0
YFR,amy,39,0
YFR,amy,45,1
YFR,amy,46,1
YFR,amy,47,0
YFR,amy,48,0
YFR,amy,49,0
YFR,amy,50,0
YFR,amy,51,0
YFR,amy,52,0
YFR,hpc,53,0
YFR,hpc,54,0
YFR,hpc,55,0
YFR,hpc,56,0
YFR,hpc,57,0
YFR,hpc,58,1
YFR,hpc,59,0
YFR,hpc,60,0
YFR,hpc,61,0
YFR,hpc,62,0
YFR,hpc,63,0
YFR,hpc,64,1
YFR,hpc,65,0
YFR,hpc,66,1
YFR,hpc,67,0
YFR,hpc,68,0
YFR,hpc,69,0
YFS,amy,26,0
YFS,amy,27,0
YFS,amy,28,0
YFS,amy,29,0
YFS,amy,30,1
YFS,amy,31,0
YFS,amy,32,0
YFS,amy,33,1
YFS,amy,34,1
YFS,amy,35,0
YFS,amy,36,1
YFS,hpc,37,0
YFS,hpc,38,1
YFS,hpc,39,0
YFS,hpc,40,0
YFS,hpc,41,0
YFS,hpc,42,0
YFS,hpc,43,0
YFS,hpc,44,1
YFS,hpc,45,1
YFS,hpc,46,1
YFS,hpc,47,0
YFS,hpc,48,1
YFS,hpc,49,0
YFS,hpc,50,0
YFS,hpc,51,0
YFS,hpc,52,1
YFS,hpc,53,0
YFS,hpc,54,1
YFS,hpc,55,1
YFS,hpc,56,0
YFS,hpc,57,1
YFS,hpc,58,0
YFS,hpc,59,0
YFS,hpc,60,1
YFS,hpc,61,0
YFS,hpc,62,0
YFS,hpc,74,1
YFS,hpc,75,0
YFS,hpc,76,1
YFS,hpc,77,1
YFS,hpc,78,0
YFS,hpc,79,0
YFS,hpc,80,1
YFS,hpc,81,0
YFS,hpc,82,0
YFS,hpc,83,0
YFS,hpc,84,0
YFS,amy,85,0
YFS,amy,86,0
YFS,amy,87,0
YFS,amy,88,0
YFS,amy,89,0
YFS,amy,90,0
YFS,amy,91,0
YFS,amy,92,1
YFS,amy,93,0
YFS,amy,94,1
YFS,amy,95,1
YFT,ent,9,1
YFT,ent,10,0
YFT,ent,11,1
YFT,ent,12,1
YFT,ent,13,0
YFT,ent,14,0
YFT,ent,15,1
YFT,ent,16,0
YFT,hpc,17,1
YFT,hpc,18,1
YFT,hpc,19,0
YFT,hpc,20,0
YFT,hpc,21,0
YFT,hpc,22,0
YFT,hpc,23,0
YFT,hpc,24,1
YFT,hpc,25,0
YFT,hpc,26,0
YFT,hpc,27,0
YFT,hpc,28,0
YFT,hpc,29,0
YFT,hpc,30,0
YFT,hpc,31,0
YFT,amy,32,1
YFT,amy,33,1
YFT,amy,34,0
YFT,amy,35,0
YFT,amy,36,0
YFT,amy,37,0
YFT,amy,38,0
YFT,amy,39,1
YFT,hpc,40,0
YFT,hpc,41,0
YFT,hpc,42,1
YFT,hpc,43,0
YFT,hpc,44,0
YFT,hpc,45,1
YFT,hpc,46,1
YFT,hpc,47,0
YFT,hpc,48,0
YFT,hpc,49,1
YFT,hpc,50,1
YFT,hpc,51,0
YFT,ent,69,0
YFT,ent,70,0
YFT,ent,71,0
YFT,ent,72,0
YFT,ent,73,0
YFT,ent,74,1
YFT,ent,75,0
YFT,ent,76,0
YFT,ent,77,0
YFU,amy,0,0
YFU,amy,1,1
YFU,amy,2,0
YFU,amy,3,0
YFU,amy,4,0
YFU,amy,5,0
YFU,amy,6,0
YFU,amy,7,0
YFU,amy,8,0
YFU,amy,9,0
YFU,amy,10,0
YFU,amy,11,0
YFU,hpc,20,0
YFU,hpc,21,1
YFU,hpc,22,0
YFU,hpc,23,0
YFU,hpc,24,0
YFU,hpc,25,0
YFU,hpc,26,0
YFU,hpc,27,1
YFU,hpc,28,0
YFU,hpc,29,1
YFU,hpc,30,1
YFU,hpc,31,1
YFU,hpc,32,1
YFU,hpc,33,1
YFU,hpc,34,0
YFU,hpc,35,0
YFU,hpc,36,0
YFU,hpc,37,0
YFU,hpc,38,1
YFU,hpc,39,1
YFU,hpc,40,0
YFU,hpc,41,0
YFU,hpc,42,1
YFU,amy,43,1
YFU,amy,44,0
YFU,amy,45,0
YFU,amy,46,0
YFU,amy,47,0
YFU,amy,48,1
YFU,amy,49,0
YFU,amy,50,0
YFU,amy,51,1
YFU,amy,52,1
YFU,amy,53,1
YFU,hpc,54,1
YFU,hpc,55,0
YFU,hpc,56,1
YFU,hpc,57,0
YFU,hpc,58,0
YFU,hpc,59,0
YFU,hpc,60,0
YFU,hpc,61,1
YFU,hpc,62,1
YFU,hpc,63,0
YFU,hpc,64,0
YFU,hpc,65,0
YFU,hpc,66,0
YFU,hpc,67,1
YFU,hpc,68,1
YFU,hpc,69,1
