subject,neuron,best_bin_ms,best_gamma,overall_accuracy,max_class_accuracy,n_tied_preferred,preferred_numbers,has_tie,valid,preferred_number
YFF,9,90,0.2,0.1834862385321101,0.42857142857142855,1,4,False,True,4.0
YFF,12,900,0.2,0.1743119266055046,0.6666666666666666,1,2,False,True,2.0
YFF,13,75,0.5,0.1834862385321101,0.42857142857142855,1,5,False,True,5.0
YFF,28,60,0.2,0.1926605504587156,0.3333333333333333,1,8,False,True,8.0
YFF,30,100,0.8,0.1926605504587156,0.42857142857142855,1,9,False,True,9.0
YFF,32,300,0.2,0.22018348623853212,0.4375,1,6,False,True,6.0
YFF,33,60,0.2,0.2018348623853211,0.36363636363636365,1,3,False,True,3.0
YFF,34,180,0.5,0.22018348623853212,0.42857142857142855,1,5,False,True,5.0
YFF,39,150,0.5,0.22018348623853212,0.5,1,9,False,True,9.0
YFF,50,90,0.2,0.1926605504587156,0.4117647058823529,1,7,False,True,7.0
YFF,51,100,0.2,0.1743119266055046,0.7333333333333333,1,2,False,True,2.0
YFI,1,60,0.5,0.18269230769230768,0.30434782608695654,1,8,False,True,8.0
YFI,3,900,0.2,0.19230769230769232,0.5555555555555556,1,5,False,True,5.0
YFI,7,60,0.2,0.19230769230769232,0.4444444444444444,1,9,False,True,9.0
YFI,18,450,0.2,0.18269230769230768,0.5,1,7,False,True,7.0
YFI,19,180,0.5,0.18269230769230768,0.3333333333333333,1,9,False,True,9.0
YFI,20,180,0.5,0.23076923076923078,0.5454545454545454,3,"2,3,4",True,True,
YFI,30,900,0.2,0.20192307692307693,0.6363636363636364,1,4,False,True,4.0
YFI,34,90,0.5,0.17307692307692307,0.36363636363636365,1,2,False,True,2.0
YFJ,9,100,0.2,0.19298245614035087,0.4166666666666667,1,8,False,True,8.0
YFJ,11,450,0.8,0.20175438596491227,0.375,1,6,False,True,6.0
YFJ,19,100,0.8,0.19298245614035087,0.42857142857142855,1,5,False,True,5.0
YFJ,21,60,0.5,0.18421052631578946,0.5,1,4,False,True,4.0
YFJ,22,60,0.5,0.20175438596491227,0.5,1,4,False,True,4.0
YFJ,23,60,0.2,0.17543859649122806,0.2631578947368421,1,1,False,True,1.0
YFJ,28,180,0.8,0.24561403508771928,0.5,1,4,False,True,4.0
YFJ,41,225,0.2,0.17543859649122806,0.5,1,8,False,True,8.0
YFJ,42,300,0.8,0.18421052631578946,0.4166666666666667,1,8,False,True,8.0
YFJ,48,225,0.8,0.18421052631578946,0.5,1,8,False,True,8.0
YFJ,49,900,0.2,0.18421052631578946,0.4166666666666667,1,8,False,True,8.0
YFJ,57,100,0.8,0.19298245614035087,0.3,1,7,False,True,7.0
YFJ,60,75,0.5,0.18421052631578946,0.2631578947368421,1,1,False,True,1.0
YFK,26,100,0.8,0.23684210526315788,0.5,2,"7,9",True,True,
YFK,28,225,0.2,0.18421052631578946,0.3157894736842105,1,1,False,True,1.0
YFK,36,300,0.5,0.20175438596491227,0.5,1,8,False,True,8.0
YFK,37,100,0.2,0.17543859649122806,0.47058823529411764,1,2,False,True,2.0
YFK,39,60,0.5,0.21929824561403508,0.5,1,9,False,True,9.0
YFK,42,225,0.2,0.19298245614035087,0.75,1,4,False,True,4.0
YFK,45,180,0.2,0.18421052631578946,0.42105263157894735,1,1,False,True,1.0
YFK,48,60,0.5,0.19298245614035087,0.5,2,"3,4",True,True,
YFK,51,90,0.2,0.21052631578947367,0.5,1,4,False,True,4.0
YFK,57,225,0.8,0.18421052631578946,0.6875,1,6,False,True,6.0
YFK,59,100,0.2,0.17543859649122806,0.35714285714285715,1,3,False,True,3.0
YFL,24,75,0.5,0.19298245614035087,0.5263157894736842,1,1,False,True,1.0
YFL,26,100,0.2,0.18421052631578946,0.3125,1,6,False,True,6.0
YFL,29,300,0.2,0.21052631578947367,0.47058823529411764,1,2,False,True,2.0
YFL,30,100,0.8,0.18421052631578946,0.35714285714285715,1,3,False,True,3.0
YFL,32,900,0.2,0.16666666666666666,0.7857142857142857,1,5,False,True,5.0
YFL,35,450,0.2,0.17543859649122806,0.75,1,4,False,True,4.0
YFL,38,450,0.2,0.18421052631578946,0.5,2,"4,5",True,True,
YFL,65,225,0.2,0.17543859649122806,0.6842105263157895,1,1,False,True,1.0
YFL,71,60,0.5,0.19298245614035087,0.5,1,4,False,True,4.0
YFL,72,60,0.8,0.18421052631578946,0.42105263157894735,1,1,False,True,1.0
YFL,73,150,0.2,0.17543859649122806,1.0,1,4,False,True,4.0
YFL,77,100,0.2,0.18421052631578946,0.6875,1,6,False,True,6.0
YFL,92,100,0.5,0.21052631578947367,0.625,1,9,False,True,9.0
YFM,16,100,0.2,0.21052631578947367,0.5,1,4,False,True,4.0
YFM,17,75,0.2,0.19298245614035087,0.42857142857142855,1,5,False,True,5.0
YFM,33,180,0.5,0.19298245614035087,0.4117647058823529,1,2,False,True,2.0
YFM,35,150,0.8,0.17543859649122806,0.375,1,6,False,True,6.0
YFM,36,60,0.2,0.20175438596491227,0.5,1,4,False,True,4.0
YFM,38,225,0.5,0.21052631578947367,0.7142857142857143,1,3,False,True,3.0
YFM,40,100,0.2,0.21929824561403508,0.3684210526315789,1,1,False,True,1.0
YFM,42,90,0.2,0.18421052631578946,1.0,1,1,False,True,1.0
YFM,43,100,0.2,0.19298245614035087,0.375,1,6,False,True,6.0
YFM,48,225,0.5,0.20175438596491227,0.375,1,6,False,True,6.0
YFM,64,150,0.2,0.22807017543859648,0.5,1,3,False,True,3.0
YFM,65,100,0.2,0.20175438596491227,0.5,1,4,False,True,4.0
YFM,74,150,0.2,0.19298245614035087,1.0,1,3,False,True,3.0
YFM,80,75,0.8,0.19298245614035087,0.5,1,4,False,True,4.0
YFM,85,75,0.8,0.21929824561403508,0.8235294117647058,1,2,False,True,2.0
YFM,91,60,0.5,0.20175438596491227,0.6666666666666666,1,8,False,True,8.0
YFM,92,180,0.5,0.19298245614035087,0.42857142857142855,1,5,False,True,5.0
YFP,30,180,0.2,0.17721518987341772,0.5714285714285714,1,7,False,True,7.0
YFP,34,150,0.8,0.17088607594936708,0.35714285714285715,1,7,False,True,7.0
YFP,35,90,0.2,0.17088607594936708,0.3333333333333333,1,2,False,True,2.0
YFP,38,900,0.2,0.16455696202531644,1.0,1,1,False,True,1.0
YFP,73,300,0.2,0.20253164556962025,0.4090909090909091,1,1,False,True,1.0
YFP,79,75,0.2,0.18354430379746836,1.0,1,1,False,True,1.0
YFP,85,180,0.2,0.18354430379746836,0.3333333333333333,1,4,False,True,4.0
YFP,90,300,0.2,0.189873417721519,0.29411764705882354,1,3,False,True,3.0
YFP,92,60,0.8,0.16455696202531644,0.25,1,5,False,True,5.0
YFP,93,900,0.2,0.15822784810126583,0.42857142857142855,1,8,False,True,8.0
YFR,1,450,0.2,0.16165413533834586,0.4411764705882353,1,4,False,True,4.0
YFR,5,90,0.8,0.15789473684210525,0.29411764705882354,1,9,False,True,9.0
YFR,17,150,0.2,0.16165413533834586,0.37037037037037035,1,3,False,True,3.0
YFR,19,900,0.2,0.16541353383458646,0.6470588235294118,1,4,False,True,4.0
YFR,20,90,0.2,0.16917293233082706,0.30434782608695654,1,8,False,True,8.0
YFR,21,90,0.2,0.16541353383458646,0.6944444444444444,1,1,False,True,1.0
YFR,22,300,0.2,0.17293233082706766,0.4411764705882353,1,4,False,True,4.0
YFR,27,150,0.2,0.18045112781954886,0.3103448275862069,1,2,False,True,2.0
YFR,31,300,0.8,0.16541353383458646,0.5172413793103449,1,2,False,True,2.0
YFR,33,60,0.5,0.20676691729323307,0.3055555555555556,1,1,False,True,1.0
YFR,35,450,0.2,0.16165413533834586,0.43478260869565216,1,8,False,True,8.0
YFR,37,100,0.2,0.15413533834586465,0.2608695652173913,1,8,False,True,8.0
YFR,45,225,0.2,0.15789473684210525,0.4444444444444444,1,1,False,True,1.0
YFR,46,450,0.2,0.15037593984962405,0.8695652173913043,1,8,False,True,8.0
YFR,58,60,0.2,0.15789473684210525,0.5517241379310345,1,2,False,True,2.0
YFR,64,450,0.2,0.17293233082706766,0.3888888888888889,1,1,False,True,1.0
YFR,66,180,0.5,0.16165413533834586,0.4666666666666667,1,5,False,True,5.0
YFS,30,300,0.2,0.1590909090909091,0.4444444444444444,1,7,False,True,7.0
YFS,33,900,0.2,0.14015151515151514,0.8787878787878788,1,4,False,True,4.0
YFS,34,60,0.2,0.1590909090909091,0.3333333333333333,1,4,False,True,4.0
YFS,36,225,0.5,0.17803030303030304,0.4375,1,1,False,True,1.0
YFS,38,60,0.2,0.14393939393939395,0.7878787878787878,1,2,False,True,2.0
YFS,44,225,0.8,0.15151515151515152,0.4583333333333333,1,3,False,True,3.0
YFS,45,60,0.5,0.1590909090909091,0.2962962962962963,1,7,False,True,7.0
YFS,46,90,0.2,0.16666666666666666,0.2916666666666667,1,3,False,True,3.0
YFS,48,300,0.2,0.15151515151515152,0.4482758620689655,1,9,False,True,9.0
YFS,52,60,0.5,0.18181818181818182,0.30303030303030304,1,2,False,True,2.0
YFS,54,450,0.8,0.1553030303030303,0.42424242424242425,1,2,False,True,2.0
YFS,55,100,0.8,0.1553030303030303,0.875,1,5,False,True,5.0
YFS,57,90,0.8,0.1553030303030303,0.34375,1,1,False,True,1.0
YFS,60,225,0.2,0.15151515151515152,0.3448275862068966,1,9,False,True,9.0
YFS,74,60,0.8,0.15151515151515152,0.2962962962962963,1,7,False,True,7.0
YFS,76,450,0.8,0.1590909090909091,0.36666666666666664,1,8,False,True,8.0
YFS,77,75,0.2,0.16287878787878787,0.375,1,6,False,True,6.0
YFS,80,100,0.5,0.17803030303030304,0.4074074074074074,1,7,False,True,7.0
YFS,92,60,0.2,0.15151515151515152,0.8333333333333334,1,8,False,True,8.0
YFS,94,300,0.8,0.17424242424242425,0.42424242424242425,1,2,False,True,2.0
YFS,95,100,0.8,0.16287878787878787,0.5185185185185185,1,7,False,True,7.0
YFT,9,450,0.2,0.13836477987421383,0.7321428571428571,1,9,False,True,9.0
YFT,11,90,0.8,0.14465408805031446,0.8387096774193549,1,1,False,True,1.0
YFT,12,450,0.2,0.15513626834381553,0.6451612903225806,1,1,False,True,1.0
YFT,15,150,0.2,0.14465408805031446,0.627906976744186,1,7,False,True,7.0
YFT,17,450,0.2,0.14675052410901468,0.5892857142857143,1,9,False,True,9.0
YFT,18,150,0.2,0.1320754716981132,0.9821428571428571,1,6,False,True,6.0
YFT,24,75,0.5,0.14465408805031446,0.8214285714285714,1,9,False,True,9.0
YFT,32,90,0.5,0.16142557651991615,0.8392857142857143,1,9,False,True,9.0
YFT,33,180,0.8,0.14255765199161424,0.66,1,8,False,True,8.0
YFT,39,900,0.2,0.14465408805031446,0.6129032258064516,1,1,False,True,1.0
YFT,42,450,0.2,0.1509433962264151,0.3684210526315789,1,4,False,True,4.0
YFT,45,150,0.2,0.14465408805031446,0.2982456140350877,1,4,False,True,4.0
YFT,46,450,0.2,0.14675052410901468,0.6041666666666666,1,2,False,True,2.0
YFT,49,225,0.2,0.1530398322851153,0.2916666666666667,1,2,False,True,2.0
YFT,50,300,0.2,0.1488469601677149,0.32075471698113206,1,5,False,True,5.0
YFT,74,180,0.2,0.14255765199161424,0.3958333333333333,1,2,False,True,2.0
YFU,1,150,0.8,0.13562753036437247,0.22916666666666666,1,6,False,True,6.0
YFU,21,900,0.2,0.13765182186234817,0.5074626865671642,1,2,False,True,2.0
YFU,27,180,0.2,0.13765182186234817,0.24489795918367346,1,8,False,True,8.0
YFU,29,450,0.2,0.15182186234817813,0.3617021276595745,1,9,False,True,9.0
YFU,30,900,0.2,0.15789473684210525,0.6774193548387096,1,4,False,True,4.0
YFU,31,180,0.8,0.1417004048582996,0.2903225806451613,1,4,False,True,4.0
YFU,32,225,0.5,0.15587044534412955,0.4230769230769231,1,3,False,True,3.0
YFU,33,60,0.8,0.15789473684210525,0.2923076923076923,1,7,False,True,7.0
YFU,38,90,0.8,0.14979757085020243,0.25806451612903225,1,4,False,True,4.0
YFU,39,90,0.2,0.15991902834008098,0.7761194029850746,1,2,False,True,2.0
YFU,42,150,0.5,0.1417004048582996,0.2708333333333333,1,6,False,True,6.0
YFU,43,180,0.5,0.14979757085020243,0.3404255319148936,1,9,False,True,9.0
YFU,48,900,0.2,0.15384615384615385,0.582089552238806,1,2,False,True,2.0
YFU,51,100,0.2,0.14979757085020243,0.3541666666666667,1,6,False,True,6.0
YFU,52,150,0.8,0.1437246963562753,0.2549019607843137,1,5,False,True,5.0
YFU,53,450,0.8,0.14777327935222673,0.5,1,6,False,True,6.0
YFU,54,150,0.8,0.13765182186234817,0.4153846153846154,1,7,False,True,7.0
YFU,56,225,0.2,0.145748987854251,0.425531914893617,1,9,False,True,9.0
YFU,61,150,0.2,0.15991902834008098,0.2765957446808511,1,9,False,True,9.0
YFU,62,900,0.2,0.145748987854251,0.5645161290322581,1,4,False,True,4.0
YFU,67,60,0.8,0.15182186234817813,0.24489795918367346,1,8,False,True,8.0
YFU,68,90,0.8,0.145748987854251,0.2692307692307692,1,3,False,True,3.0
YFU,69,90,0.2,0.1417004048582996,0.2765957446808511,1,9,False,True,9.0
