number,trial_index,operand,spike_time_s
7,0,1,0.02
7,0,1,0.133
7,0,1,0.266
7,0,1,0.839
7,0,1,0.849
7,0,1,0.936
7,0,1,0.938
8,0,2,0.089
8,0,2,0.099
8,0,2,0.186
8,0,2,0.188
8,0,2,0.447
8,0,2,0.745
8,0,2,0.768
7,1,1,0.087
7,1,1,0.273
7,1,1,0.424
7,1,1,0.463
7,1,1,0.647
7,1,1,0.797
4,1,2,0.047
4,1,2,0.272
4,1,2,0.279
4,1,2,0.324
4,1,2,0.42
4,1,2,0.627
4,1,2,0.694
4,1,2,0.712
7,2,1,0.05
7,2,1,0.056
7,2,1,0.059
7,2,1,0.074
7,2,1,0.634
7,2,1,0.655
7,2,1,0.728
6,2,2,0.266
6,2,2,0.282
6,2,2,0.355
6,2,2,0.489
6,2,2,0.498
6,2,2,0.841
5,3,2,0.173
5,3,2,0.302
5,3,2,0.715
5,3,2,0.783
5,3,2,0.993
8,4,1,0.039
8,4,1,0.263
8,4,1,0.614
8,4,1,0.668
8,4,1,0.912
4,5,1,0.199
4,5,1,0.513
4,5,1,0.802
4,5,2,0.052
4,5,2,0.318
4,5,2,0.344
4,5,2,0.387
4,5,2,0.414
4,5,2,0.481
4,5,2,0.494
4,5,2,0.537
4,5,2,0.61
2,6,2,0.083
2,6,2,0.162
2,6,2,0.261
2,6,2,0.402
2,6,2,0.553
2,6,2,0.619
2,6,2,0.693
2,6,2,0.906
2,6,2,0.938
7,7,1,0.005
7,7,1,0.141
7,7,1,0.166
7,7,1,0.299
7,7,1,0.371
7,7,1,0.988
3,7,2,0.238
3,7,2,0.482
3,7,2,0.596
3,7,2,0.827
3,7,2,0.849
3,7,2,0.872
3,7,2,0.995
3,8,1,0.11
3,8,1,0.22
3,8,1,0.31
3,8,1,0.396
3,8,1,0.451
3,8,1,0.604
3,8,1,0.731
3,8,1,0.776
3,8,1,0.779
3,8,1,0.885
2,8,2,0.026
2,8,2,0.029
2,8,2,0.135
2,8,2,0.358
2,8,2,0.546
2,8,2,0.667
2,8,2,0.846
2,8,2,0.848
2,8,2,0.851
2,8,2,0.86
4,9,1,0.163
4,9,1,0.387
4,9,1,0.43
4,9,1,0.518
4,9,1,0.623
4,9,1,0.683
4,9,1,0.795
4,9,1,0.858
4,9,2,0.062
4,9,2,0.125
4,9,2,0.309
4,9,2,0.553
6,10,1,0.034
6,10,1,0.039
6,10,1,0.042
6,10,1,0.289
6,10,1,0.389
6,10,1,0.396
6,10,1,0.494
6,10,1,0.94
6,10,1,0.949
4,10,2,0.19
4,10,2,0.199
4,10,2,0.569
4,10,2,0.574
4,10,2,0.682
7,11,1,0.081
7,11,1,0.368
7,11,1,0.827
7,11,1,0.835
7,11,1,0.856
7,11,1,0.991
3,11,2,0.077
3,11,2,0.085
3,11,2,0.106
3,11,2,0.241
3,11,2,0.611
7,12,2,0.024
7,12,2,0.308
7,12,2,0.717
7,12,2,0.787
7,12,2,0.892
7,12,2,0.893
7,13,1,0.118
7,13,1,0.386
7,13,1,0.488
7,13,1,0.553
7,13,1,0.614
7,13,1,0.868
7,13,1,0.87
7,13,1,0.899
8,14,2,0.061
8,14,2,0.088
8,14,2,0.108
8,14,2,0.492
8,14,2,0.614
8,14,2,0.768
8,14,2,0.825
8,14,2,0.864
9,15,1,0.071
9,15,1,0.685
9,15,1,0.699
9,15,1,0.768
9,15,1,0.85
7,15,2,0.018
7,15,2,0.1
7,15,2,0.278
7,15,2,0.416
7,15,2,0.494
7,15,2,0.543
7,15,2,0.611
7,15,2,0.797
7,16,1,0.035
7,16,1,0.059
7,16,1,0.2
7,16,1,0.222
7,16,1,0.227
7,16,1,0.446
7,16,1,0.449
7,16,1,0.628
7,16,1,0.746
7,16,1,0.934
7,16,1,0.997
7,17,2,0.115
7,17,2,0.208
7,17,2,0.656
7,17,2,0.66
7,17,2,0.663
7,17,2,0.798
7,17,2,0.852
7,17,2,0.918
7,17,2,0.92
1,18,1,0.112
1,18,1,0.481
1,18,1,0.933
1,18,1,0.964
8,18,2,0.183
8,18,2,0.214
8,18,2,0.301
8,18,2,0.484
8,18,2,0.572
8,18,2,0.974
3,19,1,0.081
3,19,1,0.192
3,19,1,0.232
3,19,1,0.47
3,19,1,0.489
3,19,1,0.531
3,19,1,0.684
3,19,1,0.7
7,19,2,0.469
7,19,2,0.493
3,20,1,0.058
3,20,1,0.092
3,20,1,0.342
3,20,1,0.402
3,20,1,0.448
3,20,1,0.534
3,20,1,0.602
3,20,1,0.639
3,20,1,0.767
3,20,1,0.924
3,20,1,0.943
5,20,2,0.017
5,20,2,0.174
5,20,2,0.193
5,20,2,0.296
5,20,2,0.299
5,20,2,0.309
5,20,2,0.338
5,20,2,0.51
5,20,2,0.728
7,21,1,0.115
7,21,1,0.232
7,21,1,0.494
7,21,1,0.567
7,21,1,0.569
7,21,1,0.682
4,22,1,0.098
4,22,1,0.272
4,22,1,0.36
4,22,1,0.438
4,22,1,0.749
4,22,1,0.808
7,22,2,0.058
7,22,2,0.289
7,22,2,0.302
7,22,2,0.551
7,22,2,0.555
7,22,2,0.766
7,22,2,0.775
7,22,2,0.805
7,22,2,0.834
7,22,2,0.852
5,23,1,0.097
5,23,1,0.228
5,23,1,0.36
5,23,1,0.53
5,23,1,0.785
5,23,1,0.991
2,23,2,0.035
2,23,2,0.241
2,23,2,0.323
2,23,2,0.342
2,23,2,0.399
2,23,2,0.547
2,23,2,0.757
2,23,2,0.884
6,25,1,0.15
6,25,1,0.308
6,25,1,0.466
6,25,1,0.541
6,25,1,0.886
9,25,2,0.136
9,25,2,0.49
9,25,2,0.811
7,26,1,0.202
7,26,1,0.296
7,26,1,0.422
7,26,1,0.651
7,26,1,0.674
7,26,1,0.879
7,26,1,0.935
7,26,1,0.937
7,26,1,0.985
3,26,2,0.129
3,26,2,0.185
3,26,2,0.187
3,26,2,0.235
3,26,2,0.514
3,26,2,0.883
2,27,1,0.171
2,27,1,0.22
2,27,1,0.432
2,27,1,0.879
2,27,1,0.976
6,27,2,0.129
6,27,2,0.226
6,27,2,0.444
6,27,2,0.607
6,27,2,0.647
6,27,2,0.789
9,28,2,0.015
9,28,2,0.045
9,28,2,0.271
9,28,2,0.328
9,28,2,0.338
9,28,2,0.369
9,28,2,0.389
9,28,2,0.503
9,28,2,0.51
9,28,2,0.571
9,28,2,0.801
9,28,2,0.887
6,29,2,0.307
6,29,2,0.459
6,29,2,0.588
6,29,2,0.631
6,29,2,0.747
6,29,2,0.824
6,29,2,0.904
6,30,1,0.311
6,30,1,0.355
6,30,1,0.376
6,30,1,0.434
6,30,1,0.622
6,30,1,0.946
6,30,1,0.992
3,30,2,0.196
3,30,2,0.242
3,30,2,0.53
3,30,2,0.545
3,30,2,0.985
9,31,1,0.08
9,31,1,0.19
9,31,1,0.638
9,31,1,0.648
9,31,1,0.714
9,31,1,0.716
4,32,1,0.284
4,32,1,0.362
4,32,1,0.491
4,32,1,0.545
5,32,2,0.626
5,32,2,0.839
5,32,2,0.99
5,33,1,0.023
5,33,1,0.733
5,33,1,0.787
5,33,1,0.838
5,33,1,0.924
1,33,2,0.037
1,33,2,0.088
1,33,2,0.174
1,33,2,0.327
1,33,2,0.344
1,33,2,0.347
1,33,2,0.466
1,33,2,0.509
1,33,2,0.878
2,34,2,0.05
2,34,2,0.316
2,34,2,0.464
2,34,2,0.465
2,34,2,0.512
2,34,2,0.528
2,34,2,0.794
2,34,2,0.834
7,35,1,0.522
7,35,1,0.639
7,35,1,0.705
3,35,2,0.713
6,36,1,0.04
6,36,1,0.299
6,36,1,0.468
6,36,1,0.508
6,36,1,0.638
6,36,1,0.919
3,36,2,0.169
3,36,2,0.287
3,36,2,0.721
3,36,2,0.759
3,36,2,0.994
3,37,2,0.649
3,37,2,0.933
2,38,1,0.004
2,38,1,0.064
2,38,1,0.117
2,38,1,0.216
2,38,1,0.287
2,38,1,0.317
2,38,1,0.359
2,38,1,0.598
2,38,1,0.64
2,38,1,0.642
2,38,1,0.704
2,38,1,0.924
2,38,1,0.957
4,38,2,0.174
4,38,2,0.207
4,38,2,0.55
4,38,2,0.563
4,38,2,0.628
4,38,2,0.726
4,38,2,0.814
4,38,2,0.98
3,39,1,0.153
3,39,1,0.321
3,39,1,0.638
3,39,1,0.689
3,39,1,0.828
3,39,1,0.927
5,40,1,0.213
5,40,1,0.238
5,40,1,0.655
5,40,1,0.834
5,40,1,0.861
5,40,1,0.933
8,40,2,0.084
8,40,2,0.111
8,40,2,0.183
8,40,2,0.254
8,40,2,0.302
8,40,2,0.371
8,40,2,0.472
8,40,2,0.607
8,40,2,0.786
8,40,2,0.945
9,41,2,0.006
9,41,2,0.015
9,41,2,0.017
9,41,2,0.103
9,41,2,0.188
9,41,2,0.214
9,41,2,0.235
9,41,2,0.241
9,41,2,0.271
9,41,2,0.46
9,41,2,0.505
9,41,2,0.584
9,41,2,0.684
8,42,1,0.246
8,42,1,0.488
8,42,1,0.814
9,42,2,0.064
9,42,2,0.415
9,42,2,0.492
9,42,2,0.853
9,42,2,0.87
6,43,1,0.037
6,43,1,0.206
6,43,1,0.383
6,43,1,0.418
6,43,1,0.446
6,43,1,0.499
6,43,1,0.546
6,43,1,0.589
6,43,1,0.674
6,43,1,0.68
6,43,1,0.806
6,43,1,0.824
5,43,2,0.056
5,43,2,0.074
5,43,2,0.479
5,43,2,0.618
3,44,1,0.331
3,44,1,0.888
3,44,1,0.931
2,44,2,0.138
2,44,2,0.181
2,44,2,0.52
2,44,2,0.588
2,44,2,0.655
2,44,2,0.69
2,44,2,0.725
2,44,2,0.787
2,44,2,0.912
8,45,1,0.049
8,45,1,0.11
8,45,1,0.225
8,45,1,0.277
8,45,1,0.357
8,45,1,0.442
8,45,1,0.801
8,45,1,0.912
2,46,1,0.057
2,46,1,0.174
2,46,1,0.192
2,46,1,0.363
2,46,1,0.411
2,46,1,0.461
2,46,1,0.557
2,46,1,0.595
2,46,1,0.702
2,46,1,0.932
2,46,1,0.946
2,46,1,0.985
3,46,2,0.182
3,46,2,0.196
3,46,2,0.235
3,46,2,0.47
3,46,2,0.737
3,46,2,0.89
3,46,2,0.892
3,46,2,0.991
2,47,1,0.291
2,47,1,0.331
2,47,1,0.413
2,47,1,0.422
2,47,1,0.437
2,47,1,0.626
2,47,1,0.955
5,47,2,0.205
5,47,2,0.311
5,47,2,0.315
5,47,2,0.43
5,47,2,0.459
5,47,2,0.577
5,47,2,0.697
5,47,2,0.725
5,47,2,0.811
5,47,2,0.814
5,47,2,0.991
2,48,1,0.041
2,48,1,0.061
2,48,1,0.125
2,48,1,0.492
2,48,1,0.58
1,48,2,0.536
1,48,2,0.608
1,48,2,0.68
1,48,2,0.856
1,48,2,0.886
5,49,1,0.036
5,49,1,0.183
5,49,1,0.292
5,49,1,0.339
5,49,1,0.444
5,49,1,0.472
5,49,1,0.628
5,49,1,0.637
5,49,1,0.918
2,49,2,0.168
2,49,2,0.295
2,49,2,0.33
2,49,2,0.358
2,49,2,0.407
2,49,2,0.476
2,49,2,0.571
2,49,2,0.578
2,49,2,0.69
2,49,2,0.764
2,50,1,0.186
2,50,1,0.212
2,50,1,0.325
2,50,1,0.5
2,50,1,0.511
2,50,1,0.616
2,50,1,0.623
2,50,1,0.651
2,50,1,0.793
2,50,1,0.853
2,50,1,0.925
7,51,1,0.42
7,51,1,0.589
7,51,1,0.605
7,51,1,0.762
7,51,1,0.796
7,51,1,0.815
7,51,1,0.829
7,51,1,0.872
7,51,1,0.925
7,51,1,0.934
7,51,2,0.012
7,51,2,0.046
7,51,2,0.065
7,51,2,0.079
7,51,2,0.122
7,51,2,0.175
7,51,2,0.184
7,51,2,0.515
7,51,2,0.67
7,51,2,0.699
7,51,2,0.729
7,51,2,0.733
7,51,2,0.773
4,52,2,0.523
4,52,2,0.529
4,52,2,0.785
8,53,1,0.012
8,53,1,0.019
8,53,1,0.027
8,53,1,0.244
8,53,1,0.365
8,53,1,0.408
8,53,1,0.454
8,53,1,0.473
8,53,1,0.591
8,53,1,0.821
8,53,1,0.952
4,53,2,0.071
4,53,2,0.202
4,53,2,0.267
4,53,2,0.398
4,53,2,0.661
4,53,2,0.681
4,53,2,0.72
4,53,2,0.83
4,53,2,0.871
4,53,2,0.904
7,54,1,0.105
7,54,1,0.218
7,54,1,0.332
7,54,1,0.439
7,54,1,0.99
6,54,2,0.24
6,54,2,0.338
6,54,2,0.362
6,54,2,0.408
6,54,2,0.657
6,54,2,0.756
6,54,2,0.944
8,55,1,0.159
8,55,1,0.177
8,55,1,0.362
7,55,2,0.363
7,55,2,0.372
7,55,2,0.531
7,55,2,0.67
9,56,1,0.044
9,56,1,0.081
9,56,1,0.093
9,56,1,0.247
9,56,1,0.341
9,56,1,0.377
9,56,1,0.396
9,56,1,0.68
9,56,1,0.977
1,56,2,0.227
1,56,2,0.253
1,56,2,0.258
1,56,2,0.624
1,56,2,0.709
1,56,2,0.966
8,57,1,0.025
8,57,1,0.055
8,57,1,0.295
8,57,1,0.703
8,57,1,0.779
8,57,1,0.793
6,58,1,0.117
6,58,1,0.467
6,58,1,0.509
6,58,1,0.524
6,58,1,0.564
6,58,1,0.603
6,58,1,0.683
6,58,1,0.735
6,58,1,0.837
6,58,2,0.087
6,58,2,0.322
6,58,2,0.333
6,58,2,0.535
6,58,2,0.538
6,58,2,0.555
6,58,2,0.642
6,58,2,0.836
4,59,1,0.004
4,59,1,0.059
4,59,1,0.165
4,59,1,0.312
4,59,1,0.468
4,59,1,0.479
4,59,1,0.518
4,59,1,0.764
4,59,1,0.946
4,59,1,0.956
1,60,1,0.097
1,60,1,0.458
1,60,1,0.566
1,60,1,0.638
1,60,1,0.653
1,60,2,0.278
1,60,2,0.417
1,60,2,0.788
1,60,2,0.868
1,60,2,0.944
2,61,1,0.04
2,61,1,0.121
2,61,1,0.35
2,61,1,0.475
2,61,1,0.658
2,61,1,0.787
2,61,1,0.859
4,61,2,0.037
4,61,2,0.109
4,61,2,0.555
1,62,1,0.079
1,62,1,0.093
1,62,1,0.1
1,62,1,0.135
1,62,1,0.146
1,62,1,0.174
1,62,1,0.288
1,62,1,0.734
1,62,1,0.885
2,62,2,0.135
2,62,2,0.325
2,62,2,0.423
7,63,1,0.107
7,63,1,0.119
7,63,1,0.239
7,63,1,0.42
7,63,1,0.543
7,63,2,0.324
7,63,2,0.49
7,63,2,0.644
7,63,2,0.944
8,64,1,0.101
8,64,1,0.105
8,64,1,0.596
8,64,1,0.606
8,64,1,0.754
8,64,2,0.004
8,64,2,0.454
8,64,2,0.628
8,64,2,0.733
4,65,2,0.029
4,65,2,0.167
4,65,2,0.189
4,65,2,0.548
4,65,2,0.633
4,65,2,0.651
4,65,2,0.848
4,65,2,0.877
4,65,2,0.928
9,66,1,0.155
9,66,1,0.226
9,66,1,0.244
9,66,1,0.299
9,66,1,0.324
9,66,1,0.603
9,66,1,0.718
9,66,1,0.735
9,66,1,0.784
9,66,1,0.798
9,66,2,0.034
9,66,2,0.048
9,66,2,0.346
9,66,2,0.405
9,66,2,0.539
9,66,2,0.701
9,66,2,0.798
7,67,1,0.101
7,67,1,0.322
7,67,1,0.324
7,67,1,0.446
7,67,1,0.539
7,67,1,0.731
7,67,1,0.781
7,67,1,0.969
1,67,2,0.031
1,67,2,0.219
1,67,2,0.491
1,67,2,0.498
1,67,2,0.545
1,67,2,0.764
3,68,2,0.017
3,68,2,0.038
3,68,2,0.044
3,68,2,0.365
3,68,2,0.616
3,68,2,0.687
3,68,2,0.69
3,68,2,0.747
3,68,2,0.828
3,68,2,0.988
5,69,1,0.337
5,69,1,0.4
5,69,1,0.558
5,69,1,0.743
1,70,2,0.016
1,70,2,0.043
1,70,2,0.265
1,70,2,0.363
1,70,2,0.424
1,70,2,0.439
1,70,2,0.732
1,70,2,0.804
1,70,2,0.906
1,70,2,0.955
1,70,2,0.986
6,71,2,0.118
6,71,2,0.247
6,71,2,0.525
6,71,2,0.588
6,71,2,0.592
6,71,2,0.753
6,71,2,0.983
3,72,1,0.153
3,72,1,0.403
3,72,1,0.604
3,72,1,0.669
3,72,1,0.674
3,72,1,0.764
3,72,1,0.829
3,72,1,0.841
3,72,1,0.98
1,72,2,0.014
1,72,2,0.079
1,72,2,0.091
1,72,2,0.23
1,72,2,0.321
1,72,2,0.36
1,72,2,0.598
1,72,2,0.603
1,72,2,0.951
8,74,1,0.033
8,74,1,0.313
8,74,1,0.504
8,74,1,0.764
8,74,1,0.906
8,74,1,0.915
4,75,1,0.251
4,75,1,0.296
4,75,1,0.575
4,75,1,0.577
4,75,1,0.588
4,75,1,0.811
9,75,2,0.061
9,75,2,0.812
9,75,2,0.846
6,76,1,0.126
6,76,1,0.371
6,76,1,0.516
6,76,1,0.528
6,76,1,0.766
6,76,1,0.85
6,76,1,0.886
7,76,2,0.016
7,76,2,0.1
7,76,2,0.136
7,76,2,0.396
7,76,2,0.472
7,76,2,0.481
7,76,2,0.74
7,76,2,0.994
5,77,2,0.134
5,77,2,0.162
5,77,2,0.167
5,77,2,0.39
5,77,2,0.425
5,77,2,0.453
5,77,2,0.872
5,77,2,0.875
5,77,2,0.941
5,77,2,0.954
8,78,1,0.033
8,78,1,0.102
8,78,1,0.125
8,78,1,0.282
8,78,1,0.805
8,78,1,0.938
5,78,2,0.038
5,78,2,0.171
5,78,2,0.424
5,78,2,0.527
5,78,2,0.597
5,78,2,0.728
5,78,2,0.75
5,78,2,0.805
5,78,2,0.966
1,79,1,0.132
1,79,1,0.311
1,79,1,0.674
6,79,2,0.352
6,79,2,0.545
6,79,2,0.622
6,79,2,0.648
6,79,2,0.769
6,79,2,0.9
3,80,1,0.074
3,80,1,0.387
3,80,1,0.682
3,80,1,0.689
3,80,1,0.846
3,80,1,0.907
8,80,2,0.096
8,80,2,0.157
8,80,2,0.344
8,80,2,0.346
8,80,2,0.393
8,80,2,0.455
8,80,2,0.707
8,80,2,0.955
3,81,1,0.052
3,81,1,0.074
3,81,1,0.2
3,81,1,0.21
3,81,1,0.42
3,81,1,0.888
4,81,2,0.138
4,81,2,0.345
4,81,2,0.532
4,81,2,0.942
4,81,2,0.955
2,82,2,0.125
2,82,2,0.199
2,82,2,0.402
2,82,2,0.575
2,82,2,0.729
2,82,2,0.738
2,82,2,0.778
2,82,2,0.843
4,83,1,0.013
4,83,1,0.044
4,83,1,0.31
4,83,1,0.603
4,83,1,0.698
4,83,1,0.725
7,83,2,0.378
7,83,2,0.618
7,83,2,0.708
7,83,2,0.795
7,83,2,0.973
4,84,1,0.043
4,84,1,0.1
4,84,1,0.174
4,84,1,0.18
4,84,1,0.189
4,84,1,0.207
4,84,1,0.443
4,84,1,0.519
4,84,1,0.647
4,84,1,0.708
4,84,1,0.73
4,84,1,0.79
4,84,1,0.849
2,84,2,0.04
2,84,2,0.099
2,84,2,0.318
2,84,2,0.386
2,84,2,0.472
3,85,1,0.037
3,85,1,0.124
3,85,1,0.471
3,85,1,0.516
3,85,1,0.58
3,85,1,0.658
3,85,1,0.811
3,85,1,0.861
3,85,1,0.878
3,85,1,0.896
3,85,1,0.902
4,85,2,0.061
4,85,2,0.111
4,85,2,0.128
4,85,2,0.146
4,85,2,0.152
4,85,2,0.337
4,85,2,0.437
4,85,2,0.483
4,85,2,0.488
4,85,2,0.509
4,85,2,0.605
4,85,2,0.812
4,85,2,0.9
4,86,1,0.156
4,86,1,0.33
4,86,1,0.409
4,86,1,0.652
4,86,1,0.804
8,86,2,0.054
8,86,2,0.261
8,86,2,0.307
8,86,2,0.371
8,86,2,0.43
8,86,2,0.862
8,86,2,0.876
8,86,2,0.939
9,87,1,0.021
9,87,1,0.148
9,87,1,0.177
9,87,1,0.535
9,87,1,0.759
9,87,1,0.779
4,87,2,0.009
4,87,2,0.029
4,87,2,0.315
4,87,2,0.383
4,87,2,0.542
4,87,2,0.549
4,87,2,0.656
4,87,2,0.813
4,87,2,0.982
7,88,1,0.008
7,88,1,0.511
7,88,1,0.53
7,88,1,0.58
7,88,1,0.729
7,88,1,0.794
7,88,2,0.044
7,88,2,0.374
7,88,2,0.382
7,88,2,0.455
7,88,2,0.464
7,88,2,0.5
7,88,2,0.648
7,88,2,0.815
6,89,1,0.059
6,89,1,0.271
6,89,1,0.34
6,89,1,0.517
6,89,1,0.578
6,89,1,0.611
6,89,1,0.838
6,89,1,0.959
9,89,2,0.088
9,89,2,0.209
9,89,2,0.633
5,90,1,0.189
5,90,1,0.248
5,90,1,0.322
5,90,1,0.619
5,90,1,0.915
1,90,2,0.165
1,90,2,0.251
1,90,2,0.277
1,90,2,0.496
1,90,2,0.725
1,90,2,0.852
1,90,2,0.993
1,91,1,0.117
1,91,1,0.203
1,91,1,0.469
1,91,1,0.546
1,91,1,0.619
1,91,1,0.756
8,91,2,0.006
8,91,2,0.305
8,91,2,0.416
8,91,2,0.431
8,91,2,0.573
8,91,2,0.802
2,92,1,0.144
2,92,1,0.477
2,92,1,0.73
2,92,1,0.959
7,93,1,0.325
7,93,1,0.373
7,93,1,0.503
7,93,1,0.679
7,93,1,0.797
6,94,1,0.001
6,94,1,0.023
6,94,1,0.184
6,94,1,0.199
6,94,1,0.228
6,94,1,0.296
6,94,1,0.437
6,94,1,0.787
6,94,1,0.879
6,94,1,0.927
6,94,1,0.944
6,94,1,0.975
3,94,2,0.037
3,94,2,0.129
3,94,2,0.177
3,94,2,0.194
3,94,2,0.225
3,94,2,0.289
3,94,2,0.302
3,94,2,0.502
3,94,2,0.641
3,94,2,0.645
3,94,2,0.66
3,94,2,0.74
3,94,2,0.901
3,94,2,0.982
1,95,1,0.224
1,95,1,0.476
1,95,1,0.781
1,95,1,0.796
5,95,2,0.031
5,95,2,0.046
5,95,2,0.506
5,95,2,0.528
5,95,2,0.835
9,96,1,0.253
9,96,1,0.667
9,96,1,0.682
9,96,1,0.763
9,96,1,0.789
9,96,1,0.829
2,96,2,0.03
2,96,2,0.056
2,96,2,0.096
2,96,2,0.437
2,96,2,0.556
2,96,2,0.586
3,97,1,0.17
3,97,1,0.384
3,97,1,0.456
3,97,1,0.499
3,97,1,0.534
3,97,1,0.565
3,97,1,0.62
3,97,1,0.843
3,97,1,0.877
3,97,1,0.91
3,97,1,0.96
4,97,2,0.093
4,97,2,0.127
4,97,2,0.16
4,97,2,0.21
4,97,2,0.582
4,97,2,0.805
4,97,2,0.93
9,98,1,0.208
9,98,1,0.534
9,98,1,0.55
9,98,1,0.679
9,98,1,0.753
9,98,1,0.832
9,98,1,0.873
5,98,2,0.003
5,98,2,0.082
5,98,2,0.123
5,98,2,0.264
5,98,2,0.33
5,98,2,0.449
5,98,2,0.511
5,98,2,0.518
5,98,2,0.663
5,98,2,0.73
5,98,2,0.745
5,98,2,0.876
5,98,2,0.927
5,98,2,0.964
5,98,2,0.969
6,99,1,0.219
6,99,1,0.35
6,99,1,0.506
6,99,1,0.568
8,99,2,0.301
8,99,2,0.355
8,99,2,0.553
8,99,2,0.602
8,99,2,0.674
8,99,2,0.715
8,99,2,0.855
8,99,2,0.953
8,99,2,0.958
8,100,2,0.28
8,100,2,0.638
8,100,2,0.731
9,101,1,0.017
9,101,1,0.169
9,101,1,0.172
9,101,1,0.718
9,101,1,0.732
9,101,1,0.777
9,101,1,0.783
9,101,1,0.989
6,101,2,0.027
6,101,2,0.033
6,101,2,0.239
6,101,2,0.256
6,101,2,0.878
6,101,2,0.949
6,101,2,0.969
6,102,1,0.07
6,102,1,0.104
6,102,1,0.447
6,102,1,0.776
6,102,1,0.815
6,102,1,0.844
6,102,1,0.967
6,102,2,0.026
6,102,2,0.065
6,102,2,0.094
6,102,2,0.217
6,102,2,0.345
6,102,2,0.521
6,102,2,0.567
6,102,2,0.606
6,102,2,0.693
6,102,2,0.799
9,103,1,0.068
9,103,1,0.115
9,103,1,0.12
9,103,1,0.456
9,103,1,0.508
9,103,1,0.58
9,103,1,0.854
9,103,1,0.911
5,103,2,0.104
5,103,2,0.161
5,103,2,0.25
5,103,2,0.324
5,103,2,0.371
5,103,2,0.4
5,103,2,0.435
5,103,2,0.597
5,103,2,0.752
5,103,2,0.833
5,103,2,0.859
5,103,2,0.886
4,104,1,0.095
4,104,1,0.271
4,104,1,0.367
4,104,1,0.435
4,104,1,0.536
4,104,1,0.868
8,104,2,0.118
8,104,2,0.584
8,104,2,0.77
8,104,2,0.982
9,105,1,0.112
9,105,1,0.149
9,105,1,0.252
9,105,1,0.452
9,105,1,0.538
9,105,1,0.562
9,105,1,0.603
9,105,1,0.652
9,105,1,0.698
9,105,1,0.769
9,105,1,0.856
7,105,2,0.019
7,105,2,0.106
7,105,2,0.375
7,105,2,0.604
7,105,2,0.696
7,105,2,0.759
7,105,2,0.812
3,106,1,0.064
3,106,1,0.241
3,106,1,0.383
3,106,1,0.551
1,106,2,0.316
1,106,2,0.838
1,106,2,0.889
1,106,2,0.931
1,106,2,0.994
6,107,1,0.098
6,107,1,0.122
6,107,1,0.19
6,107,1,0.197
6,107,1,0.443
6,107,1,0.812
6,107,2,0.062
6,107,2,0.27
6,107,2,0.391
6,107,2,0.932
3,108,1,0.406
3,108,1,0.552
3,108,1,0.69
3,108,1,0.693
3,108,1,0.706
3,108,1,0.85
5,108,2,0.116
5,108,2,0.358
5,108,2,0.593
5,108,2,0.603
2,109,1,0.091
2,109,1,0.281
8,109,2,0.304
8,109,2,0.462
8,109,2,0.909
7,110,1,0.05
7,110,1,0.153
7,110,1,0.271
7,110,1,0.403
7,110,1,0.779
7,110,1,0.936
1,110,2,0.029
1,110,2,0.186
1,110,2,0.342
1,110,2,0.394
1,110,2,0.609
1,110,2,0.663
1,110,2,0.937
5,111,1,0.001
5,111,1,0.066
5,111,1,0.309
5,111,1,0.438
5,111,1,0.68
5,111,1,0.71
5,111,1,0.841
5,111,1,0.953
6,111,2,0.091
6,111,2,0.203
6,111,2,0.415
6,111,2,0.445
1,112,1,0.066
1,112,1,0.132
1,112,1,0.536
1,112,1,0.619
1,112,1,0.745
1,112,1,0.973
2,112,2,0.223
2,112,2,0.44
2,112,2,0.562
2,112,2,0.691
2,112,2,0.833
2,113,1,0.089
2,113,1,0.467
2,113,1,0.496
2,113,1,0.599
2,113,1,0.615
2,113,1,0.744
2,113,1,0.793
2,113,1,0.927
3,113,2,0.043
3,113,2,0.177
3,113,2,0.318
3,113,2,0.663
4,114,1,0.114
4,114,1,0.128
4,114,1,0.181
4,114,1,0.589
4,114,1,0.71
4,114,1,0.726
4,114,2,0.561
4,114,2,0.608
4,114,2,0.782
7,115,1,0.005
7,115,1,0.06
7,115,1,0.149
7,115,1,0.496
7,115,1,0.528
7,115,1,0.734
7,115,1,0.741
7,115,1,0.771
3,116,1,0.163
3,116,1,0.275
3,116,1,0.645
3,116,1,0.782
3,116,1,0.823
3,116,1,0.89
5,116,2,0.032
5,116,2,0.073
5,116,2,0.14
5,116,2,0.272
5,116,2,0.397
5,116,2,0.428
5,116,2,0.477
5,116,2,0.581
5,116,2,0.864
5,117,1,0.326
5,117,1,0.338
5,117,1,0.384
5,117,1,0.571
5,117,1,0.618
5,117,1,0.658
5,117,1,0.829
5,117,1,0.885
5,117,1,0.992
8,117,2,0.062
8,117,2,0.118
8,117,2,0.225
8,117,2,0.297
8,117,2,0.425
8,117,2,0.51
8,117,2,0.533
8,117,2,0.759
8,117,2,0.774
3,118,1,0.069
3,118,1,0.147
3,118,1,0.157
3,118,1,0.474
3,118,1,0.51
3,118,1,0.624
3,118,1,0.892
7,119,1,0.119
7,119,1,0.814
7,119,1,0.941
9,119,2,0.064
9,119,2,0.191
9,119,2,0.273
9,119,2,0.493
9,119,2,0.763
9,119,2,0.77
9,119,2,0.847
3,120,1,0.103
3,120,1,0.373
3,120,1,0.54
3,120,1,0.597
3,120,1,0.774
3,120,1,0.819
3,120,1,0.828
3,120,1,0.943
3,120,1,0.991
3,120,2,0.024
3,120,2,0.069
3,120,2,0.078
3,120,2,0.193
3,120,2,0.241
3,120,2,0.358
3,120,2,0.38
3,120,2,0.414
3,120,2,0.809
3,120,2,0.83
3,121,1,0.23
3,121,1,0.344
3,121,1,0.491
3,121,1,0.58
3,121,1,0.648
3,121,1,0.669
3,121,1,0.804
3,121,1,0.845
3,121,1,0.899
3,121,1,0.974
9,121,2,0.054
9,121,2,0.095
9,121,2,0.149
9,121,2,0.224
9,121,2,0.293
9,121,2,0.397
9,121,2,0.466
9,121,2,0.53
9,121,2,0.744
9,121,2,0.757
7,122,1,0.031
7,122,1,0.521
7,122,1,0.523
7,122,1,0.559
7,122,2,0.422
7,122,2,0.431
7,122,2,0.713
7,123,1,0.384
7,123,1,0.456
7,123,1,0.623
7,123,1,0.977
1,124,1,0.063
1,124,1,0.129
1,124,1,0.561
1,124,1,0.829
1,124,1,0.987
9,124,2,0.079
9,124,2,0.237
9,124,2,0.298
9,124,2,0.477
9,124,2,0.712
9,124,2,0.734
9,124,2,0.856
9,124,2,0.969
1,125,1,0.019
1,125,1,0.167
1,125,1,0.292
1,125,1,0.777
1,125,1,0.911
1,126,1,0.172
1,126,1,0.308
1,126,1,0.393
1,126,1,0.55
1,126,1,0.617
1,126,1,0.67
1,126,1,0.814
7,126,2,0.064
7,126,2,0.397
7,126,2,0.827
7,126,2,0.956
5,127,1,0.323
5,127,1,0.347
5,127,1,0.622
5,127,1,0.67
1,127,2,0.267
1,127,2,0.283
1,127,2,0.302
1,127,2,0.549
1,127,2,0.763
1,127,2,0.826
1,127,2,0.847
1,127,2,0.9
7,129,1,0.289
7,129,1,0.503
7,129,1,0.763
7,129,1,0.805
7,129,2,0.013
7,129,2,0.055
7,129,2,0.414
7,129,2,0.657
7,129,2,0.665
7,129,2,0.782
6,130,2,0.19
6,130,2,0.271
6,130,2,0.395
6,130,2,0.436
6,130,2,0.628
6,130,2,0.706
6,130,2,0.819
1,131,1,0.153
1,131,1,0.293
1,131,1,0.355
1,131,1,0.498
7,131,2,0.276
7,131,2,0.511
7,131,2,0.532
7,131,2,0.695
7,131,2,0.788
7,131,2,0.808
2,132,1,0.246
2,132,1,0.357
2,132,1,0.449
2,132,1,0.503
2,132,1,0.539
2,132,1,0.61
2,132,1,0.635
2,132,1,0.767
2,132,1,0.785
2,132,2,0.017
2,132,2,0.035
2,132,2,0.285
2,132,2,0.407
2,132,2,0.552
2,132,2,0.695
2,132,2,0.781
2,132,2,0.799
2,132,2,0.839
2,132,2,0.896
2,133,1,0.012
2,133,1,0.114
2,133,1,0.179
2,133,1,0.255
2,133,1,0.814
2,133,1,0.927
2,133,2,0.065
2,133,2,0.178
2,133,2,0.346
2,133,2,0.619
2,133,2,0.716
3,134,1,0.388
3,134,1,0.398
3,134,1,0.786
3,134,1,0.877
1,135,1,0.69
1,135,1,0.807
1,135,1,0.899
1,135,2,0.057
1,135,2,0.149
1,135,2,0.278
1,135,2,0.683
3,136,1,0.042
3,136,1,0.331
3,136,1,0.42
3,136,1,0.575
3,136,1,0.701
3,136,1,0.847
3,136,1,0.993
4,137,2,0.091
4,137,2,0.296
4,137,2,0.441
4,137,2,0.474
4,137,2,0.569
4,137,2,0.635
4,137,2,0.644
4,137,2,0.647
4,137,2,0.692
4,137,2,0.88
4,137,2,0.935
6,138,1,0.19
6,138,1,0.409
6,138,1,0.448
6,138,1,0.457
6,138,1,0.52
6,138,1,0.556
6,138,1,0.563
5,138,2,0.315
5,138,2,0.397
5,138,2,0.433
5,138,2,0.662
5,138,2,0.716
5,138,2,0.842
5,138,2,0.909
5,138,2,0.919
7,139,2,0.022
7,139,2,0.04
7,139,2,0.154
7,139,2,0.511
7,139,2,0.77
7,139,2,0.915
7,139,2,0.922
7,139,2,0.988
4,140,1,0.152
4,140,1,0.182
4,140,1,0.21
4,140,1,0.292
4,140,1,0.337
4,140,1,0.525
4,140,1,0.77
4,140,2,0.02
4,140,2,0.401
8,141,2,0.289
8,141,2,0.606
8,141,2,0.639
8,141,2,0.703
8,141,2,0.846
8,141,2,0.952
4,142,1,0.082
4,142,1,0.14
4,142,1,0.232
4,142,1,0.388
4,142,1,0.564
4,142,1,0.567
4,142,1,0.577
4,142,1,0.804
9,142,2,0.054
9,142,2,0.261
9,142,2,0.372
9,142,2,0.53
9,142,2,0.537
9,142,2,0.624
9,142,2,0.664
9,142,2,0.736
9,142,2,0.802
4,143,1,0.173
4,143,1,0.182
4,143,1,0.223
4,143,1,0.297
4,143,1,0.576
4,143,1,0.789
1,144,1,0.788
1,144,1,0.826
1,144,1,0.857
1,144,1,0.868
1,144,1,0.934
2,144,2,0.038
2,144,2,0.076
2,144,2,0.107
2,144,2,0.118
2,144,2,0.184
2,144,2,0.272
2,144,2,0.42
2,144,2,0.644
2,144,2,0.953
5,145,1,0.02
5,145,1,0.215
5,145,1,0.219
5,145,1,0.264
5,145,1,0.348
5,145,1,0.432
5,145,1,0.526
5,145,1,0.583
5,145,1,0.658
5,145,1,0.663
5,145,1,0.943
3,145,2,0.193
3,145,2,0.271
3,145,2,0.353
3,145,2,0.656
3,145,2,0.852
3,145,2,0.993
6,146,1,0.07
6,146,1,0.127
6,146,1,0.135
6,146,1,0.195
6,146,1,0.31
6,146,1,0.371
6,146,1,0.403
6,146,1,0.456
6,146,1,0.68
6,146,1,0.855
6,146,2,0.105
6,146,2,0.647
6,146,2,0.697
6,146,2,0.869
8,147,1,0.039
8,147,1,0.157
8,147,1,0.294
8,147,1,0.315
8,147,1,0.431
8,147,1,0.708
8,147,1,0.77
8,147,1,0.947
8,147,2,0.02
8,147,2,0.197
8,147,2,0.438
8,147,2,0.511
8,147,2,0.779
8,147,2,0.784
8,147,2,0.889
8,147,2,0.978
9,148,1,0.061
9,148,1,0.264
9,148,1,0.267
9,148,1,0.522
9,148,1,0.684
9,148,1,0.702
9,148,1,0.797
9,148,1,0.864
6,148,2,0.047
6,148,2,0.114
6,148,2,0.346
6,148,2,0.446
6,148,2,0.53
6,148,2,0.712
6,148,2,0.788
6,148,2,0.89
6,148,2,0.951
6,148,2,0.954
9,149,1,0.078
9,149,1,0.414
9,149,1,0.445
9,149,1,0.641
9,149,1,0.742
9,149,1,0.756
9,149,1,0.92
8,151,1,0.097
8,151,1,0.381
8,151,1,0.429
8,151,1,0.599
8,151,1,0.759
8,151,1,0.807
9,152,1,0.039
9,152,1,0.546
7,152,2,0.601
7,152,2,0.606
4,153,1,0.135
4,153,1,0.27
4,153,1,0.301
4,153,1,0.529
4,153,1,0.558
4,153,1,0.796
4,153,1,0.917
4,153,1,0.922
4,153,2,0.046
4,153,2,0.167
4,153,2,0.172
4,153,2,0.629
4,153,2,0.893
8,154,1,0.092
8,154,1,0.11
8,154,1,0.238
8,154,1,0.289
8,154,1,0.365
8,154,1,0.398
8,154,1,0.453
8,154,1,0.697
8,154,1,0.812
8,154,2,0.062
8,154,2,0.288
8,154,2,0.342
5,155,1,0.001
5,155,1,0.133
5,155,1,0.383
5,155,1,0.791
5,155,1,0.866
5,155,1,0.909
6,155,2,0.041
6,155,2,0.116
6,155,2,0.159
6,155,2,0.302
6,155,2,0.341
6,155,2,0.425
6,155,2,0.564
6,155,2,0.605
6,155,2,0.74
6,155,2,0.786
6,155,2,0.862
6,155,2,0.887
4,156,2,0.188
4,156,2,0.256
4,156,2,0.345
4,156,2,0.389
4,156,2,0.484
4,156,2,0.574
4,156,2,0.62
4,156,2,0.631
4,156,2,0.808
4,156,2,0.957
5,157,1,0.177
5,157,1,0.22
5,157,1,0.23
5,157,1,0.292
5,157,1,0.315
5,157,1,0.348
5,157,1,0.553
5,157,1,0.588
5,157,1,0.62
5,157,1,0.947
7,157,2,0.197
7,157,2,0.374
7,157,2,0.44
7,157,2,0.46
7,157,2,0.864
2,158,1,0.198
2,158,1,0.223
2,158,1,0.272
2,158,1,0.317
2,158,1,0.361
2,158,1,0.383
2,158,1,0.466
2,158,1,0.507
2,158,1,0.596
7,159,1,0.341
7,159,1,0.405
7,159,1,0.736
7,159,1,0.744
7,159,1,0.809
7,159,1,0.839
3,159,2,0.059
3,159,2,0.089
3,159,2,0.398
3,159,2,0.502
3,159,2,0.53
3,159,2,0.951
3,159,2,0.954
9,160,1,0.123
9,160,1,0.432
9,160,1,0.732
8,161,1,0.116
8,161,1,0.178
8,161,1,0.196
8,161,1,0.56
8,161,1,0.95
9,161,2,0.2
9,161,2,0.315
9,161,2,0.516
9,161,2,0.719
9,161,2,0.722
9,161,2,0.922
4,162,1,0.229
4,162,1,0.447
4,162,1,0.545
2,162,2,0.363
2,162,2,0.504
2,162,2,0.597
2,162,2,0.801
5,163,1,0.037
5,163,1,0.096
5,163,1,0.35
5,163,1,0.405
4,163,2,0.666
4,163,2,0.715
4,163,2,0.743
4,163,2,0.745
7,164,1,0.03
7,164,1,0.294
7,164,1,0.463
7,164,1,0.491
7,164,1,0.636
7,164,1,0.66
7,164,1,0.709
7,164,1,0.84
7,164,1,0.925
7,164,1,0.951
1,164,2,0.09
1,164,2,0.175
1,164,2,0.201
1,164,2,0.421
1,164,2,0.429
1,164,2,0.456
1,164,2,0.513
1,164,2,0.636
1,164,2,0.786
1,164,2,0.809
1,164,2,0.906
1,164,2,0.976
3,165,1,0.08
3,165,1,0.175
3,165,1,0.177
3,165,1,0.264
3,165,1,0.418
3,165,1,0.477
3,166,2,0.102
3,166,2,0.136
3,166,2,0.221
3,166,2,0.226
3,166,2,0.357
3,166,2,0.859
3,166,2,0.864
3,166,2,0.963
7,167,1,0.181
7,167,1,0.389
7,167,1,0.503
7,167,1,0.592
7,167,1,0.673
7,167,1,0.749
7,167,1,0.931
4,168,1,0.009
4,168,1,0.393
4,168,1,0.475
4,168,1,0.667
4,168,1,0.764
4,168,1,0.805
2,168,2,0.014
2,168,2,0.055
2,168,2,0.453
2,168,2,0.541
2,168,2,0.567
6,169,1,0.03
6,169,1,0.075
6,169,1,0.299
6,169,1,0.378
6,169,1,0.46
6,169,1,0.681
2,170,2,0.156
2,170,2,0.37
2,170,2,0.727
2,170,2,0.975
8,171,1,0.198
8,171,1,0.338
8,171,1,0.406
8,171,1,0.422
8,171,1,0.716
8,171,1,0.935
5,171,2,0.185
5,171,2,0.592
5,171,2,0.652
5,171,2,0.788
5,171,2,0.837
5,171,2,0.853
5,171,2,0.99
3,172,1,0.19
3,172,1,0.239
3,172,1,0.278
3,172,1,0.397
3,172,1,0.412
3,172,1,0.569
3,172,1,0.709
3,172,1,0.852
3,172,1,0.899
3,172,1,0.938
3,172,2,0.102
3,172,2,0.149
3,172,2,0.188
3,172,2,0.514
3,172,2,0.555
3,172,2,0.62
3,172,2,0.726
3,172,2,0.822
3,172,2,0.834
3,172,2,0.964
9,173,2,0.155
9,173,2,0.249
9,173,2,0.266
9,173,2,0.443
9,173,2,0.494
9,173,2,0.927
5,175,2,0.132
5,175,2,0.283
5,175,2,0.328
5,175,2,0.385
5,175,2,0.489
5,175,2,0.592
5,175,2,0.734
5,175,2,0.749
5,175,2,0.755
5,175,2,0.763
5,175,2,0.766
5,175,2,0.78
5,175,2,0.851
1,176,1,0.097
1,176,1,0.121
1,176,1,0.48
1,176,1,0.491
1,176,1,0.524
1,176,1,0.769
1,176,1,0.785
1,176,1,0.835
1,176,1,0.854
1,176,1,0.948
6,176,2,0.019
6,176,2,0.035
6,176,2,0.085
6,176,2,0.104
6,176,2,0.198
6,176,2,0.43
6,176,2,0.602
6,176,2,0.636
6,176,2,0.694
8,177,1,0.009
8,177,1,0.064
8,177,1,0.066
8,177,1,0.177
8,177,1,0.193
8,177,1,0.246
8,177,1,0.302
8,177,1,0.352
8,177,1,0.497
8,177,1,0.655
4,177,2,0.499
4,177,2,0.686
4,177,2,0.752
4,177,2,0.844
4,177,2,0.894
4,177,2,0.971
8,178,1,0.037
8,178,1,0.144
8,178,1,0.273
8,178,1,0.339
8,178,1,0.37
8,178,1,0.59
8,178,1,0.665
8,178,1,0.723
8,178,1,0.763
8,178,1,0.951
4,178,2,0.013
4,178,2,0.201
4,178,2,0.419
4,178,2,0.549
4,178,2,0.575
4,178,2,0.841
4,178,2,0.937
6,179,2,0.19
6,179,2,0.214
6,179,2,0.458
6,179,2,0.517
6,179,2,0.52
6,179,2,0.546
6,179,2,0.877
6,179,2,0.889
6,179,2,0.938
6,179,2,0.965
9,180,1,0.138
9,180,1,0.218
9,180,1,0.254
9,180,1,0.309
9,180,1,0.684
4,180,2,0.365
4,180,2,0.945
2,181,1,0.043
2,181,1,0.276
2,181,1,0.432
2,181,1,0.583
2,181,1,0.754
2,181,1,0.986
2,181,2,0.004
2,181,2,0.236
2,181,2,0.251
2,181,2,0.303
2,181,2,0.987
2,182,1,0.17
2,182,1,0.174
2,182,1,0.266
2,182,1,0.557
2,182,1,0.92
9,182,2,0.17
9,182,2,0.332
9,182,2,0.674
9,182,2,0.843
8,183,1,0.126
8,183,1,0.784
8,183,1,0.87
3,183,2,0.034
3,183,2,0.12
3,183,2,0.398
3,183,2,0.482
3,183,2,0.488
3,183,2,0.502
3,183,2,0.514
3,183,2,0.672
3,183,2,0.731
3,183,2,0.82
3,183,2,0.973
7,184,2,0.386
7,184,2,0.545
7,184,2,0.64
7,184,2,0.844
7,184,2,0.951
7,185,1,0.037
7,185,1,0.183
7,185,1,0.629
7,185,1,0.664
7,185,1,0.887
5,185,2,0.137
5,185,2,0.274
5,185,2,0.298
5,185,2,0.48
5,185,2,0.862
7,186,1,0.054
7,186,1,0.176
7,186,1,0.809
7,186,1,0.821
7,186,1,0.879
9,186,2,0.059
9,186,2,0.071
9,186,2,0.129
9,186,2,0.266
9,186,2,0.604
9,186,2,0.745
9,186,2,0.872
3,187,2,0.121
3,187,2,0.3
3,187,2,0.331
3,187,2,0.333
3,187,2,0.364
3,187,2,0.497
3,187,2,0.616
3,187,2,0.632
3,187,2,0.643
3,187,2,0.665
3,187,2,0.684
3,187,2,0.691
3,187,2,0.722
3,187,2,0.741
3,187,2,0.744
3,187,2,0.883
3,189,1,0.096
3,189,1,0.122
3,189,1,0.192
3,189,1,0.584
3,189,1,0.661
3,189,1,0.876
8,189,2,0.126
8,189,2,0.689
2,190,1,0.213
2,190,1,0.282
2,190,1,0.307
2,190,1,0.532
2,190,1,0.707
2,190,1,0.86
2,190,1,0.913
8,190,2,0.11
8,190,2,0.163
8,190,2,0.304
8,190,2,0.307
8,190,2,0.373
8,190,2,0.464
8,190,2,0.564
8,190,2,0.771
4,191,1,0.062
4,191,1,0.208
4,191,1,0.642
4,191,1,0.748
3,191,2,0.314
3,191,2,0.357
3,191,2,0.537
3,191,2,0.622
3,191,2,0.685
3,191,2,0.858
3,191,2,0.937
2,192,1,0.046
2,192,1,0.124
2,192,1,0.189
2,192,1,0.395
2,192,1,0.811
2,192,2,0.061
2,192,2,0.464
2,192,2,0.49
2,192,2,0.655
2,192,2,0.702
2,192,2,0.82
2,192,2,0.936
1,193,1,0.035
1,193,1,0.294
1,193,1,0.432
1,193,1,0.496
1,193,1,0.764
1,193,1,0.818
1,193,1,0.823
1,193,1,0.964
1,193,2,0.014
1,193,2,0.068
1,193,2,0.073
1,193,2,0.214
1,193,2,0.291
1,193,2,0.405
1,193,2,0.454
1,193,2,0.521
1,193,2,0.709
1,193,2,0.733
1,193,2,0.795
7,194,1,0.159
7,194,1,0.165
7,194,1,0.272
7,194,1,0.492
7,194,1,0.596
2,194,2,0.354
2,194,2,0.402
2,194,2,0.549
2,194,2,0.57
2,194,2,0.795
2,194,2,0.998
3,195,1,0.289
3,195,1,0.456
3,195,1,0.469
3,195,1,0.621
3,195,1,0.647
3,195,1,0.828
2,195,2,0.078
2,195,2,0.446
2,195,2,0.613
2,195,2,0.78
2,195,2,0.805
2,195,2,0.834
1,196,1,0.331
1,196,1,0.632
1,196,1,0.679
5,196,2,0.341
5,196,2,0.404
5,196,2,0.561
5,196,2,0.574
5,196,2,0.777
5,196,2,0.976
9,197,2,0.215
9,197,2,0.228
9,197,2,0.404
9,197,2,0.53
9,197,2,0.94
5,198,1,0.034
5,198,1,0.068
5,198,1,0.093
5,198,1,0.151
5,198,1,0.438
5,198,1,0.535
8,198,2,0.334
8,198,2,0.511
8,198,2,0.598
8,198,2,0.99
9,199,1,0.162
9,199,1,0.333
9,199,1,0.513
9,199,1,0.534
9,199,1,0.646
9,199,1,0.727
9,199,1,0.862
2,199,2,0.112
2,199,2,0.302
2,199,2,0.575
2,199,2,0.718
2,199,2,0.999
4,200,2,0.178
4,200,2,0.468
4,200,2,0.47
4,200,2,0.825
7,201,1,0.036
7,201,1,0.302
9,201,2,0.294
9,201,2,0.724
9,201,2,0.823
9,202,1,0.359
9,202,1,0.388
9,202,1,0.455
9,202,1,0.592
9,202,1,0.669
9,202,1,0.68
9,202,1,0.734
9,202,1,0.759
9,202,1,0.895
9,202,1,0.967
2,202,2,0.009
2,202,2,0.145
2,202,2,0.217
2,202,2,0.428
2,202,2,0.437
2,202,2,0.441
2,202,2,0.531
2,202,2,0.703
2,202,2,0.914
4,203,1,0.059
4,203,1,0.632
4,203,1,0.946
4,203,1,0.97
7,203,2,0.196
7,203,2,0.22
7,203,2,0.446
7,203,2,0.704
7,203,2,0.853
7,203,2,0.914
8,204,1,0.125
8,204,1,0.139
8,204,1,0.375
8,204,1,0.446
8,204,1,0.553
5,204,2,0.267
5,204,2,0.455
5,204,2,0.518
5,204,2,0.779
5,204,2,0.782
5,204,2,0.831
5,204,2,0.922
2,205,1,0.065
2,205,1,0.23
2,205,1,0.399
2,205,1,0.799
1,205,2,0.049
1,205,2,0.316
1,205,2,0.358
1,205,2,0.673
1,205,2,0.694
1,205,2,0.701
1,205,2,0.867
1,205,2,0.873
5,206,1,0.067
5,206,1,0.387
5,206,1,0.408
5,206,1,0.533
1,206,2,0.941
1,206,2,0.95
8,207,1,0.344
8,207,1,0.652
8,207,1,0.798
8,207,1,0.966
2,208,1,0.158
2,208,1,0.498
2,208,1,0.714
2,208,1,0.882
7,208,2,0.132
7,208,2,0.266
7,208,2,0.271
7,208,2,0.338
7,208,2,0.468
7,208,2,0.73
7,208,2,0.87
7,208,2,0.953
1,209,2,0.126
1,209,2,0.695
1,209,2,0.705
1,209,2,0.77
1,209,2,0.942
7,210,1,0.017
7,210,1,0.095
7,210,1,0.108
7,210,1,0.142
7,210,1,0.609
7,210,1,0.73
7,210,1,0.777
7,210,1,0.986
4,210,2,0.027
4,210,2,0.236
4,210,2,0.398
4,210,2,0.64
4,210,2,0.723
4,210,2,0.732
4,210,2,0.907
5,211,1,0.064
5,211,1,0.165
5,211,1,0.277
5,211,1,0.301
5,211,1,0.38
5,211,1,0.457
5,211,1,0.674
5,211,1,0.796
5,211,1,0.893
5,211,1,0.972
2,211,2,0.046
2,211,2,0.143
2,211,2,0.222
2,211,2,0.34
2,211,2,0.378
2,211,2,0.475
2,211,2,0.652
2,211,2,0.68
2,211,2,0.74
2,211,2,0.75
2,211,2,0.783
2,211,2,0.886
2,212,1,0.018
2,212,1,0.13
2,212,1,0.3
2,212,1,0.689
2,213,2,0.105
2,213,2,0.131
2,213,2,0.144
2,213,2,0.194
2,213,2,0.631
2,213,2,0.707
2,213,2,0.92
4,214,1,0.056
4,214,1,0.43
4,214,1,0.624
4,214,1,0.679
4,214,1,0.786
1,214,2,0.036
1,214,2,0.252
1,214,2,0.302
1,214,2,0.321
1,214,2,0.338
1,214,2,0.595
1,214,2,0.614
1,214,2,0.715
3,215,2,0.039
3,215,2,0.059
3,215,2,0.075
3,215,2,0.341
9,216,1,0.107
9,216,1,0.128
9,216,1,0.23
9,216,1,0.287
9,216,1,0.422
9,216,1,0.721
9,216,1,0.758
7,216,2,0.008
7,216,2,0.352
7,216,2,0.662
7,216,2,0.712
7,216,2,0.722
7,216,2,0.808
7,216,2,0.825
7,216,2,0.875
7,216,2,0.94
6,217,1,0.187
6,217,1,0.325
6,217,1,0.7
6,217,1,0.831
6,217,1,0.906
6,217,2,0.081
6,217,2,0.156
6,217,2,0.313
6,217,2,0.602
6,217,2,0.739
6,217,2,0.819
6,217,2,0.917
6,217,2,0.958
1,218,1,0.19
1,218,1,0.24
1,218,1,0.482
1,218,1,0.494
1,218,1,0.512
1,218,1,0.761
7,218,2,0.011
7,218,2,0.284
7,218,2,0.757
7,218,2,0.77
2,219,1,0.015
2,219,1,0.065
2,219,1,0.187
2,219,1,0.446
2,219,1,0.683
2,219,1,0.885
2,219,1,0.911
8,220,1,0.063
8,220,1,0.074
8,220,1,0.099
8,220,1,0.37
8,220,1,0.453
8,220,1,0.515
8,220,1,0.737
8,220,1,0.763
8,220,1,0.944
8,220,1,0.969
5,220,2,0.013
5,220,2,0.194
5,220,2,0.219
5,220,2,0.284
5,220,2,0.524
5,220,2,0.633
5,220,2,0.869
5,220,2,0.91
5,220,2,0.969
5,221,1,0.212
5,221,1,0.232
5,221,1,0.403
5,221,1,0.408
5,221,1,0.433
5,221,1,0.444
5,221,1,0.552
5,221,1,0.685
5,221,1,0.792
5,221,1,0.841
5,221,1,0.963
1,222,1,0.049
1,222,1,0.066
1,222,1,0.08
1,222,1,0.093
1,222,1,0.222
1,222,1,0.249
1,222,1,0.31
1,222,1,0.348
1,222,1,0.368
1,222,1,0.407
1,222,1,0.416
1,222,1,0.524
1,222,1,0.725
1,222,1,0.806
1,222,1,0.836
1,222,1,0.923
3,222,2,0.056
3,222,2,0.086
3,222,2,0.173
3,222,2,0.275
3,222,2,0.307
3,222,2,0.346
3,222,2,0.614
3,222,2,0.948
3,222,2,0.985
9,223,1,0.027
9,223,1,0.384
9,223,1,0.421
9,223,1,0.494
9,223,1,0.653
9,223,1,0.734
9,223,1,0.751
9,223,1,0.811
9,223,1,0.823
9,223,1,0.957
9,223,1,0.97
6,223,2,0.002
6,223,2,0.062
6,223,2,0.074
6,223,2,0.208
6,223,2,0.221
6,223,2,0.299
6,223,2,0.38
6,223,2,0.443
6,223,2,0.548
6,223,2,0.774
6,223,2,0.815
6,223,2,0.817
6,223,2,0.975
1,224,1,0.145
1,224,1,0.443
5,224,2,0.268
5,224,2,0.3
5,224,2,0.413
5,224,2,0.627
5,224,2,0.783
5,225,2,0.503
5,225,2,0.589
5,225,2,0.643
5,225,2,0.686
5,225,2,0.726
5,225,2,0.881
5,225,2,0.941
6,226,1,0.04
6,226,1,0.202
6,226,1,0.273
6,226,1,0.77
8,226,2,0.02
8,226,2,0.838
8,226,2,0.91
4,228,1,0.015
4,228,1,0.143
4,228,1,0.254
4,228,1,0.372
4,228,1,0.479
4,228,1,0.503
4,228,1,0.569
4,228,1,0.685
7,228,2,0.511
7,228,2,0.529
7,228,2,0.692
7,228,2,0.709
7,228,2,0.847
2,229,1,0.427
2,229,1,0.439
2,229,1,0.502
2,229,1,0.696
2,229,1,0.746
2,229,1,0.968
2,229,1,0.986
9,229,2,0.218
9,229,2,0.236
9,229,2,0.415
9,229,2,0.455
9,229,2,0.508
9,229,2,0.656
7,230,1,0.104
7,230,1,0.147
7,230,1,0.162
7,230,1,0.382
7,230,1,0.882
7,230,1,0.975
2,230,2,0.132
2,230,2,0.225
2,230,2,0.255
2,230,2,0.298
2,230,2,0.471
2,230,2,0.581
2,230,2,0.593
2,230,2,0.601
2,230,2,0.841
2,230,2,0.894
2,230,2,0.996
8,231,2,0.242
8,231,2,0.731
8,231,2,0.803
9,232,1,0.1
9,232,1,0.355
9,232,1,0.552
9,232,1,0.781
9,232,1,0.839
8,233,1,0.243
8,233,1,0.468
8,233,1,0.558
8,233,1,0.642
8,233,1,0.701
8,233,1,0.742
8,233,1,0.767
8,233,1,0.957
8,233,1,0.963
5,233,2,0.017
5,233,2,0.207
5,233,2,0.213
5,233,2,0.435
5,233,2,0.441
5,233,2,0.683
5,233,2,0.715
1,234,1,0.199
1,234,1,0.229
1,234,1,0.318
1,234,1,0.465
1,234,1,0.619
1,234,1,0.864
1,234,1,0.897
9,234,2,0.114
9,234,2,0.147
9,234,2,0.412
9,234,2,0.419
9,234,2,0.427
9,234,2,0.752
9,234,2,0.924
9,235,2,0.276
9,235,2,0.411
9,235,2,0.462
9,235,2,0.516
9,235,2,0.608
9,235,2,0.731
9,235,2,0.775
9,235,2,0.861
9,235,2,0.954
9,235,2,0.998
2,236,1,0.031
2,236,1,0.055
2,236,1,0.242
2,236,1,0.362
2,236,1,0.887
2,236,1,0.948
2,236,2,0.137
2,236,2,0.198
2,236,2,0.276
2,236,2,0.289
2,236,2,0.468
2,236,2,0.48
2,236,2,0.847
2,236,2,0.983
7,237,1,0.369
7,237,1,0.373
5,237,2,0.366
5,237,2,0.378
5,237,2,0.461
5,237,2,0.618
5,237,2,0.867
5,237,2,0.995
5,238,1,0.288
5,238,1,0.375
5,238,1,0.747
5,238,1,0.785
5,238,1,0.791
5,238,1,0.84
5,238,1,0.974
5,238,2,0.035
5,238,2,0.041
5,238,2,0.09
5,238,2,0.224
5,238,2,0.289
5,238,2,0.456
5,238,2,0.79
5,238,2,0.871
5,238,2,0.947
5,238,2,0.993
1,239,1,0.019
1,239,1,0.029
1,239,1,0.312
1,239,1,0.315
1,239,1,0.392
1,239,1,0.406
1,239,2,0.279
1,239,2,0.313
2,240,2,0.208
2,240,2,0.323
2,240,2,0.568
2,240,2,0.801
2,240,2,0.939
2,241,2,0.084
2,241,2,0.178
2,241,2,0.326
2,241,2,0.542
2,241,2,0.786
2,241,2,0.868
2,241,2,0.956
7,242,1,0.033
7,242,1,0.052
7,242,1,0.129
7,242,1,0.183
7,242,1,0.225
7,242,1,0.426
7,242,1,0.519
7,242,1,0.585
7,242,1,0.769
7,242,1,0.784
7,242,1,0.793
7,242,1,0.816
7,242,1,0.923
2,242,2,0.019
2,242,2,0.034
2,242,2,0.043
2,242,2,0.066
2,242,2,0.173
2,242,2,0.274
2,242,2,0.304
2,242,2,0.46
2,242,2,0.467
2,242,2,0.506
2,242,2,0.526
2,242,2,0.721
2,242,2,0.728
2,242,2,0.876
2,242,2,0.993
2,244,1,0.043
2,244,1,0.07
2,244,1,0.166
2,244,1,0.278
2,244,1,0.295
2,244,1,0.372
2,244,1,0.407
2,244,1,0.934
2,244,1,0.936
1,244,2,0.184
1,244,2,0.186
1,244,2,0.312
1,244,2,0.341
1,244,2,0.697
1,244,2,0.776
6,245,1,0.129
6,245,1,0.208
6,245,1,0.22
6,245,1,0.533
6,245,1,0.576
6,245,1,0.595
6,245,1,0.72
6,245,1,0.843
6,245,1,0.904
3,245,2,0.093
3,245,2,0.154
3,245,2,0.427
3,245,2,0.507
3,245,2,0.803
3,245,2,0.901
3,245,2,0.916
2,246,1,0.143
2,246,1,0.201
2,246,1,0.233
2,246,1,0.289
2,246,1,0.404
5,246,2,0.542
5,246,2,0.729
5,246,2,0.8
5,246,2,0.857
5,246,2,0.932
1,247,1,0.259
1,247,1,0.304
1,247,1,0.644
1,247,1,0.655
1,247,1,0.665
1,247,1,0.755
1,247,1,0.792
1,247,1,0.983
7,247,2,0.005
7,247,2,0.042
7,247,2,0.233
7,247,2,0.393
7,247,2,0.595
7,247,2,0.682
7,247,2,0.955
6,248,1,0.153
6,248,1,0.665
6,248,1,0.672
6,248,1,0.682
6,248,1,0.746
6,248,1,0.764
6,248,1,0.77
6,248,1,0.805
6,248,1,0.969
3,248,2,0.014
3,248,2,0.02
3,248,2,0.055
3,248,2,0.219
3,248,2,0.574
3,248,2,0.711
3,248,2,0.807
3,248,2,0.947
9,249,1,0.198
9,249,1,0.287
9,249,1,0.493
9,249,1,0.54
9,249,1,0.717
9,249,1,0.956
1,249,2,0.206
1,249,2,0.379
1,249,2,0.616
1,249,2,0.714
1,249,2,0.891
3,250,1,0.041
3,250,1,0.518
3,250,1,0.816
3,250,1,0.851
3,250,1,0.969
8,250,2,0.066
8,250,2,0.101
8,250,2,0.219
8,250,2,0.452
8,250,2,0.811
8,250,2,0.997
1,251,1,0.011
1,251,1,0.024
1,251,1,0.092
1,251,1,0.118
1,251,1,0.303
1,251,1,0.815
1,251,1,0.91
1,251,1,0.955
1,251,1,0.993
3,251,2,0.065
3,251,2,0.16
3,251,2,0.205
3,251,2,0.243
3,251,2,0.29
3,251,2,0.645
3,251,2,0.81
2,252,1,0.03
2,252,1,0.286
2,252,1,0.346
2,252,1,0.403
2,252,1,0.503
2,252,1,0.513
2,252,1,0.653
2,252,1,0.775
2,252,1,0.995
1,253,1,0.314
1,253,1,0.326
1,253,1,0.6
1,253,1,0.619
1,253,1,0.718
1,253,1,0.854
1,253,1,0.931
1,253,1,0.997
3,253,2,0.104
3,253,2,0.181
3,253,2,0.247
3,253,2,0.296
3,253,2,0.365
3,253,2,0.393
3,253,2,0.647
3,253,2,0.908
7,254,1,0.157
7,254,1,0.243
7,254,1,0.266
7,254,1,0.679
7,254,1,0.962
7,254,1,0.989
2,254,2,0.212
2,254,2,0.239
2,254,2,0.263
2,254,2,0.434
2,254,2,0.72
2,254,2,0.886
2,254,2,0.942
8,255,1,0.001
8,255,1,0.236
8,255,1,0.292
8,255,1,0.299
8,255,1,0.316
8,255,1,0.378
8,255,1,0.38
8,255,1,0.399
8,255,1,0.406
8,255,1,0.51
8,255,1,0.728
8,255,1,0.96
9,255,2,0.21
9,255,2,0.488
9,255,2,0.556
9,255,2,0.692
9,255,2,0.71
9,255,2,0.752
8,256,2,0.106
8,256,2,0.12
8,256,2,0.202
8,256,2,0.51
8,256,2,0.531
8,256,2,0.758
8,256,2,0.77
8,256,2,0.784
8,256,2,0.811
8,256,2,0.903
2,257,1,0.213
2,257,1,0.307
2,257,1,0.471
2,257,1,0.553
2,257,1,0.64
2,257,1,0.767
2,257,1,0.826
4,257,2,0.017
4,257,2,0.076
4,257,2,0.286
4,257,2,0.416
2,258,1,0.431
6,259,1,0.012
6,259,1,0.061
6,259,1,0.092
6,259,1,0.41
6,259,1,0.435
6,259,2,0.545
6,259,2,0.611
2,260,1,0.038
2,260,1,0.604
2,260,1,0.694
2,260,1,0.765
4,260,2,0.015
4,260,2,0.788
4,260,2,0.866
4,260,2,0.968
5,261,1,0.069
5,261,1,0.618
6,261,2,0.293
6,261,2,0.382
6,261,2,0.425
6,261,2,0.465
6,261,2,0.485
6,261,2,0.552
6,261,2,0.707
6,261,2,0.808
6,261,2,0.829
6,261,2,0.935
2,262,2,0.032
2,262,2,0.197
2,262,2,0.392
2,262,2,0.469
2,262,2,0.551
2,262,2,0.595
2,262,2,0.775
2,262,2,0.916
1,263,1,0.133
1,263,1,0.223
1,263,1,0.397
1,263,1,0.401
1,263,1,0.672
1,263,1,0.935
1,263,1,0.972
1,263,1,0.995
5,264,1,0.035
5,264,1,0.089
5,264,1,0.591
5,264,1,0.619
5,264,1,0.709
5,264,1,0.85
9,264,2,0.1
9,264,2,0.5
9,264,2,0.55
9,264,2,0.694
9,264,2,0.768
9,264,2,0.858
9,264,2,0.892
6,265,1,0.314
6,265,1,0.386
6,265,1,0.412
6,265,1,0.555
6,265,1,0.765
6,265,1,0.869
1,265,2,0.015
1,265,2,0.119
1,265,2,0.328
1,265,2,0.338
1,265,2,0.414
1,265,2,0.436
1,265,2,0.875
1,265,2,0.92
4,266,2,0.178
4,266,2,0.471
4,266,2,0.588
4,266,2,0.765
4,266,2,0.926
9,267,1,0.077
9,267,1,0.104
9,267,1,0.229
9,267,1,0.28
9,267,1,0.561
7,268,1,0.236
7,268,1,0.445
7,268,1,0.448
7,268,1,0.996
4,268,2,0.246
4,268,2,0.256
4,268,2,0.421
4,268,2,0.433
4,268,2,0.461
4,268,2,0.522
4,268,2,0.534
4,268,2,0.678
4,268,2,0.681
3,269,1,0.1
3,269,1,0.163
3,269,1,0.193
3,269,1,0.374
3,269,1,0.731
3,269,1,0.771
3,269,1,0.923
9,269,2,0.021
9,269,2,0.173
9,269,2,0.404
9,269,2,0.537
9,269,2,0.771
9,269,2,0.836
5,270,1,0.08
5,270,1,0.225
5,270,1,0.303
5,270,1,0.328
5,270,1,0.495
5,270,1,0.519
5,270,1,0.655
5,270,1,0.742
5,270,1,0.764
5,270,1,0.826
5,270,1,0.977
1,270,2,0.014
1,270,2,0.076
1,270,2,0.227
1,270,2,0.321
1,270,2,0.366
1,270,2,0.385
1,270,2,0.5
1,270,2,0.637
1,270,2,0.918
5,271,2,0.187
5,271,2,0.207
5,271,2,0.512
5,271,2,0.544
5,271,2,0.82
5,271,2,0.895
4,272,1,0.457
4,272,1,0.735
4,272,1,0.833
4,272,1,0.964
3,273,1,0.045
3,273,1,0.122
3,273,1,0.16
3,273,1,0.489
3,273,1,0.518
3,273,1,0.739
3,273,1,0.943
8,273,2,0.193
8,273,2,0.378
8,273,2,0.551
8,273,2,0.607
8,273,2,0.872
3,274,1,0.296
3,274,1,0.375
3,274,1,0.449
3,274,1,0.709
3,274,1,0.81
3,274,1,0.976
2,274,2,0.06
2,274,2,0.226
2,274,2,0.306
2,274,2,0.338
2,274,2,0.424
2,274,2,0.624
2,274,2,0.668
2,275,2,0.0
2,275,2,0.131
2,275,2,0.192
2,275,2,0.438
2,275,2,0.44
2,275,2,0.916
4,276,1,0.316
4,276,1,0.873
2,276,2,0.123
2,276,2,0.316
2,276,2,0.453
2,276,2,0.963
4,277,2,0.398
4,277,2,0.478
4,277,2,0.642
4,277,2,0.749
4,277,2,0.976
6,278,1,0.173
6,278,1,0.29
6,278,1,0.314
6,278,1,0.43
6,278,1,0.562
6,278,1,0.691
6,278,1,0.813
6,278,1,0.825
6,278,1,0.835
6,278,1,0.889
9,278,2,0.063
9,278,2,0.075
9,278,2,0.085
9,278,2,0.139
9,278,2,0.457
9,278,2,0.479
9,278,2,0.602
9,278,2,0.942
8,279,1,0.004
8,279,1,0.033
8,279,1,0.044
8,279,1,0.563
8,279,1,0.57
8,279,1,0.588
8,279,1,0.951
5,279,2,0.201
5,279,2,0.414
5,279,2,0.417
5,279,2,0.448
5,279,2,0.565
5,279,2,0.651
5,279,2,0.7
5,279,2,0.914
6,280,1,0.399
6,280,1,0.437
6,280,1,0.489
6,280,1,0.866
6,280,1,0.932
7,280,2,0.116
7,280,2,0.182
7,280,2,0.49
7,280,2,0.587
7,280,2,0.624
7,280,2,0.856
7,280,2,0.925
7,280,2,0.969
3,281,1,0.141
3,281,1,0.335
3,281,1,0.433
3,281,1,0.718
3,281,1,0.971
4,281,2,0.221
4,281,2,0.299
4,281,2,0.4
4,281,2,0.461
4,281,2,0.77
4,281,2,0.878
4,281,2,0.886
5,282,1,0.07
5,282,1,0.158
5,282,1,0.543
5,282,1,0.716
5,282,1,0.749
5,282,1,0.971
1,282,2,0.221
1,282,2,0.261
1,282,2,0.501
1,282,2,0.715
1,282,2,0.965
1,283,1,0.38
1,283,1,0.578
1,283,1,0.669
1,283,1,0.941
4,283,2,0.191
4,283,2,0.275
4,283,2,0.302
4,283,2,0.393
4,283,2,0.74
4,283,2,0.912
4,284,2,0.074
4,284,2,0.08
4,284,2,0.092
4,284,2,0.333
4,284,2,0.575
4,284,2,0.745
4,284,2,0.821
1,285,1,0.129
1,285,1,0.162
1,285,1,0.379
1,285,1,0.476
1,285,1,0.557
1,285,1,0.826
1,285,1,0.842
1,285,1,0.856
1,285,1,0.875
1,285,1,0.938
9,285,2,0.076
9,285,2,0.092
9,285,2,0.106
9,285,2,0.125
9,285,2,0.188
9,285,2,0.313
9,285,2,0.401
9,285,2,0.515
9,285,2,0.798
9,285,2,0.971
6,286,1,0.519
8,287,1,0.706
8,287,1,0.742
8,287,1,0.816
8,287,1,0.905
4,288,1,0.507
4,288,1,0.737
4,288,1,0.847
4,288,1,0.927
4,288,1,0.985
4,288,2,0.097
4,288,2,0.177
4,288,2,0.235
4,288,2,0.385
4,288,2,0.464
4,288,2,0.502
4,289,1,0.111
4,289,1,0.383
4,289,1,0.992
6,289,2,0.242
6,289,2,0.609
6,289,2,0.762
6,289,2,0.842
6,289,2,0.921
6,289,2,0.979
7,290,1,0.006
7,290,1,0.341
7,290,1,0.388
7,290,1,0.496
7,290,1,0.521
7,290,1,0.553
7,290,1,0.697
2,290,2,0.338
2,290,2,0.406
2,290,2,0.517
2,290,2,0.805
2,290,2,0.843
2,290,2,0.87
1,291,1,0.061
1,291,1,0.444
1,291,1,0.533
1,291,1,0.72
1,291,1,0.803
1,291,1,0.861
1,291,1,0.953
4,291,2,0.053
4,291,2,0.111
4,291,2,0.203
4,291,2,0.577
4,291,2,0.706
6,292,1,0.011
6,292,1,0.802
6,292,1,0.989
7,292,2,0.052
7,292,2,0.239
7,292,2,0.665
7,293,1,0.251
7,293,1,0.419
7,293,1,0.453
7,293,1,0.457
7,293,1,0.756
7,293,1,0.935
4,293,2,0.006
4,293,2,0.185
4,293,2,0.298
4,293,2,0.309
4,293,2,0.352
4,293,2,0.671
4,293,2,0.774
4,293,2,0.846
5,294,1,0.198
5,294,1,0.27
5,294,1,0.433
5,294,1,0.451
5,294,1,0.532
5,294,1,0.622
5,294,1,0.657
5,294,1,0.839
1,294,2,0.089
1,294,2,0.354
1,294,2,0.448
1,294,2,0.471
1,294,2,0.662
1,294,2,0.867
2,295,1,0.433
2,295,1,0.604
2,295,1,0.642
2,295,1,0.868
2,295,1,0.973
8,295,2,0.118
8,295,2,0.223
8,295,2,0.429
8,295,2,0.55
8,295,2,0.713
8,295,2,0.886
6,296,1,0.003
6,296,1,0.335
6,296,1,0.405
6,296,1,0.645
6,296,1,0.675
6,296,1,0.841
6,296,1,0.874
6,296,1,0.971
4,297,1,0.158
4,297,1,0.331
4,297,1,0.36
4,297,1,0.417
4,297,1,0.59
4,297,1,0.757
4,297,1,0.848
4,297,1,0.906
5,297,2,0.007
5,297,2,0.098
5,297,2,0.156
5,297,2,0.409
5,297,2,0.613
5,297,2,0.913
4,298,1,0.161
4,298,1,0.194
4,298,1,0.332
4,298,1,0.425
4,298,1,0.461
4,298,1,0.534
4,298,1,0.864
4,298,1,0.904
4,298,1,0.967
2,298,2,0.114
2,298,2,0.154
2,298,2,0.217
2,298,2,0.629
2,298,2,0.727
