trial_index,operand,number,TC1,TC2
0.0,1.0,7,-1.9020202205998409,0.717862847736712
0.0,2.0,8,2.018690959566545,-0.5183416334269277
1.0,1.0,7,0.4362121794635369,-0.2287809170012028
1.0,2.0,4,0.8005732521092787,1.9281603239326308
2.0,1.0,7,1.76778704295827,-0.7809533970613701
2.0,2.0,6,-0.714083276721358,0.8921409375513906
3.0,2.0,5,1.86850841413771,0.36664241421236654
4.0,1.0,8,0.11775541755630983,0.010274504203239738
5.0,1.0,4,-0.1479559479094774,-1.1946004994377584
5.0,2.0,4,-1.1302809919249652,0.11345147124145073
6.0,2.0,2,-1.1341595839275376,-0.0038417199196696555
7.0,1.0,7,0.7529010816802633,-0.20456740187831046
7.0,2.0,3,-2.0003555437067493,0.1714742031287998
8.0,1.0,3,0.5665140500224359,1.5206299460093293
8.0,2.0,2,-2.0015681018993083,-0.2216456569578893
9.0,1.0,4,-0.1316950234345112,-0.9212837884434606
9.0,2.0,4,0.5019971650719879,-0.46717916551275285
10.0,1.0,6,-1.281092305499893,0.18708033351089864
10.0,2.0,4,0.6352959276668043,-1.3922771523707416
11.0,1.0,7,-1.299463962286931,-0.4667985049718542
11.0,2.0,3,0.5849412492749179,-0.44481843562823914
12.0,2.0,7,0.3831523989490508,0.8094719151593147
13.0,1.0,7,-2.499811727186333,-1.0352535857505771
14.0,2.0,8,-0.43326800250771913,-0.6421144280203237
15.0,1.0,9,1.784351771742221,-0.04883817575883621
15.0,2.0,7,-0.04753838103902238,-0.5058031984722577
16.0,1.0,7,-0.5333876594579862,1.8791256373269738
17.0,2.0,7,0.7305952904252093,1.6435877885981374
18.0,1.0,1,0.10294796869879799,-0.931988735803316
18.0,2.0,8,0.052009500260444964,0.4337053062223438
19.0,1.0,3,1.0020086500495133,0.0831598269526
19.0,2.0,7,0.48836320609444883,-1.2013550989401733
20.0,1.0,3,-1.8507567883243803,-0.2952745192273374
20.0,2.0,5,0.5822587413120467,2.635368006925205
21.0,1.0,7,0.1853082628552614,-0.4913926806356452
22.0,1.0,4,0.21875677447323155,0.28083647988558313
22.0,2.0,7,-1.3368075400603312,1.4480389169736723
23.0,1.0,5,0.6690588233578206,-0.21437039916459014
23.0,2.0,2,-0.3834850997666323,1.8711754252790729
25.0,1.0,6,-0.5149995285180904,-0.2713552978181483
25.0,2.0,9,0.10294796869879799,-0.931988735803316
26.0,1.0,7,-0.6850971471524266,1.965312232194656
26.0,2.0,3,-0.11626471621794662,-0.21222332021250823
27.0,1.0,2,-0.031248968015531203,0.005666983652906733
27.0,2.0,6,0.1853082628552614,-0.4913926806356452
28.0,2.0,9,-2.7678912165419454,1.2457354458467917
29.0,2.0,6,-1.3000477523333978,-0.04856317968869704
30.0,1.0,6,-1.0636369005095878,-0.32253706337588733
30.0,2.0,3,-0.06469747963350134,-0.7665621768683216
31.0,1.0,9,1.1181483140498507,-1.1026971383014526
32.0,1.0,4,-0.1295842911224396,-0.5407216609550055
32.0,2.0,5,-0.23090003211240742,-1.2169612293222722
33.0,1.0,5,0.5173493356633801,-0.12818380429690812
33.0,2.0,1,-0.7004493177438188,1.6263168709788112
34.0,2.0,2,-0.7487443465318869,-0.2732080830565269
35.0,1.0,7,0.46940775926094436,-1.4369986121397689
35.0,2.0,3,1.4369088802660628,-0.8829540491976591
36.0,1.0,6,-1.0816941732235796,-0.570738309173717
36.0,2.0,3,1.86850841413771,0.36664241421236654
37.0,2.0,3,-0.23090003211240742,-1.2169612293222722
38.0,1.0,2,-1.1850980523658907,1.3618523221059904
38.0,2.0,4,-0.7668016192458786,-0.5214093288543566
39.0,1.0,3,-0.5005064637336246,0.26523034950348434
40.0,1.0,5,-0.9351028896411893,1.6901427359619794
40.0,2.0,8,-0.23330255433779684,0.9861913776397785
41.0,2.0,9,-0.13433846308479633,2.3439352076175375
42.0,1.0,8,-0.11419305221846118,-0.01669374623160698
42.0,2.0,9,-0.8311046406883502,-0.7138041382241977
43.0,1.0,6,-1.5157352976332024,0.19778528087075403
43.0,2.0,5,0.4033474578920334,-1.4192454028055883
44.0,1.0,3,-0.5825523738170421,0.23031188702073657
44.0,2.0,2,1.382647121323079,-0.2909419947471436
45.0,1.0,8,-1.0994985141170086,1.1615073006882481
46.0,1.0,2,-1.3827118507988458,-0.947957745164604
46.0,2.0,3,-0.16665846292241934,0.5502028430224405
47.0,1.0,2,-0.49662787173105266,0.3825235406646047
47.0,2.0,5,-0.8346853227707342,2.3789400369274802
48.0,1.0,2,0.4033474578920334,-1.4192454028055883
48.0,2.0,1,-0.9330041717247847,-0.9718083813083072
49.0,1.0,5,-1.3657936696292625,0.374867622330407
49.0,2.0,2,0.06827042473541114,0.7070220172166415
50.0,1.0,2,-1.6031026955725851,0.6613992386158314
51.0,1.0,7,-2.7866163257146157,0.0011464611715619785
51.0,2.0,7,3.299288286310339,0.11014737503101087
52.0,2.0,4,0.46940775926094436,-1.4369986121397689
53.0,1.0,8,-1.2964835444038716,-0.33694758121249996
53.0,2.0,4,-0.11930067656645013,2.277252976148459
54.0,1.0,7,0.5357600607630041,0.7107275876933987
54.0,2.0,6,0.48446813993901877,1.4857114835265814
55.0,1.0,8,0.8870980183945926,-1.1422231213345333
55.0,2.0,7,0.4874650319749361,-1.1887973663419393
56.0,1.0,9,0.8687098874546969,1.008257813810589
56.0,2.0,1,0.5505675096205159,1.6529908276999548
57.0,1.0,8,2.3513608005207565,0.6562224282816557
58.0,1.0,6,-0.8663495005453458,-1.4609178335489579
58.0,2.0,6,-1.8676015028458135,-0.15035590493847775
59.0,1.0,4,-0.1820497018263976,0.026174928299041826
60.0,1.0,1,0.31950519956959067,-1.4290484000918677
60.0,2.0,1,-0.3325466313282792,0.5054813832534131
61.0,1.0,2,0.8358060975706072,-0.3672392255013505
61.0,2.0,4,0.5532500175833871,-1.4271956148534892
62.0,1.0,1,1.099170483276449,0.421461164981377
62.0,2.0,2,0.6699569974773333,-0.22692813176282417
63.0,1.0,7,0.2691505211777042,-0.4815896833493655
63.0,2.0,7,-0.5979436127210204,-0.29371602770266203
64.0,1.0,8,0.6352959276668043,-1.3922771523707416
64.0,2.0,8,0.7203116758692198,-1.1743868485053266
65.0,2.0,4,-1.4683219688117892,-0.6944918061235489
66.0,1.0,9,1.947871816258256,3.481747319248558
66.0,2.0,9,1.0689671255379372,0.05284888502018521
67.0,1.0,7,1.0177142730265378,1.012865334360922
67.0,2.0,1,0.35326809526060693,-0.2511416468857165
68.0,2.0,3,0.9848104831424482,-0.3626317049510176
69.0,1.0,5,0.5861147391548907,-0.23673112904910384
70.0,2.0,1,-0.7982399191168467,0.4766603475801877
71.0,2.0,6,-0.0655956537530141,-0.7540044442700876
72.0,1.0,3,0.36654860185251364,-0.1076758596507729
72.0,2.0,1,-0.3487969760391843,0.17904375463580235
74.0,1.0,8,-0.5834505479365547,0.24286961961897066
75.0,1.0,4,-1.4667950265461844,0.10430564664806351
75.0,2.0,9,-0.3654113528997827,-0.6849831025509725
76.0,1.0,6,-1.0829067314161385,-0.963858169260406
76.0,2.0,7,0.9042571169890716,-0.8814641429384696
77.0,2.0,5,-1.5992690816696384,-0.45089808087605215
78.0,1.0,8,-0.41666420541118193,0.275033346789764
78.0,2.0,5,0.10115162045977258,-0.9068732706068479
79.0,1.0,1,1.3856560277546635,0.07706240014307754
79.0,2.0,6,-0.9483954106287631,-1.4958362960317058
80.0,1.0,3,0.3674467759720263,-0.12023359224900697
80.0,2.0,8,0.8687098874546969,1.008257813810589
81.0,1.0,3,-0.08250182052693042,0.9656834329936433
81.0,2.0,4,-0.2821528846238066,-0.25694477998153564
82.0,2.0,2,1.1506986515483082,-0.3179102451819902
83.0,1.0,4,1.3018137694322207,0.06725940285679789
83.0,2.0,7,1.2031640622522664,-0.8848068344360376
84.0,1.0,4,0.6986393227372798,0.387444652572205
84.0,2.0,2,0.4371103535830496,-0.24133864959943685
85.0,1.0,3,-3.186524627894732,-0.26607282301321317
85.0,2.0,4,-1.8338730054903614,-0.2551605800086429
86.0,1.0,4,0.4516034183675153,0.2952469977221958
86.0,2.0,8,-1.8007044796098732,1.394102416103979
87.0,1.0,9,1.60189887455241,-0.8256748568303975
87.0,2.0,4,-0.5988417868405332,-0.28115829510442797
88.0,1.0,7,0.46850958514143165,-1.4244408795415349
88.0,2.0,7,-1.6460371681921016,-1.551625582139778
89.0,1.0,6,-1.3838509423432543,0.12666637653257726
89.0,2.0,9,0.4190530808690579,-0.48953989539726656
90.0,1.0,5,-0.41634982133813586,0.6807109394746874
90.0,2.0,1,0.317406481653186,1.2329027171784188
91.0,1.0,1,0.1853082628552614,-0.4913926806356452
91.0,2.0,8,-0.8307902566153041,-0.30812654553927465
92.0,1.0,2,1.2870063205747089,-0.8750038371497579
93.0,1.0,7,1.0689671255379372,0.05284888502018521
94.0,1.0,6,-1.002061365129613,1.7204536778943942
94.0,2.0,3,-0.3864549378856305,1.6882035838964058
95.0,1.0,1,1.5527176860404963,0.32987116649124026
95.0,2.0,5,-0.7146505926149667,-1.4939835107933273
96.0,1.0,9,2.0500631372080083,1.156036827882162
96.0,2.0,2,-0.08040310261052583,-1.6962676842766433
97.0,1.0,3,-3.216408931583176,-1.3266863850582449
97.0,2.0,4,-0.8174706817108112,0.020371795203222697
98.0,1.0,9,-0.5843487220560675,0.2554273522172047
98.0,2.0,5,-0.30265174787577387,1.5129740276751313
99.0,1.0,6,-0.38048820773071507,-0.803333424589448
99.0,2.0,8,-0.11598940045748671,0.008421718964861092
100.0,2.0,8,0.8189613830491743,-0.22232061121249116
101.0,1.0,9,3.051354207821062,0.03050745277923562
101.0,2.0,6,-0.7167493105313713,1.1679676064769595
102.0,1.0,6,-0.03246152620809003,-0.38745287643378246
102.0,2.0,6,0.3660038801186332,0.4955920191399382
103.0,1.0,9,-1.3998709493933248,-1.208716723560668
103.0,2.0,5,-1.9515052134207396,1.414610360750114
104.0,1.0,4,-0.747846172412374,-0.28576581565476095
104.0,2.0,8,1.0361024039664335,-1.1376156007842002
105.0,1.0,9,0.04900059382886066,0.06570091133212262
105.0,2.0,7,0.5849021809623317,-0.6298509891357928
106.0,1.0,3,0.18620643697477415,-0.5039504132338792
106.0,2.0,1,-1.2837583393099066,0.4629070024364675
107.0,1.0,6,0.35178022130758807,-0.8649065461497749
107.0,2.0,6,-0.031248968015531203,0.005666983652906733
108.0,1.0,3,0.9848104831424482,-0.3626317049510176
108.0,2.0,5,-0.1633471868134558,-1.718628414161157
109.0,1.0,2,0.9028036413716171,-0.21251761392621155
109.0,2.0,8,-0.11419305221846118,-0.01669374623160698
110.0,1.0,7,0.5345475025704451,0.3176077276067095
110.0,2.0,1,-0.03214714213504389,0.01822471625114078
111.0,1.0,5,0.9344558047505617,0.5848270117914849
111.0,2.0,6,0.4371103535830496,-0.24133864959943685
112.0,1.0,1,0.6352959276668043,-1.3922771523707416
112.0,2.0,2,-0.1150912263379739,-0.00413601363337292
113.0,1.0,2,-0.1316950234345112,-0.9212837884434606
113.0,2.0,3,1.3856560277546635,0.07706240014307754
114.0,1.0,4,1.68484295875534,-0.8033141269458838
114.0,2.0,4,0.46940775926094436,-1.4369986121397689
115.0,1.0,7,1.8519046170411728,-0.550505360597721
116.0,1.0,3,-0.5005064637336246,0.26523034950348434
116.0,2.0,5,-0.8977487321037279,-0.2778156036068599
117.0,1.0,5,-1.434244689047727,0.8890925397675258
117.0,2.0,8,0.6169077967269087,0.7582037827743805
118.0,1.0,3,-0.6986649839004603,-1.4413118389763988
119.0,1.0,7,-0.3654113528997827,-0.6849831025509725
119.0,2.0,9,1.0173998889534916,0.6071877416759986
120.0,1.0,3,-1.7841126969090029,-0.731263053844675
120.0,2.0,3,-1.0322600528911032,0.2541625231644397
121.0,1.0,3,-2.1354506545405916,1.1216876551832566
121.0,2.0,9,0.9507557975381141,1.0431762762933368
122.0,1.0,7,-0.49719518762466125,-2.0036009076801133
122.0,2.0,7,0.9712155924774952,-0.9117750848708843
123.0,1.0,7,0.004612645591889707,-1.4783773804112283
124.0,1.0,1,-0.06501186370654741,-1.1722397695532447
124.0,2.0,9,0.8002588680362324,1.5224827312477078
125.0,1.0,1,0.6844500622617989,0.30965751555880844
126.0,1.0,1,-0.5158977026376032,-0.25879756521991426
126.0,2.0,7,0.10294796869879799,-0.931988735803316
127.0,1.0,5,0.6847644463348451,0.7153351082437317
127.0,2.0,1,-1.5530503868580776,2.3507761739471476
129.0,1.0,7,0.11775541755630983,0.010274504203239738
129.0,2.0,7,2.252711093340802,-0.29584380901117974
130.0,2.0,6,-0.2649937860293276,0.0038141984145281223
131.0,1.0,1,0.4371103535830496,-0.24133864959943685
131.0,2.0,7,0.11685724343679707,0.022832236801473768
132.0,1.0,2,-0.6151311998640242,-0.7926284772295925
132.0,2.0,2,0.14940758093525444,0.8076191299209361
133.0,1.0,2,-0.41666420541118193,0.275033346789764
133.0,2.0,2,0.9848495514550344,-0.17759915144346378
134.0,1.0,3,0.27000962698463077,-0.6791799694551534
135.0,1.0,1,0.03449694928033368,-0.41776381836619725
135.0,2.0,1,1.4686001119575935,0.09942313002759125
136.0,1.0,3,-0.1150912263379739,-0.00413601363337292
137.0,2.0,4,-2.4174514330298695,-0.594657530582906
138.0,1.0,6,-1.1127910351045822,-2.0244717313054377
138.0,2.0,5,-0.783746854332381,1.0132459949018202
139.0,2.0,7,-0.3663095270192954,-0.6724253699527385
140.0,1.0,4,0.7164556780263759,1.6977122874689823
140.0,2.0,4,0.7212098499887325,-1.1869445811035606
141.0,2.0,8,-0.36599514294624935,-0.2667477772678153
142.0,1.0,4,-1.3995565653202788,-0.8030391308757445
142.0,2.0,9,-0.5167958767571158,-0.24623983262168023
143.0,1.0,4,0.8506526147407051,0.7600565680127591
144.0,1.0,1,-1.3679149817053953,0.04742641246526459
144.0,2.0,2,0.43503868958356423,-0.43686822358033806
145.0,1.0,5,-0.5185802106004743,2.82138887733353
145.0,2.0,3,0.4516034183675153,0.2952469977221958
146.0,1.0,6,0.23474238318773785,0.3335081517025116
146.0,2.0,6,0.3348964384735691,-0.9050204853684694
147.0,1.0,8,0.8002588680362324,1.5224827312477078
147.0,2.0,8,0.5849021809623317,-0.6298509891357928
148.0,1.0,9,1.0322073378110035,1.5494509816825546
148.0,2.0,6,0.45070524424800257,0.3078047303204298
149.0,1.0,9,0.3520555370680481,-0.6442615069724055
151.0,1.0,8,-0.1307968493149984,-0.9338415210416946
152.0,1.0,9,0.4703059333804571,-1.449556344738003
152.0,2.0,7,-0.013444627122102117,-1.726578626209058
153.0,1.0,4,-1.118453960950513,0.9258637874886522
153.0,2.0,4,-0.06501186370654741,-1.1722397695532447
154.0,1.0,8,-0.0653427219324514,1.2264424113897072
154.0,2.0,8,0.7686067046572878,0.7251381055300115
155.0,1.0,5,-0.11540561041102013,-0.4098136063182961
155.0,2.0,6,-0.7855041342588204,1.2233940136058423
156.0,2.0,4,-1.8495442301318217,0.09784534085935202
157.0,1.0,5,-1.786441752486242,2.939633534901246
157.0,2.0,7,-0.36274531908976937,-0.9608097714765413
158.0,1.0,2,-1.0316312847450109,1.0655177085342862
159.0,1.0,7,0.1503057550547672,0.7950613973227021
159.0,2.0,3,-0.08040310261052583,-1.6962676842766433
160.0,1.0,9,1.2870063205747089,-0.8750038371497579
161.0,1.0,8,0.7191381859892471,-1.382474155084462
161.0,2.0,9,0.46641086722502706,1.2375102377287517
162.0,1.0,4,0.10326235277184417,-0.5263111431183929
162.0,2.0,2,-0.9474972365092504,-1.50839402862994
163.0,1.0,5,0.5713072902973788,-1.1789943690556595
163.0,2.0,4,2.885466039415202,-0.014214006989791821
164.0,1.0,7,-0.5662914493420756,0.5036285980150345
164.0,2.0,1,-1.5998528717161051,-0.03266275559289493
165.0,1.0,3,0.6029985219889096,-0.19661718983040943
166.0,2.0,3,-0.783707786019795,1.1982785484093743
167.0,1.0,7,0.10115162045977258,-0.9068732706068479
168.0,1.0,4,0.7528620133676771,-0.3895999553858643
168.0,2.0,2,-0.1633471868134558,-1.718628414161157
169.0,1.0,6,0.9199627399660961,0.048241364469852235
170.0,2.0,2,1.2870063205747089,-0.8750038371497579
171.0,1.0,8,0.21875677447323155,0.28083647988558313
171.0,2.0,5,0.116542859363751,-0.38284535588344937
172.0,1.0,3,-1.8016026537293859,1.406660148702213
172.0,2.0,3,-1.1679224796185539,-1.181748473125821
173.0,2.0,9,-0.39829254862414415,0.9289121852725172
175.0,2.0,5,2.0150712091715755,2.3893699882171964
176.0,1.0,1,-0.967412309714751,-0.15671054625643005
176.0,2.0,6,0.4853933679754507,-1.3843269403228404
177.0,1.0,8,1.0345980558605568,1.0529792735796164
177.0,2.0,4,0.2845026917690964,-0.14259432213352075
178.0,1.0,8,1.5005666594095843,1.3024453484302112
178.0,2.0,4,-1.782900138716444,-0.3381431937579862
179.0,2.0,6,-2.8849125805089377,-0.3602096299287965
180.0,1.0,9,1.117262154326005,1.9523738390555232
180.0,2.0,4,0.020003884495868013,-0.9543494656878297
181.0,1.0,2,0.5861147391548907,-0.23673112904910384
181.0,2.0,2,0.5514656837400286,1.6404330951017205
182.0,1.0,2,-0.1992088004208766,-0.23458405009702193
182.0,2.0,9,0.6844500622617989,0.30965751555880844
183.0,1.0,8,0.8186469989761281,-0.6279982038974143
183.0,2.0,3,-0.36454166732879484,-0.9356943062800733
184.0,2.0,7,-0.9474972365092504,-1.50839402862994
185.0,1.0,7,0.3348964384735691,-0.9050204853684694
185.0,2.0,5,-0.16544590472986045,0.9433227031091297
186.0,1.0,7,-0.9836732341897173,-0.43002725725072793
186.0,2.0,9,0.36658767016509985,0.07735669385678086
187.0,2.0,3,0.9133731514521276,2.772981144731309
189.0,1.0,3,0.5007846068794289,-0.8602990255994419
189.0,2.0,8,1.5198529644689927,-0.8605933193131453
190.0,1.0,2,-0.8518444213652131,2.1181810585314165
190.0,2.0,8,0.3849593269521377,0.7312355323395339
191.0,1.0,4,0.9019054672521044,-0.19995988132797748
191.0,2.0,3,-1.3000477523333978,-0.04856317968869704
192.0,1.0,2,0.18589205290172808,-0.9096280059188023
192.0,2.0,2,0.1346001320777427,-0.1346441100856196
193.0,1.0,1,-0.5653932752225629,0.49107086541680034
193.0,2.0,1,1.3506640997182306,1.3103955604781121
194.0,1.0,7,0.2691505211777042,-0.4815896833493655
194.0,2.0,2,0.003714471472376833,-1.4658196478129941
195.0,1.0,3,-1.3145408171178634,-0.5851488270103297
195.0,2.0,2,-0.5991561709135792,-0.6868358877893511
196.0,1.0,1,0.8189613830491743,-0.22232061121249116
196.0,2.0,5,0.1023641786523313,-0.5137534105201589
197.0,2.0,9,-0.7321405494353497,0.643939691753561
198.0,1.0,5,0.48629154209496345,-1.3968846729210744
198.0,2.0,8,-0.14764156383643132,-0.7889229067528353
199.0,1.0,9,-0.7668016192458786,-0.5214093288543566
199.0,2.0,2,0.9019054672521044,-0.19995988132797748
200.0,2.0,4,-0.12989867519548567,-0.9463992536399286
201.0,1.0,7,0.819859557168687,-0.23487834381072525
201.0,2.0,9,0.6015059780588689,0.28729678567429473
202.0,1.0,9,1.0019695817369272,-0.1018727265549539
202.0,2.0,2,-0.4978404299236113,-0.010596319422084534
203.0,1.0,4,-0.1479559479094774,-1.1946004994377584
203.0,2.0,7,-0.24960254712534927,0.5278421131379267
204.0,1.0,8,0.17050081399774966,-1.4336559206422008
204.0,2.0,5,-0.3334448054477919,0.5180391158516471
205.0,1.0,2,1.1528093838603797,0.06265188230646491
205.0,2.0,1,0.6331581414378137,1.084641411391991
206.0,1.0,5,0.08755672979481968,-1.4560166505267145
206.0,2.0,1,0.2528505283901518,-0.9399389478512171
207.0,1.0,8,1.7855643299347799,0.3442816843278529
208.0,1.0,2,0.5858003550818444,-0.642408721734027
208.0,2.0,7,0.18320954493885683,2.1705584366346415
209.0,2.0,1,1.784351771742221,-0.04883817575883621
210.0,1.0,7,1.68484295875534,-0.8033141269458838
210.0,2.0,4,0.3677611600450726,0.2854440004359161
211.0,1.0,5,0.6503563083448788,1.530432943295609
211.0,2.0,2,2.0159693832910883,2.3768122556189626
212.0,1.0,2,1.3856560277546635,0.07706240014307754
213.0,2.0,2,0.5837286910823589,-0.8379382957149283
214.0,1.0,4,1.2861081464551962,-0.8624461045515238
214.0,2.0,1,-0.06737998759637262,2.3136242656851222
215.0,2.0,3,0.985747725574547,-0.19015688404169784
216.0,1.0,9,1.584408917732027,1.3122483457164906
216.0,2.0,7,-0.6350568528335861,0.6121759227672301
217.0,1.0,6,-0.01675590323106554,0.5422526309745394
217.0,2.0,6,-0.41756237953069464,0.28759107938799805
218.0,1.0,1,0.4362121794635369,-0.2287809170012028
218.0,2.0,7,1.7855643299347799,0.3442816843278529
219.0,1.0,2,-0.03246152620809003,-0.38745287643378246
220.0,1.0,8,0.517943705473908,-0.5995400472033781
220.0,2.0,5,-1.6013063473335596,0.6362837734193632
221.0,1.0,5,-0.46497570835210783,1.1798681663823012
222.0,1.0,1,-2.136955002646468,3.3122825295470735
222.0,2.0,3,-0.38465858964660504,1.6630881186999376
223.0,1.0,9,0.3016617903635754,0.11816465626254295
223.0,2.0,6,-1.1516495407479206,2.1340814826272188
224.0,1.0,1,0.8041539341916625,-1.164583851219047
224.0,2.0,5,0.4519178024405614,0.7009245904071191
225.0,2.0,5,-0.9339023458442974,-0.9592506487100732
226.0,1.0,6,1.1685150068374042,0.9923573897147867
226.0,2.0,8,-0.4483554371027127,-0.7073438324354863
228.0,1.0,4,-0.04753838103902238,-0.5058031984722577
228.0,2.0,7,0.2510541801511263,-0.914823482654749
229.0,1.0,2,0.9703174183579826,-0.8992173522726502
229.0,2.0,9,0.21907115854627765,0.6865140725705065
230.0,1.0,7,0.2688361371046581,-0.8872672760342886
230.0,2.0,2,-2.4521004884447315,1.2825066935679181
231.0,2.0,8,0.6015059780588689,0.28729678567429473
232.0,1.0,9,0.10204979457928533,-0.919431003205082
233.0,1.0,8,1.0680689514184243,0.06540661761841927
233.0,2.0,5,1.1856741054318833,1.2531163681108506
234.0,1.0,1,-1.350402430725284,0.8988955370538056
234.0,2.0,9,0.20305115149620706,-0.6488690275227387
235.0,2.0,9,-0.34883604435177035,-0.005988798871751532
236.0,1.0,2,-0.7324549335083957,0.23826209906863766
236.0,2.0,2,-0.3153484644212141,0.9512729151570308
237.0,1.0,7,0.48836320609444883,-1.2013550989401733
237.0,2.0,5,-0.9294399637952586,-1.2601927828321102
238.0,1.0,5,1.3343641069306782,0.8520462959762602
238.0,2.0,5,-0.3837994838396785,1.4654978325941497
239.0,1.0,1,0.21996933266579036,0.6739563399722723
239.0,2.0,1,0.6856626204543578,0.7027773756454976
240.0,2.0,2,-1.2004998710339303,0.8909453250059045
241.0,2.0,2,0.2836435859621699,0.05499596397226715
242.0,1.0,7,-0.08551072695851478,0.5976790381034223
242.0,2.0,2,-0.3171448126602396,0.9763883803534988
244.0,1.0,2,-1.0165544299140787,1.1838680305727618
244.0,2.0,1,1.8172555616263106,1.3266588635531034
245.0,1.0,6,-1.6022045214530722,0.6488415060175973
245.0,2.0,3,-1.7002704385865601,-0.7214600565583956
246.0,1.0,2,0.4015631240486749,1.6483833071496217
246.0,2.0,5,-1.15045957671509,-0.46219098442152134
247.0,1.0,1,2.1333216054839843,1.584075150451599
247.0,2.0,7,0.5861147391548907,-0.23673112904910384
248.0,1.0,6,3.2329089308913606,0.819901866449031
248.0,2.0,3,-0.5005064637336246,0.26523034950348434
249.0,1.0,9,0.6690588233578206,-0.21437039916459014
249.0,2.0,1,-0.1150912263379739,-0.00413601363337292
250.0,1.0,3,-0.9321059976052719,-0.9843661139065414
250.0,2.0,8,0.05169511618739878,0.028027713537420437
251.0,1.0,1,-0.41666420541118193,0.275033346789764
251.0,2.0,3,-0.4676026738495351,1.640727388815424
252.0,1.0,2,0.45101962832104864,0.7134823230053531
253.0,1.0,1,-1.2013980451534432,0.9035030576041384
253.0,2.0,3,-0.7990990249237734,0.6742506336859758
254.0,1.0,7,1.2514590910403343,1.0147181195993007
254.0,2.0,2,-0.6009405047569377,2.380792822165859
255.0,1.0,8,-0.5150160026709482,2.5330044758097268
255.0,2.0,9,1.5518195119209834,0.34242889908947427
256.0,2.0,8,0.06439183273283902,0.5897288260555212
257.0,1.0,2,-0.7330387235548624,0.6564974243517949
257.0,2.0,4,0.6699569974773333,-0.22692813176282417
258.0,1.0,2,0.7212098499887325,-1.1869445811035606
259.0,1.0,6,0.6542513745003088,-1.1566336391711458
259.0,2.0,6,-0.013444627122102117,-1.726578626209058
260.0,1.0,2,1.43601070614655,-0.870396316599425
260.0,2.0,4,0.7357029147731982,-0.6503589337819281
261.0,1.0,5,0.5532500175833871,-1.4271956148534892
261.0,2.0,6,-2.216043089006554,0.41782266368825094
262.0,2.0,2,-0.6145474098175577,-1.2108638025127496
263.0,1.0,1,0.21875677447323155,0.28083647988558313
264.0,1.0,5,-0.14885412202899012,-1.1820427668395244
264.0,2.0,9,-0.3672077011388082,-0.6598676373545045
265.0,1.0,6,-0.3479378702322576,-0.018546531469985583
265.0,2.0,1,-1.0994985141170086,1.1615073006882481
266.0,2.0,4,0.10204979457928533,-0.919431003205082
267.0,1.0,9,0.3678002283576587,0.4704765539434701
268.0,1.0,7,0.35416626938011964,-0.26369937948395056
268.0,2.0,4,-0.014673659467518942,0.6846612873321277
269.0,1.0,3,1.234540909870751,-0.3081072478957105
269.0,2.0,9,0.10204979457928533,-0.919431003205082
270.0,1.0,5,0.6651637572023905,2.4726961833021646
270.0,2.0,1,-1.3657936696292625,0.374867622330407
271.0,2.0,5,-1.4671094106192304,-0.3013719460368598
272.0,1.0,4,0.5028562708789144,-0.6647694516185407
273.0,1.0,3,0.18499387878221535,-0.8970702733205683
273.0,2.0,8,-0.8645531523063203,-1.4860332987454261
274.0,1.0,3,0.13581269027030157,0.2584757500010694
274.0,2.0,2,0.4006649499291622,1.6609410397478557
275.0,2.0,2,-0.04695459099255569,-0.924038523755415
276.0,1.0,4,0.11865359167582248,-0.0022832283949943523
276.0,2.0,2,0.6699569974773333,-0.22692813176282417
277.0,2.0,4,0.4874650319749361,-1.1887973663419393
278.0,1.0,6,-2.2699619753279667,1.6536657819545566
278.0,2.0,9,-0.3648169830892548,-1.1563393454574427
279.0,1.0,8,-0.49719518762466125,-2.0036009076801133
279.0,2.0,5,-0.09793212774349488,0.2566229647626908
280.0,1.0,6,-1.1468953687855639,-0.7505753859453242
280.0,2.0,7,-1.4828150335962549,-1.2310774534451816
281.0,1.0,3,1.1528093838603797,0.06265188230646491
281.0,2.0,4,-0.6995902119368922,1.4287265848730233
282.0,1.0,5,1.60189887455241,-0.8256748568303975
282.0,2.0,1,0.6847644463348451,0.7153351082437317
283.0,1.0,1,0.01910571037635532,-0.9417917330895957
283.0,2.0,4,0.317406481653186,1.2329027171784188
284.0,2.0,4,0.36658767016509985,0.07735669385678086
285.0,1.0,1,-3.3355290134665734,-0.27068034356354626
285.0,2.0,9,1.0008351601695407,-0.1249274796265353
286.0,1.0,6,0.4703059333804571,-1.449556344738003
287.0,1.0,8,0.5173493356633801,-0.12818380429690812
288.0,1.0,4,-0.44925361122222546,-0.6947860998372523
288.0,2.0,4,0.03630387728342047,-0.49600020118597815
289.0,1.0,4,0.8041539341916625,-1.164583851219047
289.0,2.0,6,-0.5834505479365547,0.24286961961897066
290.0,1.0,7,-0.13048246524195237,-0.5281639283567715
290.0,2.0,2,-2.0003555437067493,0.1714742031287998
291.0,1.0,1,-0.5991561709135792,-0.6868358877893511
291.0,2.0,4,0.9848495514550344,-0.17759915144346378
292.0,1.0,6,0.2528505283901518,-0.9399389478512171
292.0,2.0,7,1.3856560277546635,0.07706240014307754
293.0,1.0,7,-0.09703395362398216,0.24406523216445677
293.0,2.0,4,0.8002588680362324,1.5224827312477078
294.0,1.0,5,-0.7487443465318869,-0.2732080830565269
294.0,2.0,1,0.12010706729327708,-0.6712297574072523
295.0,1.0,2,-0.9474972365092504,-1.50839402862994
295.0,2.0,8,-0.03214714213504389,0.01822471625114078
296.0,1.0,6,-0.8162971918308384,0.22845910178235798
297.0,1.0,4,-0.9661997515221922,0.23640931383025904
297.0,2.0,5,-0.2978585076008311,-1.1866502873898574
298.0,1.0,4,-1.3661080537023085,-0.030809970354516315
298.0,2.0,2,0.9848495514550344,-0.17759915144346378
