subject,region,neuron_id,paper_unit,n_presentations,temporal_accuracy,best_bin_ms,best_gamma,shuffle_mean_accuracy,shuffle_95,p_value,temporal_coding,n_valid_shuffles,q_value,temporal_coding_FDR
YFF,ent,8,9,109,0.1559633027522936,60.0,0.8,0.10935779816513762,0.1651376146788991,0.12935323383084577,False,200,0.2536247334754797,False
YFF,hpc,9,10,109,0.1651376146788991,900.0,0.2,0.10545871559633029,0.1559633027522936,0.04975124378109453,True,200,0.16964865115416705,False
YFF,hpc,10,11,109,0.1834862385321101,75.0,0.8,0.11055045871559635,0.15688073394495383,0.03980099502487562,True,200,0.16679958983707416,False
YFF,hpc,11,12,109,0.12844036697247707,300.0,0.2,0.10302752293577981,0.1651376146788991,0.263681592039801,False,200,0.3574350469872858,False
YFF,hpc,12,13,109,0.12844036697247707,90.0,0.8,0.10967889908256881,0.1651376146788991,0.3034825870646766,False,200,0.3856757877280266,False
YFF,hpc,13,14,109,0.2018348623853211,75.0,0.8,0.11302752293577983,0.16559633027522921,0.01990049751243781,True,200,0.15387849484969518,False
YFF,hpc,14,15,109,0.12844036697247707,60.0,0.8,0.10788990825688075,0.16559633027522921,0.29850746268656714,False,200,0.38379530916844345,False
YFF,hpc,15,16,109,0.10091743119266056,100.0,0.8,0.11270642201834864,0.1743119266055046,0.6716417910447762,False,200,0.6944093093852771,False
YFF,hpc,16,17,109,0.1743119266055046,150.0,0.2,0.11068807339449542,0.1651376146788991,0.03482587064676617,True,200,0.16679958983707416,False
YFF,hpc,26,27,109,0.1559633027522936,90.0,0.2,0.11564220183486239,0.17477064220183472,0.14427860696517414,False,200,0.2694182150472129,False
YFF,hpc,27,28,109,0.11009174311926606,75.0,0.2,0.09784403669724771,0.14678899082568808,0.38308457711442784,False,200,0.45228695233509864,False
YFF,hpc,28,29,109,0.1834862385321101,180.0,0.2,0.11050458715596331,0.1651376146788991,0.024875621890547265,True,200,0.160667251975417,False
YFF,hpc,29,30,109,0.10091743119266056,75.0,0.2,0.09738532110091745,0.14678899082568808,0.4975124378109453,False,200,0.5451783001161855,False
YFF,hpc,30,31,109,0.1926605504587156,60.0,0.5,0.11224770642201837,0.1651376146788991,0.01990049751243781,True,200,0.15387849484969518,False
YFF,hpc,31,32,109,0.09174311926605505,150.0,0.2,0.10252293577981651,0.1472477064220182,0.681592039800995,False,200,0.7020525888381731,False
YFF,hpc,32,33,109,0.2018348623853211,300.0,0.5,0.10344036697247708,0.1651376146788991,0.009950248756218905,True,200,0.1300639658848614,False
YFF,hpc,33,34,109,0.1926605504587156,180.0,0.2,0.10559633027522936,0.1743119266055046,0.03482587064676617,True,200,0.16679958983707416,False
YFF,hpc,34,35,109,0.2018348623853211,180.0,0.2,0.1059633027522936,0.1651376146788991,0.009950248756218905,True,200,0.1300639658848614,False
YFF,hpc,35,36,109,0.1834862385321101,150.0,0.2,0.11357798165137617,0.1743119266055046,0.03980099502487562,True,200,0.16679958983707416,False
YFF,hpc,36,37,109,0.05504587155963303,150.0,0.2,0.09743119266055046,0.14678899082568808,0.9800995024875622,False,200,0.9818880052293278,False
YFF,hpc,37,38,109,0.1834862385321101,60.0,0.8,0.11220183486238533,0.16559633027522921,0.029850746268656716,True,200,0.160667251975417,False
YFF,hpc,38,39,109,0.1834862385321101,75.0,0.8,0.11605504587155963,0.1743119266055046,0.04975124378109453,True,200,0.16964865115416705,False
YFF,hpc,39,40,109,0.24770642201834864,150.0,0.8,0.10788990825688075,0.1743119266055046,0.004975124378109453,True,200,0.1300639658848614,False
YFF,hpc,40,41,109,0.1651376146788991,60.0,0.8,0.11623853211009177,0.17477064220183472,0.0845771144278607,False,200,0.19843092231151935,False
YFF,hpc,41,42,109,0.10091743119266056,150.0,0.5,0.10151376146788993,0.1559633027522936,0.5621890547263682,False,200,0.6004704105929497,False
YFF,hpc,42,43,109,0.1743119266055046,90.0,0.8,0.11256880733944956,0.16559633027522921,0.05472636815920398,False,200,0.17168443496801705,False
YFF,hpc,43,44,109,0.12844036697247707,225.0,0.5,0.10802752293577983,0.16559633027522921,0.3034825870646766,False,200,0.3856757877280266,False
YFF,hpc,44,45,109,0.13761467889908258,100.0,0.2,0.10798165137614679,0.1743119266055046,0.25870646766169153,False,200,0.35507462686567165,False
YFF,hpc,45,46,109,0.13761467889908258,900.0,0.2,0.10183486238532109,0.14678899082568808,0.15422885572139303,False,200,0.2767047117354405,False
YFF,hpc,46,47,109,0.14678899082568808,180.0,0.5,0.11146788990825689,0.16559633027522921,0.17412935323383086,False,200,0.288812733913514,False
YFF,hpc,47,48,109,0.13761467889908258,225.0,0.2,0.10018348623853213,0.1559633027522936,0.14427860696517414,False,200,0.2694182150472129,False
YFF,hpc,48,49,109,0.1559633027522936,900.0,0.2,0.10885321100917432,0.1651376146788991,0.10945273631840796,False,200,0.23200599320002305,False
YFF,hpc,49,50,109,0.08256880733944955,60.0,0.5,0.10614678899082569,0.1564220183486237,0.8258706467661692,False,200,0.836536872831415,False
YFF,hpc,50,51,109,0.1926605504587156,300.0,0.5,0.10848623853211009,0.1559633027522936,0.014925373134328358,True,200,0.14898236092265943,False
YFF,hpc,51,52,109,0.14678899082568808,100.0,0.2,0.10724770642201836,0.1564220183486237,0.14925373134328357,False,200,0.2722269053404076,False
YFF,hpc,52,53,109,0.1651376146788991,300.0,0.2,0.11119266055045873,0.1651376146788991,0.06467661691542288,False,200,0.18116052391105697,False
YFF,hpc,53,54,109,0.14678899082568808,225.0,0.2,0.10426605504587157,0.1559633027522936,0.0945273631840796,False,200,0.2126865671641791,False
YFI,hpc,0,1,104,0.15384615384615385,90.0,0.2,0.114375,0.17307692307692307,0.12935323383084577,False,200,0.2536247334754797,False
YFI,hpc,1,2,104,0.20192307692307693,60.0,0.2,0.11384615384615385,0.16394230769230753,0.014925373134328358,True,200,0.14898236092265943,False
YFI,hpc,2,3,104,0.19230769230769232,90.0,0.2,0.10490384615384617,0.16346153846153846,0.004975124378109453,True,200,0.1300639658848614,False
YFI,hpc,3,4,104,0.18269230769230768,180.0,0.2,0.10995192307692309,0.17307692307692307,0.03980099502487562,True,200,0.16679958983707416,False
YFI,hpc,4,5,104,0.18269230769230768,180.0,0.2,0.1083173076923077,0.17307692307692307,0.03980099502487562,True,200,0.16679958983707416,False
YFI,hpc,5,6,104,0.14423076923076922,75.0,0.2,0.11072115384615384,0.17307692307692307,0.21393034825870647,False,200,0.32534005870922394,False
YFI,hpc,6,7,104,0.11538461538461539,180.0,0.5,0.1073076923076923,0.17307692307692307,0.48258706467661694,False,200,0.5320086315410898,False
YFI,hpc,7,8,104,0.19230769230769232,60.0,0.2,0.11197115384615385,0.17307692307692307,0.024875621890547265,True,200,0.160667251975417,False
YFI,hpc,8,9,104,0.14423076923076922,150.0,0.8,0.10692307692307691,0.16346153846153846,0.208955223880597,False,200,0.31954433958341993,False
YFI,hpc,18,19,104,0.15384615384615385,450.0,0.2,0.10451923076923077,0.16346153846153846,0.12935323383084577,False,200,0.2536247334754797,False
YFI,hpc,19,20,104,0.18269230769230768,180.0,0.8,0.10740384615384617,0.17355769230769214,0.05472636815920398,False,200,0.17168443496801705,False
YFI,hpc,20,21,104,0.19230769230769232,150.0,0.8,0.1114423076923077,0.16346153846153846,0.01990049751243781,True,200,0.15387849484969518,False
YFI,hpc,21,22,104,0.1346153846153846,100.0,0.2,0.11048076923076923,0.18269230769230768,0.24875621890547264,False,200,0.3492766347291674,False
YFI,hpc,22,23,104,0.08653846153846154,450.0,0.8,0.10836538461538461,0.15384615384615385,0.8308457711442786,False,200,0.8400263874000164,False
YFI,hpc,23,24,104,0.17307692307692307,300.0,0.8,0.10947115384615383,0.17307692307692307,0.06467661691542288,False,200,0.18116052391105697,False
YFI,hpc,24,25,104,0.18269230769230768,90.0,0.5,0.11158653846153847,0.16346153846153846,0.029850746268656716,True,200,0.160667251975417,False
YFI,hpc,25,26,104,0.15384615384615385,60.0,0.5,0.11524038461538462,0.18269230769230768,0.18407960199004975,False,200,0.300772921108742,False
YFI,hpc,26,27,104,0.20192307692307693,60.0,0.5,0.10884615384615383,0.17355769230769214,0.01990049751243781,True,200,0.15387849484969518,False
YFI,hpc,27,28,104,0.125,150.0,0.5,0.10951923076923077,0.17307692307692307,0.39800995024875624,False,200,0.46196080906250986,False
YFI,hpc,28,29,104,0.15384615384615385,90.0,0.5,0.11072115384615384,0.17307692307692307,0.13930348258706468,False,200,0.2637159032424087,False
YFI,hpc,29,30,104,0.20192307692307693,450.0,0.8,0.10692307692307694,0.17307692307692307,0.009950248756218905,True,200,0.1300639658848614,False
YFI,ent,30,31,104,0.21153846153846154,150.0,0.8,0.10923076923076923,0.16346153846153846,0.009950248756218905,True,200,0.1300639658848614,False
YFI,ent,31,32,104,0.16346153846153846,100.0,0.2,0.10932692307692307,0.16346153846153846,0.07462686567164178,False,200,0.1905588337382853,False
YFI,ent,32,33,104,0.1346153846153846,450.0,0.8,0.10288461538461537,0.15384615384615385,0.208955223880597,False,200,0.31954433958341993,False
YFI,ent,33,34,104,0.18269230769230768,450.0,0.2,0.10721153846153847,0.16346153846153846,0.029850746268656716,True,200,0.160667251975417,False
YFI,ent,34,35,104,0.17307692307692307,90.0,0.8,0.11182692307692309,0.17307692307692307,0.05970149253731343,False,200,0.18008856814826965,False
YFI,ent,35,36,104,0.15384615384615385,225.0,0.8,0.10740384615384617,0.17307692307692307,0.1691542288557214,False,200,0.28750981932443054,False
YFI,ent,36,37,104,0.18269230769230768,75.0,0.8,0.11326923076923076,0.16394230769230753,0.03482587064676617,True,200,0.16679958983707416,False
YFI,ent,37,38,104,0.15384615384615385,60.0,0.8,0.10971153846153847,0.17307692307692307,0.13930348258706468,False,200,0.2637159032424087,False
YFJ,hpc,9,10,114,0.18421052631578946,100.0,0.8,0.11131578947368422,0.16666666666666666,0.029850746268656716,True,200,0.160667251975417,False
YFJ,hpc,10,11,114,0.12280701754385964,180.0,0.2,0.10653508771929826,0.15789473684210525,0.3880597014925373,False,200,0.45522388059701496,False
YFJ,hpc,11,12,114,0.18421052631578946,450.0,0.5,0.10355263157894737,0.15789473684210525,0.014925373134328358,True,200,0.14898236092265943,False
YFJ,hpc,12,13,114,0.15789473684210525,60.0,0.2,0.11456140350877192,0.1671052631578946,0.11940298507462686,False,200,0.24459790599242592,False
YFJ,hpc,13,14,114,0.14035087719298245,300.0,0.2,0.10333333333333332,0.15789473684210525,0.14925373134328357,False,200,0.2722269053404076,False
YFJ,hpc,14,15,114,0.16666666666666666,60.0,0.2,0.13460526315789473,0.16666666666666666,0.2835820895522388,False,200,0.3715669860720265,False
YFJ,hpc,15,16,114,0.16666666666666666,75.0,0.2,0.10921052631578947,0.16666666666666666,0.06467661691542288,False,200,0.18116052391105697,False
YFJ,hpc,16,17,114,0.11403508771929824,100.0,0.2,0.10144736842105263,0.17543859649122806,0.373134328358209,False,200,0.4433998836983912,False
YFJ,hpc,17,18,114,0.14035087719298245,450.0,0.2,0.08517543859649124,0.13201754385964898,0.05472636815920398,False,200,0.17168443496801705,False
YFJ,hpc,18,19,114,0.13157894736842105,180.0,0.8,0.1075,0.16666666666666666,0.25870646766169153,False,200,0.35507462686567165,False
YFJ,hpc,19,20,114,0.21929824561403508,100.0,0.2,0.10728070175438596,0.16666666666666666,0.004975124378109453,True,200,0.1300639658848614,False
YFJ,hpc,20,21,114,0.09649122807017543,450.0,0.2,0.0894298245614035,0.15789473684210525,0.40298507462686567,False,200,0.46478740750031355,False
YFJ,hpc,21,22,114,0.18421052631578946,60.0,0.2,0.11543859649122806,0.17543859649122806,0.03980099502487562,True,200,0.16679958983707416,False
YFJ,hpc,22,23,114,0.20175438596491227,100.0,0.5,0.1130263157894737,0.1671052631578946,0.009950248756218905,True,200,0.1300639658848614,False
YFJ,hpc,23,24,114,0.16666666666666666,180.0,0.8,0.10280701754385965,0.14912280701754385,0.029850746268656716,True,200,0.160667251975417,False
YFJ,hpc,24,25,114,0.14912280701754385,225.0,0.5,0.10903508771929825,0.15789473684210525,0.1044776119402985,False,200,0.22493415276558382,False
YFJ,hpc,25,26,114,0.16666666666666666,90.0,0.8,0.11425438596491228,0.17543859649122806,0.09950248756218906,False,200,0.2193850026973566,False
YFJ,hpc,26,27,114,0.14035087719298245,60.0,0.2,0.11311403508771928,0.16666666666666666,0.25870646766169153,False,200,0.35507462686567165,False
YFJ,hpc,27,28,114,0.14035087719298245,90.0,0.2,0.11048245614035088,0.15789473684210525,0.19402985074626866,False,200,0.3078681735829523,False
YFJ,hpc,28,29,114,0.16666666666666666,300.0,0.2,0.1113157894736842,0.15789473684210525,0.03980099502487562,True,200,0.16679958983707416,False
YFJ,hpc,37,38,114,0.18421052631578946,60.0,0.5,0.11662280701754385,0.17543859649122806,0.04477611940298507,True,200,0.1672250989948218,False
YFJ,hpc,38,39,114,0.13157894736842105,450.0,0.2,0.09267543859649123,0.16666666666666666,0.19900497512437812,False,200,0.3095006553634096,False
YFJ,hpc,39,40,114,0.16666666666666666,225.0,0.2,0.10162280701754386,0.14912280701754385,0.029850746268656716,True,200,0.160667251975417,False
YFJ,hpc,40,41,114,0.13157894736842105,225.0,0.2,0.10899122807017544,0.16666666666666666,0.3283582089552239,False,200,0.4078476396299048,False
YFJ,hpc,41,42,114,0.16666666666666666,90.0,0.2,0.11311403508771929,0.16666666666666666,0.06965174129353234,False,200,0.1874451273046532,False
YFJ,hpc,42,43,114,0.14035087719298245,180.0,0.2,0.10688596491228068,0.16666666666666666,0.21890547263681592,False,200,0.3274634999389971,False
YFJ,hpc,43,44,114,0.14912280701754385,180.0,0.2,0.10557017543859647,0.16666666666666666,0.11442786069651742,False,200,0.23886272061744512,False
YFJ,hpc,44,45,114,0.21052631578947367,225.0,0.5,0.10921052631578947,0.16666666666666666,0.009950248756218905,True,200,0.1300639658848614,False
YFJ,hpc,45,46,114,0.12280701754385964,450.0,0.2,0.08526315789473683,0.14078947368421038,0.13432835820895522,False,200,0.25695563991887255,False
YFJ,hpc,46,47,114,0.16666666666666666,300.0,0.8,0.1082017543859649,0.1671052631578946,0.07960199004975124,False,200,0.19336943600581166,False
YFJ,hpc,47,48,114,0.12280701754385964,450.0,0.8,0.10583333333333333,0.15789473684210525,0.2935323383084577,False,200,0.38006899464939453,False
YFJ,hpc,48,49,114,0.18421052631578946,90.0,0.2,0.11350877192982456,0.1671052631578946,0.03482587064676617,True,200,0.16679958983707416,False
YFJ,hpc,49,50,114,0.14912280701754385,60.0,0.2,0.11390350877192983,0.17543859649122806,0.16417910447761194,False,200,0.28344128414531117,False
YFJ,hpc,50,51,114,0.11403508771929824,75.0,0.2,0.10907894736842107,0.1671052631578946,0.4079601990049751,False,200,0.4675785996946374,False
YFJ,hpc,51,52,114,0.12280701754385964,900.0,0.2,0.1062280701754386,0.15789473684210525,0.35323383084577115,False,200,0.4299897408743423,False
YFJ,hpc,52,53,114,0.17543859649122806,180.0,0.5,0.10596491228070175,0.15789473684210525,0.01990049751243781,True,200,0.15387849484969518,False
YFJ,hpc,53,54,114,0.07894736842105263,450.0,0.2,0.08600877192982455,0.14912280701754385,0.582089552238806,False,200,0.6193162096494272,False
YFJ,hpc,54,55,114,0.15789473684210525,60.0,0.2,0.1193859649122807,0.17543859649122806,0.17412935323383086,False,200,0.288812733913514,False
YFJ,hpc,55,56,114,0.15789473684210525,90.0,0.2,0.11394736842105262,0.17543859649122806,0.12935323383084577,False,200,0.2536247334754797,False
YFJ,hpc,56,57,114,0.11403508771929824,100.0,0.8,0.11057017543859649,0.16666666666666666,0.46766169154228854,False,200,0.5207835064030758,False
YFJ,hpc,57,58,114,0.21929824561403508,150.0,0.8,0.11017543859649122,0.15789473684210525,0.004975124378109453,True,200,0.1300639658848614,False
YFJ,hpc,58,59,114,0.14912280701754385,90.0,0.5,0.11131578947368422,0.17543859649122806,0.15920398009950248,False,200,0.2801377726750861,False
YFJ,hpc,59,60,114,0.11403508771929824,150.0,0.2,0.11166666666666668,0.17543859649122806,0.48756218905472637,False,200,0.5353432835820896,False
YFJ,hpc,60,61,114,0.19298245614035087,100.0,0.8,0.1099561403508772,0.16666666666666666,0.029850746268656716,True,200,0.160667251975417,False
YFJ,hpc,61,62,114,0.16666666666666666,75.0,0.8,0.11333333333333333,0.16666666666666666,0.06467661691542288,False,200,0.18116052391105697,False
YFK,hpc,24,25,114,0.15789473684210525,60.0,0.2,0.11355263157894736,0.17543859649122806,0.15920398009950248,False,200,0.2801377726750861,False
YFK,hpc,25,26,114,0.13157894736842105,60.0,0.2,0.11267543859649123,0.1671052631578946,0.29850746268656714,False,200,0.38379530916844345,False
YFK,hpc,26,27,114,0.17543859649122806,100.0,0.2,0.10969298245614034,0.16666666666666666,0.04477611940298507,True,200,0.1672250989948218,False
YFK,hpc,27,28,114,0.16666666666666666,60.0,0.2,0.15916435826408123,0.16666666666666666,0.6666666666666666,False,152,0.6918714555765595,False
YFK,hpc,28,29,114,0.13157894736842105,60.0,0.2,0.11394736842105262,0.175877192982456,0.3482587064676617,False,200,0.4248756218905473,False
YFK,hpc,29,30,114,0.17543859649122806,100.0,0.5,0.1125,0.17543859649122806,0.06965174129353234,False,200,0.1874451273046532,False
YFK,hpc,30,31,114,0.18421052631578946,90.0,0.2,0.11302631578947368,0.16666666666666666,0.029850746268656716,True,200,0.160667251975417,False
YFK,hpc,31,32,114,0.13157894736842105,90.0,0.8,0.09214912280701755,0.15789473684210525,0.14925373134328357,False,200,0.2722269053404076,False
YFK,hpc,32,33,114,0.13157894736842105,75.0,0.8,0.11469298245614035,0.17543859649122806,0.3482587064676617,False,200,0.4248756218905473,False
YFK,hpc,33,34,114,0.13157894736842105,90.0,0.2,0.11118421052631579,0.17543859649122806,0.31343283582089554,False,200,0.39466657537998084,False
YFK,para-hpc,34,35,114,0.12280701754385964,100.0,0.5,0.11473684210526315,0.175877192982456,0.39800995024875624,False,200,0.46196080906250986,False
YFK,para-hpc,35,36,114,0.14035087719298245,300.0,0.2,0.10539473684210528,0.16666666666666666,0.17412935323383086,False,200,0.288812733913514,False
YFK,para-hpc,36,37,114,0.15789473684210525,225.0,0.2,0.1056578947368421,0.15789473684210525,0.06965174129353234,False,200,0.1874451273046532,False
YFK,para-hpc,37,38,114,0.17543859649122806,100.0,0.2,0.11385964912280702,0.17543859649122806,0.06467661691542288,False,200,0.18116052391105697,False
YFK,para-hpc,38,39,114,0.13157894736842105,450.0,0.2,0.10342105263157894,0.15789473684210525,0.23383084577114427,False,200,0.33871539400622214,False
YFK,para-hpc,39,40,114,0.19298245614035087,60.0,0.2,0.11412280701754385,0.17543859649122806,0.014925373134328358,True,200,0.14898236092265943,False
YFK,para-hpc,40,41,114,0.12280701754385964,450.0,0.5,0.10530701754385964,0.15789473684210525,0.3333333333333333,False,200,0.4112359550561797,False
YFK,para-hpc,41,42,114,0.14912280701754385,900.0,0.2,0.1064035087719298,0.15789473684210525,0.1044776119402985,False,200,0.22493415276558382,False
YFK,para-hpc,42,43,114,0.18421052631578946,75.0,0.5,0.11350877192982456,0.16666666666666666,0.03980099502487562,True,200,0.16679958983707416,False
YFK,para-hpc,43,44,114,0.18421052631578946,300.0,0.8,0.09719298245614034,0.14912280701754385,0.004975124378109453,True,200,0.1300639658848614,False
YFK,para-hpc,44,45,114,0.11403508771929824,90.0,0.2,0.11052631578947367,0.16666666666666666,0.5074626865671642,False,200,0.5538708050206226,False
YFK,para-hpc,45,46,114,0.14035087719298245,60.0,0.8,0.11824561403508772,0.17543859649122806,0.3034825870646766,False,200,0.3856757877280266,False
YFK,para-hpc,46,47,114,0.13157894736842105,180.0,0.2,0.10890350877192984,0.16666666666666666,0.2736318407960199,False,200,0.36285961496863506,False
YFK,hpc,47,48,114,0.18421052631578946,150.0,0.2,0.11315789473684208,0.16666666666666666,0.029850746268656716,True,200,0.160667251975417,False
YFK,hpc,48,49,114,0.18421052631578946,60.0,0.5,0.11364035087719299,0.16666666666666666,0.029850746268656716,True,200,0.160667251975417,False
YFK,hpc,49,50,114,0.13157894736842105,225.0,0.2,0.10679824561403507,0.16666666666666666,0.2736318407960199,False,200,0.36285961496863506,False
YFK,hpc,50,51,114,0.08771929824561403,90.0,0.2,0.09679824561403509,0.14912280701754385,0.6567164179104478,False,200,0.6854321548152772,False
YFK,hpc,51,52,114,0.21929824561403508,90.0,0.8,0.10951754385964912,0.16666666666666666,0.004975124378109453,True,200,0.1300639658848614,False
YFK,hpc,52,53,114,0.12280701754385964,100.0,0.5,0.11078947368421051,0.16666666666666666,0.43781094527363185,False,200,0.4945642159572508,False
YFK,hpc,53,54,114,0.12280701754385964,100.0,0.5,0.11197368421052632,0.15789473684210525,0.4228855721393035,False,200,0.48166842137858423,False
YFK,hpc,54,55,114,0.14912280701754385,75.0,0.5,0.09719298245614034,0.15789473684210525,0.09950248756218906,False,200,0.2193850026973566,False
YFK,hpc,55,56,114,0.17543859649122806,300.0,0.8,0.10144736842105262,0.1583333333333332,0.03482587064676617,True,200,0.16679958983707416,False
YFK,hpc,56,57,114,0.15789473684210525,60.0,0.2,0.15139371270816632,0.16666666666666666,0.601010101010101,False,197,0.6357505692765808,False
YFK,hpc,57,58,114,0.18421052631578946,90.0,0.5,0.10942982456140349,0.17543859649122806,0.03980099502487562,True,200,0.16679958983707416,False
YFK,hpc,58,59,114,0.14912280701754385,150.0,0.2,0.11285087719298245,0.175877192982456,0.17412935323383086,False,200,0.288812733913514,False
YFK,hpc,59,60,114,0.20175438596491227,75.0,0.2,0.11175438596491227,0.16666666666666666,0.009950248756218905,True,200,0.1300639658848614,False
YFK,hpc,60,61,114,0.17543859649122806,75.0,0.2,0.09043859649122807,0.1671052631578946,0.05472636815920398,False,200,0.17168443496801705,False
YFK,hpc,61,62,114,0.17543859649122806,75.0,0.2,0.11561403508771928,0.17543859649122806,0.06467661691542288,False,200,0.18116052391105697,False
YFK,hpc,62,63,114,0.14035087719298245,75.0,0.8,0.1093859649122807,0.1583333333333332,0.24378109452736318,False,200,0.34762550881953863,False
YFK,para-hpc,63,64,114,0.07017543859649122,450.0,0.2,0.08833333333333332,0.15789473684210525,0.6716417910447762,False,200,0.6944093093852771,False
YFK,para-hpc,64,65,114,0.14035087719298245,75.0,0.2,0.10109649122807017,0.15789473684210525,0.16417910447761194,False,200,0.28344128414531117,False
YFK,para-hpc,65,66,114,0.14912280701754385,450.0,0.2,0.09521929824561404,0.14956140350877178,0.0845771144278607,False,200,0.19843092231151935,False
YFK,para-hpc,66,67,114,0.16666666666666666,100.0,0.5,0.10328947368421053,0.16666666666666666,0.07462686567164178,False,200,0.1905588337382853,False
YFK,para-hpc,67,68,114,0.14035087719298245,60.0,0.8,0.11078947368421051,0.1671052631578946,0.23383084577114427,False,200,0.33871539400622214,False
YFL,hpc,19,20,114,0.15789473684210525,100.0,0.2,0.10434210526315789,0.15789473684210525,0.05970149253731343,False,200,0.18008856814826965,False
YFL,hpc,20,21,114,0.15789473684210525,100.0,0.2,0.13394736842105265,0.18421052631578946,0.3582089552238806,False,200,0.43316457360773225,False
YFL,hpc,21,22,114,0.17543859649122806,225.0,0.2,0.10078947368421053,0.17543859649122806,0.06467661691542288,False,200,0.18116052391105697,False
YFL,hpc,22,23,114,0.15789473684210525,225.0,0.5,0.10543859649122807,0.15789473684210525,0.07462686567164178,False,200,0.1905588337382853,False
YFL,hpc,23,24,114,0.16666666666666666,60.0,0.8,0.1118421052631579,0.17543859649122806,0.07960199004975124,False,200,0.19336943600581166,False
YFL,hpc,24,25,114,0.13157894736842105,75.0,0.2,0.10600877192982455,0.1671052631578946,0.25870646766169153,False,200,0.35507462686567165,False
YFL,hpc,25,26,114,0.17543859649122806,100.0,0.2,0.11412280701754385,0.17543859649122806,0.06467661691542288,False,200,0.18116052391105697,False
YFL,hpc,26,27,114,0.19298245614035087,75.0,0.5,0.11350877192982456,0.17543859649122806,0.01990049751243781,True,200,0.15387849484969518,False
YFL,hpc,27,28,114,,,,,,,False,0,,False
YFL,hpc,28,29,114,0.11403508771929824,100.0,0.2,0.09057017543859647,0.14912280701754385,0.26865671641791045,False,200,0.36061745064409007,False
YFL,hpc,29,30,114,0.19298245614035087,225.0,0.2,0.10587719298245613,0.16666666666666666,0.024875621890547265,True,200,0.160667251975417,False
YFL,hpc,30,31,114,0.20175438596491227,100.0,0.8,0.10973684210526315,0.16666666666666666,0.009950248756218905,True,200,0.1300639658848614,False
YFL,hpc,31,32,114,0.14035087719298245,75.0,0.2,0.1107456140350877,0.18421052631578946,0.24875621890547264,False,200,0.3492766347291674,False
YFL,hpc,32,33,114,0.14912280701754385,900.0,0.2,0.09807017543859647,0.14956140350877178,0.08955223880597014,False,200,0.20744379368977894,False
YFL,hpc,33,34,114,0.18421052631578946,100.0,0.8,0.11017543859649123,0.1583333333333332,0.029850746268656716,True,200,0.160667251975417,False
YFL,hpc,34,35,114,0.13157894736842105,90.0,0.8,0.10833333333333332,0.16666666666666666,0.23880597014925373,False,200,0.3432054387747128,False
YFL,hpc,35,36,114,0.15789473684210525,60.0,0.2,0.11671052631578947,0.18421052631578946,0.13432835820895522,False,200,0.25695563991887255,False
YFL,hpc,36,37,114,0.13157894736842105,75.0,0.2,0.11565789473684211,0.175877192982456,0.3681592039800995,False,200,0.4413087401420843,False
YFL,hpc,37,38,114,0.16666666666666666,100.0,0.8,0.11508771929824561,0.17543859649122806,0.11442786069651742,False,200,0.23886272061744512,False
YFL,hpc,38,39,114,0.14035087719298245,900.0,0.2,0.1031578947368421,0.14912280701754385,0.12935323383084577,False,200,0.2536247334754797,False
YFL,hpc,39,40,114,0.16666666666666666,225.0,0.8,0.10460526315789474,0.15789473684210525,0.04975124378109453,True,200,0.16964865115416705,False
YFL,hpc,58,59,114,0.17543859649122806,300.0,0.5,0.10557017543859647,0.16666666666666666,0.04477611940298507,True,200,0.1672250989948218,False
YFL,hpc,59,60,114,0.10526315789473684,900.0,0.2,0.09289473684210525,0.14035087719298245,0.3681592039800995,False,200,0.4413087401420843,False
YFL,hpc,60,61,114,0.12280701754385964,225.0,0.2,0.11039473684210525,0.1671052631578946,0.3880597014925373,False,200,0.45522388059701496,False
YFL,hpc,61,62,114,0.12280701754385964,75.0,0.5,0.11258771929824561,0.1583333333333332,0.417910447761194,False,200,0.4779850746268657,False
YFL,hpc,62,63,114,0.14035087719298245,60.0,0.2,0.11302631578947368,0.175877192982456,0.24875621890547264,False,200,0.3492766347291674,False
YFL,hpc,63,64,114,0.15789473684210525,90.0,0.5,0.11320175438596491,0.16666666666666666,0.13432835820895522,False,200,0.25695563991887255,False
YFL,hpc,64,65,114,0.14035087719298245,150.0,0.2,0.11346491228070174,0.1671052631578946,0.2537313432835821,False,200,0.3544491284037826,False
YFL,hpc,65,66,114,0.18421052631578946,225.0,0.2,0.10513157894736842,0.16666666666666666,0.01990049751243781,True,200,0.15387849484969518,False
YFL,hpc,66,67,114,0.16666666666666666,300.0,0.8,0.10495614035087719,0.16666666666666666,0.06467661691542288,False,200,0.18116052391105697,False
YFL,hpc,67,68,114,0.10526315789473684,150.0,0.2,0.10627192982456139,0.15789473684210525,0.5422885572139303,False,200,0.5872118696458535,False
YFL,hpc,68,69,114,0.13157894736842105,60.0,0.2,0.11758771929824562,0.175877192982456,0.4079601990049751,False,200,0.4675785996946374,False
YFL,hpc,69,70,114,0.10526315789473684,100.0,0.5,0.10793859649122807,0.16666666666666666,0.5572139303482587,False,200,0.5998244073748903,False
YFL,hpc,70,71,114,0.18421052631578946,180.0,0.8,0.1093421052631579,0.1583333333333332,0.029850746268656716,True,200,0.160667251975417,False
YFL,hpc,71,72,114,0.15789473684210525,150.0,0.2,0.11495614035087719,0.16666666666666666,0.15920398009950248,False,200,0.2801377726750861,False
YFL,hpc,72,73,114,0.17543859649122806,60.0,0.8,0.11771929824561403,0.17543859649122806,0.07960199004975124,False,200,0.19336943600581166,False
YFL,hpc,73,74,114,0.17543859649122806,150.0,0.8,0.11254385964912281,0.16666666666666666,0.04477611940298507,True,200,0.1672250989948218,False
YFL,hpc,74,75,114,0.12280701754385964,300.0,0.2,0.10557017543859647,0.15789473684210525,0.3283582089552239,False,200,0.4078476396299048,False
YFL,hpc,75,76,114,0.15789473684210525,75.0,0.2,0.11271929824561402,0.17543859649122806,0.13432835820895522,False,200,0.25695563991887255,False
YFL,hpc,76,77,114,0.13157894736842105,450.0,0.8,0.10596491228070175,0.15789473684210525,0.2537313432835821,False,200,0.3544491284037826,False
YFL,hpc,77,78,114,0.18421052631578946,100.0,0.2,0.11517543859649121,0.16666666666666666,0.029850746268656716,True,200,0.160667251975417,False
YFL,hpc,78,79,114,0.14035087719298245,75.0,0.2,0.11342105263157894,0.15789473684210525,0.24378109452736318,False,200,0.34762550881953863,False
YFL,ent,79,80,114,0.12280701754385964,900.0,0.2,0.10337719298245612,0.14912280701754385,0.30845771144278605,False,200,0.39019189765458423,False
YFL,ent,80,81,114,0.14035087719298245,150.0,0.2,0.10842105263157893,0.1583333333333332,0.19402985074626866,False,200,0.3078681735829523,False
YFL,ent,81,82,114,0.09649122807017543,60.0,0.2,0.09811403508771928,0.15789473684210525,0.5621890547263682,False,200,0.6004704105929497,False
YFL,ent,82,83,114,0.16666666666666666,900.0,0.2,0.10916666666666666,0.16666666666666666,0.05970149253731343,False,200,0.18008856814826965,False
YFL,ent,83,84,114,0.14912280701754385,75.0,0.2,0.1162280701754386,0.17543859649122806,0.21890547263681592,False,200,0.3274634999389971,False
YFL,ent,84,85,114,0.15789473684210525,450.0,0.2,0.1062719298245614,0.15789473684210525,0.07462686567164178,False,200,0.1905588337382853,False
YFL,ent,85,86,114,0.17543859649122806,150.0,0.5,0.10802631578947369,0.16666666666666666,0.04975124378109453,True,200,0.16964865115416705,False
YFL,ent,86,87,114,0.19298245614035087,100.0,0.2,0.11574561403508771,0.17543859649122806,0.024875621890547265,True,200,0.160667251975417,False
YFL,ent,87,88,114,0.14035087719298245,90.0,0.2,0.11302631578947368,0.16666666666666666,0.23880597014925373,False,200,0.3432054387747128,False
YFL,ent,88,89,114,0.12280701754385964,75.0,0.5,0.10333333333333332,0.15789473684210525,0.2935323383084577,False,200,0.38006899464939453,False
YFL,ent,89,90,114,0.13157894736842105,900.0,0.2,0.1025877192982456,0.15789473684210525,0.208955223880597,False,200,0.31954433958341993,False
YFL,ent,90,91,114,0.16666666666666666,300.0,0.2,0.10618421052631577,0.15789473684210525,0.03482587064676617,True,200,0.16679958983707416,False
YFL,ent,91,92,114,0.12280701754385964,450.0,0.5,0.09916666666666664,0.14912280701754385,0.2736318407960199,False,200,0.36285961496863506,False
YFL,ent,92,93,114,0.18421052631578946,150.0,0.8,0.11206140350877192,0.1671052631578946,0.04477611940298507,True,200,0.1672250989948218,False
YFL,ent,93,94,114,0.17543859649122806,225.0,0.2,0.10903508771929823,0.16666666666666666,0.04975124378109453,True,200,0.16964865115416705,False
YFM,hpc,15,16,114,0.18421052631578946,60.0,0.8,0.11828947368421051,0.17543859649122806,0.04975124378109453,True,200,0.16964865115416705,False
YFM,hpc,16,17,114,0.17543859649122806,100.0,0.2,0.11030701754385965,0.16666666666666666,0.03482587064676617,True,200,0.16679958983707416,False
YFM,hpc,17,18,114,0.14912280701754385,75.0,0.5,0.10868421052631579,0.16666666666666666,0.15422885572139303,False,200,0.2767047117354405,False
YFM,hpc,18,19,114,0.15789473684210525,75.0,0.8,0.10640350877192983,0.1671052631578946,0.0945273631840796,False,200,0.2126865671641791,False
YFM,hpc,19,20,114,0.13157894736842105,75.0,0.2,0.11350877192982456,0.17543859649122806,0.3034825870646766,False,200,0.3856757877280266,False
YFM,hpc,20,21,114,0.14035087719298245,60.0,0.5,0.11451754385964913,0.175877192982456,0.25870646766169153,False,200,0.35507462686567165,False
YFM,hpc,21,22,114,0.16666666666666666,90.0,0.8,0.11035087719298244,0.16666666666666666,0.07462686567164178,False,200,0.1905588337382853,False
YFM,hpc,22,23,114,0.09649122807017543,90.0,0.8,0.10666666666666666,0.1583333333333332,0.6616915422885572,False,200,0.6893143391203376,False
YFM,hpc,23,24,114,0.15789473684210525,90.0,0.5,0.11416666666666667,0.17543859649122806,0.12437810945273632,False,200,0.2501230113170412,False
YFM,hpc,24,25,114,0.10526315789473684,75.0,0.2,0.10890350877192984,0.1671052631578946,0.5870646766169154,False,200,0.6224489795918368,False
YFM,hpc,25,26,114,0.17543859649122806,60.0,0.5,0.11337719298245615,0.17543859649122806,0.07462686567164178,False,200,0.1905588337382853,False
YFM,ent,33,34,114,0.17543859649122806,60.0,0.8,0.11692982456140351,0.1671052631578946,0.05472636815920398,False,200,0.17168443496801705,False
YFM,ent,34,35,114,0.14035087719298245,450.0,0.5,0.1057456140350877,0.14956140350877178,0.15920398009950248,False,200,0.2801377726750861,False
YFM,ent,35,36,114,0.19298245614035087,150.0,0.5,0.10030701754385964,0.1583333333333332,0.009950248756218905,True,200,0.1300639658848614,False
YFM,ent,36,37,114,0.19298245614035087,90.0,0.5,0.1143421052631579,0.16666666666666666,0.01990049751243781,True,200,0.15387849484969518,False
YFM,ent,37,38,114,0.16666666666666666,450.0,0.2,0.10407894736842105,0.14912280701754385,0.024875621890547265,True,200,0.160667251975417,False
YFM,ent,38,39,114,0.17543859649122806,100.0,0.5,0.10951754385964911,0.17543859649122806,0.05970149253731343,False,200,0.18008856814826965,False
YFM,ent,39,40,114,0.14035087719298245,180.0,0.8,0.10846491228070175,0.16666666666666666,0.23383084577114427,False,200,0.33871539400622214,False
YFM,ent,40,41,114,0.20175438596491227,75.0,0.2,0.11162280701754385,0.17543859649122806,0.029850746268656716,True,200,0.160667251975417,False
YFM,ent,41,42,114,0.12280701754385964,225.0,0.2,0.10855263157894736,0.17543859649122806,0.38308457711442784,False,200,0.45228695233509864,False
YFM,ent,42,43,114,0.18421052631578946,90.0,0.2,0.14201754385964913,0.16666666666666666,0.04477611940298507,True,200,0.1672250989948218,False
YFM,ent,43,44,114,0.17543859649122806,60.0,0.8,0.11583333333333332,0.17543859649122806,0.07960199004975124,False,200,0.19336943600581166,False
YFM,ent,44,45,114,0.14035087719298245,75.0,0.2,0.11258771929824561,0.16666666666666666,0.24875621890547264,False,200,0.3492766347291674,False
YFM,ent,45,46,114,0.14035087719298245,60.0,0.8,0.11399122807017542,0.17543859649122806,0.21890547263681592,False,200,0.3274634999389971,False
YFM,ent,46,47,114,0.08771929824561403,100.0,0.8,0.0907017543859649,0.14912280701754385,0.5621890547263682,False,200,0.6004704105929497,False
YFM,ent,47,48,114,0.14912280701754385,100.0,0.2,0.11364035087719299,0.17543859649122806,0.19402985074626866,False,200,0.3078681735829523,False
YFM,ent,48,49,114,0.14912280701754385,75.0,0.5,0.11416666666666667,0.18421052631578946,0.1890547263681592,False,200,0.30526777875329236,False
YFM,ent,49,50,114,0.12280701754385964,90.0,0.2,0.10614035087719298,0.16666666666666666,0.34328358208955223,False,200,0.42161674847240305,False
YFM,hpc,61,62,114,0.12280701754385964,100.0,0.2,0.11131578947368422,0.1583333333333332,0.40298507462686567,False,200,0.46478740750031355,False
YFM,hpc,62,63,114,0.13157894736842105,180.0,0.8,0.11017543859649123,0.16666666666666666,0.2835820895522388,False,200,0.3715669860720265,False
YFM,hpc,63,64,114,,,,,,,False,0,,False
YFM,hpc,64,65,114,0.18421052631578946,90.0,0.2,0.11407894736842104,0.18421052631578946,0.06467661691542288,False,200,0.18116052391105697,False
YFM,hpc,65,66,114,0.14912280701754385,60.0,0.2,0.11557017543859649,0.16666666666666666,0.19900497512437812,False,200,0.3095006553634096,False
YFM,hpc,66,67,114,0.13157894736842105,225.0,0.5,0.1118421052631579,0.17543859649122806,0.29850746268656714,False,200,0.38379530916844345,False
YFM,hpc,67,68,114,0.08771929824561403,300.0,0.2,0.11048245614035088,0.18421052631578946,0.6467661691542289,False,200,0.6776233337131139,False
YFM,hpc,68,69,114,0.11403508771929824,300.0,0.2,0.10337719298245612,0.15789473684210525,0.373134328358209,False,200,0.4433998836983912,False
YFM,hpc,69,70,114,0.11403508771929824,225.0,0.5,0.11057017543859649,0.16666666666666666,0.46766169154228854,False,200,0.5207835064030758,False
YFM,hpc,70,71,114,0.14912280701754385,60.0,0.5,0.11456140350877192,0.17543859649122806,0.19402985074626866,False,200,0.3078681735829523,False
YFM,hpc,71,72,114,0.10526315789473684,90.0,0.8,0.09736842105263158,0.17543859649122806,0.40298507462686567,False,200,0.46478740750031355,False
YFM,hpc,72,73,114,0.14912280701754385,150.0,0.2,0.11017543859649122,0.1675438596491225,0.14925373134328357,False,200,0.2722269053404076,False
YFM,hpc,73,74,114,0.21052631578947367,225.0,0.2,0.11140350877192981,0.17543859649122806,0.004975124378109453,True,200,0.1300639658848614,False
YFM,hpc,74,75,114,0.19298245614035087,180.0,0.2,0.09140350877192983,0.16666666666666666,0.024875621890547265,True,200,0.160667251975417,False
YFM,hpc,75,76,114,0.16666666666666666,60.0,0.2,0.1584949215143121,0.16666666666666666,0.6073298429319371,False,190,0.6412001610954491,False
YFM,hpc,76,77,114,0.16666666666666666,60.0,0.2,0.1578480776409108,0.16666666666666666,0.5873015873015873,False,188,0.6224489795918368,False
YFM,hpc,77,78,114,0.06140350877192982,60.0,0.2,0.1311842105263158,0.16666666666666666,0.9800995024875622,False,200,0.9818880052293278,False
YFM,hpc,78,79,114,0.14035087719298245,60.0,0.2,0.1100877192982456,0.17543859649122806,0.23383084577114427,False,200,0.33871539400622214,False
YFM,hpc,79,80,114,0.10526315789473684,225.0,0.5,0.1020175438596491,0.17543859649122806,0.46766169154228854,False,200,0.5207835064030758,False
YFM,hpc,80,81,114,0.15789473684210525,900.0,0.2,0.10350877192982455,0.14956140350877178,0.05472636815920398,False,200,0.17168443496801705,False
YFM,hpc,81,82,114,0.16666666666666666,450.0,0.2,0.10114035087719297,0.15789473684210525,0.03980099502487562,True,200,0.16679958983707416,False
YFM,ent,82,83,114,0.14912280701754385,60.0,0.2,0.11442982456140349,0.18421052631578946,0.22885572139303484,False,200,0.3377467501203659,False
YFM,ent,83,84,114,0.15789473684210525,450.0,0.5,0.09157894736842104,0.14912280701754385,0.04477611940298507,True,200,0.1672250989948218,False
YFM,ent,84,85,114,0.19298245614035087,180.0,0.5,0.10425438596491227,0.15789473684210525,0.014925373134328358,True,200,0.14898236092265943,False
YFM,ent,85,86,114,0.21929824561403508,225.0,0.5,0.10385964912280703,0.15789473684210525,0.004975124378109453,True,200,0.1300639658848614,False
YFM,ent,86,87,114,0.13157894736842105,100.0,0.2,0.11714912280701753,0.18421052631578946,0.3681592039800995,False,200,0.4413087401420843,False
YFM,ent,87,88,114,0.15789473684210525,75.0,0.8,0.10048245614035087,0.14956140350877178,0.05472636815920398,False,200,0.17168443496801705,False
YFM,ent,88,89,114,0.18421052631578946,100.0,0.8,0.11232456140350877,0.17543859649122806,0.024875621890547265,True,200,0.160667251975417,False
YFM,ent,89,90,114,0.13157894736842105,60.0,0.5,0.11210526315789472,0.1671052631578946,0.27860696517412936,False,200,0.3676808266360505,False
YFM,ent,90,91,114,0.18421052631578946,150.0,0.2,0.10692982456140351,0.15789473684210525,0.004975124378109453,True,200,0.1300639658848614,False
YFM,ent,91,92,114,0.17543859649122806,60.0,0.5,0.10087719298245613,0.14956140350877178,0.029850746268656716,True,200,0.160667251975417,False
YFM,ent,92,93,114,0.18421052631578946,60.0,0.2,0.11526315789473685,0.17543859649122806,0.04975124378109453,True,200,0.16964865115416705,False
YFM,ent,93,94,114,0.15789473684210525,60.0,0.2,0.11210526315789475,0.17543859649122806,0.13432835820895522,False,200,0.25695563991887255,False
YFP,hpc,29,30,158,0.13924050632911392,60.0,0.2,0.10905063291139241,0.15822784810126583,0.208955223880597,False,200,0.31954433958341993,False
YFP,hpc,30,31,158,0.1518987341772152,180.0,0.2,0.1075,0.15854430379746826,0.0845771144278607,False,200,0.19843092231151935,False
YFP,hpc,31,32,158,0.14556962025316456,300.0,0.2,0.10395569620253164,0.16455696202531644,0.11442786069651742,False,200,0.23886272061744512,False
YFP,hpc,32,33,158,0.15822784810126583,75.0,0.2,0.10759493670886076,0.16455696202531644,0.07462686567164178,False,200,0.1905588337382853,False
YFP,hpc,33,34,158,0.1518987341772152,90.0,0.5,0.11477848101265824,0.16455696202531644,0.14925373134328357,False,200,0.2722269053404076,False
YFP,hpc,34,35,158,0.14556962025316456,150.0,0.2,0.10620253164556961,0.15854430379746826,0.13930348258706468,False,200,0.2637159032424087,False
YFP,hpc,35,36,158,0.17088607594936708,180.0,0.2,0.10142405063291139,0.15221518987341762,0.03482587064676617,True,200,0.16679958983707416,False
YFP,hpc,36,37,158,0.15822784810126583,75.0,0.8,0.11360759493670886,0.16455696202531644,0.09950248756218906,False,200,0.2193850026973566,False
YFP,hpc,37,38,158,0.14556962025316456,150.0,0.2,0.11297468354430379,0.1712025316455695,0.19900497512437812,False,200,0.3095006553634096,False
YFP,hpc,38,39,158,0.16455696202531644,300.0,0.2,0.12123417721518988,0.1518987341772152,0.014925373134328358,True,200,0.14898236092265943,False
YFP,hpc,39,40,158,0.18354430379746836,60.0,0.8,0.1102848101265823,0.16455696202531644,0.024875621890547265,True,200,0.160667251975417,False
YFP,hpc,40,41,158,0.13291139240506328,150.0,0.8,0.11158227848101265,0.17721518987341772,0.3034825870646766,False,200,0.3856757877280266,False
YFP,hpc,41,42,158,,,,,,,False,0,,False
YFP,hpc,42,43,158,0.12025316455696203,180.0,0.2,0.10585443037974684,0.16455696202531644,0.3333333333333333,False,200,0.4112359550561797,False
YFP,hpc,43,44,158,0.12658227848101267,150.0,0.8,0.10848101265822784,0.16455696202531644,0.2935323383084577,False,200,0.38006899464939453,False
YFP,hpc,44,45,158,0.13924050632911392,180.0,0.2,0.10962025316455697,0.15822784810126583,0.17412935323383086,False,200,0.288812733913514,False
YFP,hpc,45,46,158,0.1518987341772152,225.0,0.8,0.10781645569620252,0.1518987341772152,0.0845771144278607,False,200,0.19843092231151935,False
YFP,hpc,46,47,158,0.12658227848101267,75.0,0.5,0.11765822784810126,0.17721518987341772,0.4079601990049751,False,200,0.4675785996946374,False
YFP,hpc,73,74,158,0.15822784810126583,300.0,0.2,0.10468354430379748,0.15221518987341762,0.05472636815920398,False,200,0.17168443496801705,False
YFP,hpc,74,75,158,0.13924050632911392,180.0,0.8,0.10474683544303798,0.1518987341772152,0.15422885572139303,False,200,0.2767047117354405,False
YFP,hpc,75,76,158,0.12658227848101267,180.0,0.2,0.10772151898734178,0.15221518987341762,0.3283582089552239,False,200,0.4078476396299048,False
YFP,hpc,76,77,158,0.12025316455696203,150.0,0.2,0.10920886075949367,0.16455696202531644,0.373134328358209,False,200,0.4433998836983912,False
YFP,hpc,77,78,158,0.1518987341772152,180.0,0.8,0.1061392405063291,0.15822784810126583,0.0945273631840796,False,200,0.2126865671641791,False
YFP,hpc,78,79,158,0.1518987341772152,75.0,0.8,0.11278481012658226,0.17088607594936708,0.1691542288557214,False,200,0.28750981932443054,False
YFP,hpc,79,80,158,0.18354430379746836,75.0,0.2,0.11325949367088609,0.1518987341772152,0.004975124378109453,True,200,0.1300639658848614,False
YFP,hpc,80,81,158,0.11392405063291139,90.0,0.2,0.10655063291139241,0.15822784810126583,0.4527363184079602,False,200,0.5082867869242743,False
YFP,hpc,81,82,158,0.13924050632911392,75.0,0.5,0.11212025316455695,0.15822784810126583,0.19402985074626866,False,200,0.3078681735829523,False
YFP,hpc,82,83,158,,,,,,,False,0,,False
YFP,hpc,83,84,158,0.12658227848101267,300.0,0.2,0.10297468354430378,0.1518987341772152,0.24875621890547264,False,200,0.3492766347291674,False
YFP,hpc,84,85,158,0.13291139240506328,60.0,0.8,0.11243670886075949,0.16455696202531644,0.2736318407960199,False,200,0.36285961496863506,False
YFP,hpc,85,86,158,0.189873417721519,75.0,0.5,0.10927215189873418,0.15822784810126583,0.014925373134328358,True,200,0.14898236092265943,False
YFP,hpc,86,87,158,0.13924050632911392,75.0,0.8,0.11240506329113924,0.15822784810126583,0.17412935323383086,False,200,0.288812733913514,False
YFP,hpc,87,88,158,0.16455696202531644,90.0,0.5,0.1104746835443038,0.15822784810126583,0.04975124378109453,True,200,0.16964865115416705,False
YFP,hpc,88,89,158,0.12025316455696203,900.0,0.2,0.10433544303797468,0.15822784810126583,0.3333333333333333,False,200,0.4112359550561797,False
YFP,hpc,89,90,158,0.13291139240506328,180.0,0.8,0.10882911392405063,0.15854430379746826,0.26865671641791045,False,200,0.36061745064409007,False
YFP,hpc,90,91,158,0.16455696202531644,75.0,0.2,0.11231012658227847,0.16455696202531644,0.06965174129353234,False,200,0.1874451273046532,False
YFP,hpc,91,92,158,0.1518987341772152,60.0,0.8,0.10901898734177216,0.15221518987341762,0.0845771144278607,False,200,0.19843092231151935,False
YFP,hpc,92,93,158,0.14556962025316456,450.0,0.2,0.10515822784810126,0.15822784810126583,0.14925373134328357,False,200,0.2722269053404076,False
YFP,hpc,93,94,158,0.15822784810126583,900.0,0.2,0.1039873417721519,0.16455696202531644,0.08955223880597014,False,200,0.20744379368977894,False
YFP,hpc,94,95,158,0.1518987341772152,450.0,0.2,0.10455696202531646,0.1518987341772152,0.05970149253731343,False,200,0.18008856814826965,False
YFP,hpc,95,96,158,0.11392405063291139,60.0,0.8,0.11009493670886077,0.15822784810126583,0.5174129353233831,False,200,0.5636105188343994,False
YFP,hpc,96,97,158,0.15822784810126583,75.0,0.2,0.10939873417721518,0.16455696202531644,0.0845771144278607,False,200,0.19843092231151935,False
YFP,hpc,97,98,158,0.1518987341772152,300.0,0.2,0.10674050632911392,0.14556962025316456,0.04477611940298507,True,200,0.1672250989948218,False
YFR,hpc,0,1,266,0.14285714285714285,450.0,0.5,0.10736842105263157,0.15037593984962405,0.07960199004975124,False,200,0.19336943600581166,False
YFR,hpc,1,2,266,0.14661654135338345,225.0,0.2,0.11152255639097744,0.15413533834586465,0.1044776119402985,False,200,0.22493415276558382,False
YFR,hpc,2,3,266,0.11278195488721804,60.0,0.2,0.12575187969924811,0.13533834586466165,0.7810945273631841,False,200,0.797064861565777,False
YFR,hpc,3,4,266,0.11278195488721804,100.0,0.8,0.1106954887218045,0.150563909774436,0.472636815920398,False,200,0.5231403466538276,False
YFR,hpc,4,5,266,0.14661654135338345,100.0,0.2,0.11137218045112782,0.14661654135338345,0.06467661691542288,False,200,0.18116052391105697,False
YFR,hpc,5,6,266,0.15037593984962405,450.0,0.5,0.11020676691729324,0.1468045112781954,0.05472636815920398,False,200,0.17168443496801705,False
YFR,hpc,6,7,266,0.12781954887218044,60.0,0.5,0.10964285714285714,0.1430451127819548,0.25870646766169153,False,200,0.35507462686567165,False
YFR,hpc,7,8,266,0.09398496240601503,900.0,0.2,0.11046992481203005,0.13909774436090225,0.8208955223880597,False,200,0.8330344580241124,False
YFR,hpc,8,9,266,0.12781954887218044,75.0,0.8,0.10926691729323307,0.15037593984962405,0.22885572139303484,False,200,0.3377467501203659,False
YFR,hpc,9,10,266,0.09398496240601503,900.0,0.2,0.10887218045112781,0.1430451127819548,0.8109452736318408,False,200,0.8244610281923714,False
YFR,hpc,10,11,266,0.11278195488721804,900.0,0.2,0.10966165413533834,0.150563909774436,0.48756218905472637,False,200,0.5353432835820896,False
YFR,hpc,11,12,266,0.13909774436090225,75.0,0.2,0.11118421052631579,0.14661654135338345,0.10945273631840796,False,200,0.23200599320002305,False
YFR,hpc,12,13,266,0.10526315789473684,90.0,0.8,0.1092669172932331,0.14285714285714285,0.6417910447761194,False,200,0.6736965269256014,False
YFR,hpc,13,14,266,0.12406015037593984,60.0,0.2,0.11223684210526315,0.16165413533834586,0.3482587064676617,False,200,0.4248756218905473,False
YFR,hpc,14,15,266,,,,,,,False,0,,False
YFR,hpc,15,16,266,0.12406015037593984,150.0,0.2,0.11214285714285714,0.14285714285714285,0.3283582089552239,False,200,0.4078476396299048,False
YFR,hpc,16,17,266,0.15413533834586465,60.0,0.2,0.1118233082706767,0.16165413533834586,0.07960199004975124,False,200,0.19336943600581166,False
YFR,hpc,17,18,266,0.12406015037593984,900.0,0.2,0.10802631578947366,0.14661654135338345,0.23880597014925373,False,200,0.3432054387747128,False
YFR,hpc,18,19,266,0.13533834586466165,75.0,0.5,0.11046992481203005,0.150563909774436,0.1791044776119403,False,200,0.2952803549818475,False
YFR,hpc,19,20,266,0.16165413533834586,60.0,0.5,0.11362781954887219,0.1543233082706766,0.04477611940298507,True,200,0.1672250989948218,False
YFR,hpc,20,21,266,0.16541353383458646,60.0,0.5,0.10911654135338346,0.14661654135338345,0.009950248756218905,True,200,0.1300639658848614,False
YFR,hpc,21,22,266,0.12781954887218044,90.0,0.8,0.11434210526315787,0.150563909774436,0.31343283582089554,False,200,0.39466657537998084,False
YFR,hpc,22,23,266,0.16541353383458646,75.0,0.8,0.10776315789473685,0.14661654135338345,0.014925373134328358,True,200,0.14898236092265943,False
YFR,hpc,23,24,266,0.14285714285714285,100.0,0.2,0.10881578947368421,0.13909774436090225,0.04477611940298507,True,200,0.1672250989948218,False
YFR,amy,24,25,266,0.10902255639097744,60.0,0.8,0.11231203007518797,0.15789473684210525,0.5671641791044776,False,200,0.6046080278220547,False
YFR,amy,25,26,266,0.13533834586466165,180.0,0.2,0.11069548872180451,0.15037593984962405,0.15920398009950248,False,200,0.2801377726750861,False
YFR,amy,26,27,266,0.15037593984962405,90.0,0.5,0.10986842105263157,0.14661654135338345,0.04975124378109453,True,200,0.16964865115416705,False
YFR,amy,27,28,266,0.16165413533834586,75.0,0.2,0.10614661654135338,0.1468045112781954,0.01990049751243781,True,200,0.15387849484969518,False
YFR,amy,28,29,266,0.13157894736842105,100.0,0.5,0.11159774436090224,0.15413533834586465,0.23383084577114427,False,200,0.33871539400622214,False
YFR,amy,29,30,266,0.12030075187969924,100.0,0.8,0.11509398496240601,0.15413533834586465,0.43283582089552236,False,200,0.49096459849512764,False
YFR,amy,30,31,266,0.15413533834586465,75.0,0.2,0.1068233082706767,0.14285714285714285,0.01990049751243781,True,200,0.15387849484969518,False
YFR,amy,31,32,266,0.17293233082706766,100.0,0.2,0.10787593984962406,0.1430451127819548,0.004975124378109453,True,200,0.1300639658848614,False
YFR,amy,32,33,266,0.14285714285714285,300.0,0.8,0.11178571428571427,0.1468045112781954,0.11940298507462686,False,200,0.24459790599242592,False
YFR,amy,33,34,266,0.18421052631578946,60.0,0.2,0.10874060150375939,0.14699248120300737,0.004975124378109453,True,200,0.1300639658848614,False
YFR,amy,34,35,266,0.11654135338345864,90.0,0.5,0.10866541353383459,0.15037593984962405,0.38308457711442784,False,200,0.45228695233509864,False
YFR,amy,35,36,266,0.16165413533834586,450.0,0.2,0.11046992481203008,0.15037593984962405,0.024875621890547265,True,200,0.160667251975417,False
YFR,amy,36,37,266,0.14285714285714285,60.0,0.2,0.108796992481203,0.14661654135338345,0.06965174129353234,False,200,0.1874451273046532,False
YFR,amy,37,38,266,0.12781954887218044,75.0,0.8,0.10883458646616541,0.1468045112781954,0.208955223880597,False,200,0.31954433958341993,False
YFR,amy,38,39,266,0.12781954887218044,90.0,0.2,0.10954887218045112,0.1468045112781954,0.22885572139303484,False,200,0.3377467501203659,False
YFR,amy,39,40,266,0.11278195488721804,450.0,0.2,0.10853383458646615,0.14285714285714285,0.46766169154228854,False,200,0.5207835064030758,False
YFR,amy,45,46,266,0.15037593984962405,225.0,0.2,0.10896616541353382,0.15037593984962405,0.06965174129353234,False,200,0.1874451273046532,False
YFR,amy,46,47,266,0.15037593984962405,450.0,0.2,0.11097744360902255,0.15037593984962405,0.0845771144278607,False,200,0.19843092231151935,False
YFR,amy,47,48,266,0.13533834586466165,225.0,0.5,0.1094736842105263,0.15037593984962405,0.16417910447761194,False,200,0.28344128414531117,False
YFR,amy,48,49,266,0.12030075187969924,225.0,0.2,0.11218045112781955,0.150563909774436,0.3582089552238806,False,200,0.43316457360773225,False
YFR,amy,49,50,266,0.12781954887218044,900.0,0.2,0.10783834586466165,0.1392857142857142,0.21890547263681592,False,200,0.3274634999389971,False
YFR,amy,50,51,266,0.12781954887218044,180.0,0.2,0.11093984962406013,0.14661654135338345,0.24378109452736318,False,200,0.34762550881953863,False
YFR,amy,51,52,266,0.15037593984962405,60.0,0.5,0.11135338345864661,0.1468045112781954,0.05472636815920398,False,200,0.17168443496801705,False
YFR,amy,52,53,266,0.13533834586466165,75.0,0.2,0.111296992481203,0.1543233082706766,0.1890547263681592,False,200,0.30526777875329236,False
YFR,hpc,53,54,266,0.15037593984962405,225.0,0.5,0.106296992481203,0.14285714285714285,0.03980099502487562,True,200,0.16679958983707416,False
YFR,hpc,54,55,266,0.13533834586466165,60.0,0.2,0.1088533834586466,0.15037593984962405,0.16417910447761194,False,200,0.28344128414531117,False
YFR,hpc,55,56,266,0.11654135338345864,225.0,0.8,0.10900375939849623,0.150563909774436,0.3880597014925373,False,200,0.45522388059701496,False
YFR,hpc,56,57,266,0.12781954887218044,75.0,0.5,0.11231203007518797,0.15037593984962405,0.26865671641791045,False,200,0.36061745064409007,False
YFR,hpc,57,58,266,0.15413533834586465,300.0,0.8,0.1075187969924812,0.14661654135338345,0.029850746268656716,True,200,0.160667251975417,False
YFR,hpc,58,59,266,0.14285714285714285,60.0,0.2,0.11323308270676691,0.1468045112781954,0.07960199004975124,False,200,0.19336943600581166,False
YFR,hpc,59,60,266,0.11654135338345864,100.0,0.2,0.1088533834586466,0.15037593984962405,0.3582089552238806,False,200,0.43316457360773225,False
YFR,hpc,60,61,266,0.13533834586466165,100.0,0.8,0.10975563909774437,0.1468045112781954,0.14925373134328357,False,200,0.2722269053404076,False
YFR,hpc,61,62,266,0.15413533834586465,90.0,0.2,0.11184210526315788,0.15037593984962405,0.04477611940298507,True,200,0.1672250989948218,False
YFR,hpc,62,63,266,0.13157894736842105,180.0,0.2,0.11041353383458645,0.15037593984962405,0.19900497512437812,False,200,0.3095006553634096,False
YFR,hpc,63,64,266,0.13533834586466165,75.0,0.2,0.11259398496240601,0.15413533834586465,0.19402985074626866,False,200,0.3078681735829523,False
YFR,hpc,64,65,266,0.16917293233082706,90.0,0.2,0.11080827067669173,0.15413533834586465,0.01990049751243781,True,200,0.15387849484969518,False
YFR,hpc,65,66,266,0.12406015037593984,75.0,0.2,0.10917293233082706,0.15037593984962405,0.263681592039801,False,200,0.3574350469872858,False
YFR,hpc,66,67,266,0.16917293233082706,150.0,0.5,0.10644736842105264,0.14285714285714285,0.009950248756218905,True,200,0.1300639658848614,False
YFR,hpc,67,68,266,0.13533834586466165,60.0,0.8,0.11084586466165412,0.1543233082706766,0.1691542288557214,False,200,0.28750981932443054,False
YFR,hpc,68,69,266,0.11278195488721804,90.0,0.8,0.11022556390977442,0.14661654135338345,0.472636815920398,False,200,0.5231403466538276,False
YFR,hpc,69,70,266,0.10902255639097744,60.0,0.8,0.11588345864661655,0.150563909774436,0.6268656716417911,False,200,0.6592897581060216,False
YFS,amy,26,27,264,0.14772727272727273,300.0,0.5,0.11509469696969697,0.1517045454545454,0.10945273631840796,False,200,0.23200599320002305,False
YFS,amy,27,28,264,0.13636363636363635,75.0,0.2,0.110625,0.14772727272727273,0.17412935323383086,False,200,0.288812733913514,False
YFS,amy,28,29,264,0.11363636363636363,180.0,0.5,0.11268939393939395,0.15549242424242418,0.5024875621890548,False,200,0.5495332104418148,False
YFS,amy,29,30,264,0.125,450.0,0.2,0.11660984848484848,0.13257575757575757,0.373134328358209,False,200,0.4433998836983912,False
YFS,amy,30,31,264,0.14772727272727273,60.0,0.8,0.11098484848484849,0.15151515151515152,0.07462686567164178,False,200,0.1905588337382853,False
YFS,amy,31,32,264,0.10984848484848485,150.0,0.5,0.11196969696969697,0.1481060606060605,0.5522388059701493,False,200,0.59563674750022,False
YFS,amy,32,33,264,0.12121212121212122,90.0,0.8,0.1093371212121212,0.1479166666666666,0.34328358208955223,False,200,0.42161674847240305,False
YFS,amy,33,34,264,0.14015151515151514,900.0,0.2,0.110625,0.13636363636363635,0.03980099502487562,True,200,0.16679958983707416,False
YFS,amy,34,35,264,0.14015151515151514,60.0,0.2,0.10990530303030303,0.14772727272727273,0.11940298507462686,False,200,0.24459790599242592,False
YFS,amy,35,36,264,0.11742424242424243,60.0,0.5,0.11053030303030303,0.14772727272727273,0.39303482587064675,False,200,0.4590981263893299,False
YFS,amy,36,37,264,0.16666666666666666,225.0,0.2,0.10757575757575756,0.14772727272727273,0.009950248756218905,True,200,0.1300639658848614,False
YFS,hpc,37,38,264,0.14015151515151514,100.0,0.8,0.10952651515151515,0.14412878787878783,0.1044776119402985,False,200,0.22493415276558382,False
YFS,hpc,38,39,264,0.13257575757575757,60.0,0.2,0.11126893939393939,0.14772727272727273,0.1691542288557214,False,200,0.28750981932443054,False
YFS,hpc,39,40,264,0.14772727272727273,100.0,0.2,0.10924242424242424,0.14034090909090902,0.04477611940298507,True,200,0.1672250989948218,False
YFS,hpc,40,41,264,0.11742424242424243,60.0,0.2,0.11375,0.14772727272727273,0.48258706467661694,False,200,0.5320086315410898,False
YFS,hpc,41,42,264,0.09090909090909091,60.0,0.8,0.11060606060606061,0.13257575757575757,0.9402985074626866,False,200,0.9454649827784156,False
YFS,hpc,42,43,264,0.14015151515151514,225.0,0.2,0.11412878787878787,0.1553030303030303,0.15422885572139303,False,200,0.2767047117354405,False
YFS,hpc,43,44,264,0.11742424242424243,90.0,0.5,0.11020833333333334,0.14772727272727273,0.39800995024875624,False,200,0.46196080906250986,False
YFS,hpc,44,45,264,0.1553030303030303,300.0,0.5,0.1112121212121212,0.14772727272727273,0.024875621890547265,True,200,0.160667251975417,False
YFS,hpc,45,46,264,0.15151515151515152,300.0,0.8,0.10886363636363637,0.14393939393939395,0.029850746268656716,True,200,0.160667251975417,False
YFS,hpc,46,47,264,0.16666666666666666,90.0,0.2,0.11607954545454546,0.1553030303030303,0.009950248756218905,True,200,0.1300639658848614,False
YFS,hpc,47,48,264,0.12121212121212122,60.0,0.2,0.121599055066797,0.125,0.983957219251337,False,186,0.983957219251337,False
YFS,hpc,48,49,264,0.15151515151515152,225.0,0.2,0.10981060606060605,0.14772727272727273,0.04975124378109453,True,200,0.16964865115416705,False
YFS,hpc,49,50,264,0.15151515151515152,900.0,0.2,0.11140151515151515,0.15151515151515152,0.07462686567164178,False,200,0.1905588337382853,False
YFS,hpc,50,51,264,0.12878787878787878,900.0,0.2,0.11024621212121213,0.14772727272727273,0.23383084577114427,False,200,0.33871539400622214,False
YFS,hpc,51,52,264,0.13257575757575757,90.0,0.2,0.1100378787878788,0.1479166666666666,0.18407960199004975,False,200,0.300772921108742,False
YFS,hpc,52,53,264,0.18181818181818182,60.0,0.5,0.11482954545454545,0.15151515151515152,0.004975124378109453,True,200,0.1300639658848614,False
YFS,hpc,53,54,264,0.13257575757575757,150.0,0.2,0.11200757575757575,0.1553030303030303,0.19900497512437812,False,200,0.3095006553634096,False
YFS,hpc,54,55,264,0.16666666666666666,450.0,0.5,0.1096212121212121,0.1479166666666666,0.014925373134328358,True,200,0.14898236092265943,False
YFS,hpc,55,56,264,0.15151515151515152,100.0,0.5,0.11039772727272727,0.14412878787878783,0.03482587064676617,True,200,0.16679958983707416,False
YFS,hpc,56,57,264,0.13257575757575757,100.0,0.2,0.11123106060606058,0.14772727272727273,0.1890547263681592,False,200,0.30526777875329236,False
YFS,hpc,57,58,264,0.17424242424242425,90.0,0.2,0.11020833333333332,0.14772727272727273,0.009950248756218905,True,200,0.1300639658848614,False
YFS,hpc,58,59,264,0.14772727272727273,450.0,0.2,0.10998106060606058,0.15151515151515152,0.07960199004975124,False,200,0.19336943600581166,False
YFS,hpc,59,60,264,0.10227272727272728,450.0,0.2,0.109375,0.14393939393939395,0.6666666666666666,False,200,0.6918714555765595,False
YFS,hpc,60,61,264,0.13636363636363635,60.0,0.2,0.1084469696969697,0.14393939393939395,0.12437810945273632,False,200,0.2501230113170412,False
YFS,hpc,61,62,264,0.12121212121212122,60.0,0.2,0.11899621212121213,0.12878787878787878,0.8059701492537313,False,200,0.820923213247307,False
YFS,hpc,62,63,264,0.125,90.0,0.2,0.11028409090909091,0.14393939393939395,0.27860696517412936,False,200,0.3676808266360505,False
YFS,hpc,74,75,264,0.16287878787878787,100.0,0.2,0.11026515151515152,0.1479166666666666,0.01990049751243781,True,200,0.15387849484969518,False
YFS,hpc,75,76,264,0.13257575757575757,450.0,0.2,0.11727272727272726,0.12878787878787878,0.04975124378109453,True,200,0.16964865115416705,False
YFS,hpc,76,77,264,0.14015151515151514,450.0,0.2,0.1096212121212121,0.15151515151515152,0.10945273631840796,False,200,0.23200599320002305,False
YFS,hpc,77,78,264,0.14393939393939395,75.0,0.2,0.11142045454545454,0.14772727272727273,0.07960199004975124,False,200,0.19336943600581166,False
YFS,hpc,78,79,264,0.11742424242424243,60.0,0.2,0.11001893939393939,0.1517045454545454,0.39303482587064675,False,200,0.4590981263893299,False
YFS,hpc,79,80,264,0.11742424242424243,75.0,0.5,0.1127840909090909,0.14772727272727273,0.44776119402985076,False,200,0.5037313432835822,False
YFS,hpc,80,81,264,0.14772727272727273,300.0,0.8,0.10854166666666666,0.14772727272727273,0.06467661691542288,False,200,0.18116052391105697,False
YFS,hpc,81,82,264,0.11742424242424243,300.0,0.2,0.11285984848484848,0.13636363636363635,0.4228855721393035,False,200,0.48166842137858423,False
YFS,hpc,82,83,264,0.14772727272727273,75.0,0.2,0.1091287878787879,0.14412878787878783,0.05472636815920398,False,200,0.17168443496801705,False
YFS,hpc,83,84,264,0.11363636363636363,75.0,0.2,0.11157196969696968,0.13257575757575757,0.5472636815920398,False,200,0.5914326007756493,False
YFS,hpc,84,85,264,0.13257575757575757,90.0,0.2,0.1097159090909091,0.15151515151515152,0.16417910447761194,False,200,0.28344128414531117,False
YFS,amy,85,86,264,0.14393939393939395,60.0,0.5,0.1103787878787879,0.15151515151515152,0.08955223880597014,False,200,0.20744379368977894,False
YFS,amy,86,87,264,0.14393939393939395,90.0,0.8,0.11064393939393938,0.14772727272727273,0.0945273631840796,False,200,0.2126865671641791,False
YFS,amy,87,88,264,0.14015151515151514,180.0,0.8,0.10655303030303032,0.14015151515151514,0.07462686567164178,False,200,0.1905588337382853,False
YFS,amy,88,89,264,0.125,90.0,0.2,0.10920454545454544,0.1479166666666666,0.25870646766169153,False,200,0.35507462686567165,False
YFS,amy,89,90,264,0.12878787878787878,75.0,0.2,0.11020833333333332,0.14412878787878783,0.21890547263681592,False,200,0.3274634999389971,False
YFS,amy,90,91,264,0.15151515151515152,90.0,0.5,0.11285984848484848,0.15549242424242418,0.07960199004975124,False,200,0.19336943600581166,False
YFS,amy,91,92,264,0.125,180.0,0.2,0.10977272727272727,0.13276515151515145,0.22885572139303484,False,200,0.3377467501203659,False
YFS,amy,92,93,264,0.1553030303030303,60.0,0.2,0.11041666666666668,0.14015151515151514,0.009950248756218905,True,200,0.1300639658848614,False
YFS,amy,93,94,264,0.13257575757575757,150.0,0.5,0.11020833333333332,0.1479166666666666,0.1890547263681592,False,200,0.30526777875329236,False
YFS,amy,94,95,264,0.17424242424242425,300.0,0.8,0.11123106060606058,0.1479166666666666,0.004975124378109453,True,200,0.1300639658848614,False
YFS,amy,95,96,264,0.17045454545454544,100.0,0.5,0.11157196969696968,0.15151515151515152,0.009950248756218905,True,200,0.1300639658848614,False
YFT,ent,9,10,477,0.1278825995807128,300.0,0.2,0.10977987421383649,0.13626834381551362,0.13432835820895522,False,200,0.25695563991887255,False
YFT,ent,10,11,477,0.12159329140461216,450.0,0.2,0.1100733752620545,0.13626834381551362,0.263681592039801,False,200,0.3574350469872858,False
YFT,ent,11,12,477,0.1530398322851153,90.0,0.2,0.1100524109014675,0.13836477987421383,0.009950248756218905,True,200,0.1300639658848614,False
YFT,ent,12,13,477,0.16352201257861634,450.0,0.2,0.11110062893081761,0.1342767295597484,0.004975124378109453,True,200,0.1300639658848614,False
YFT,ent,13,14,477,0.14046121593291405,75.0,0.8,0.11367924528301888,0.13836477987421383,0.04975124378109453,True,200,0.16964865115416705,False
YFT,ent,14,15,477,0.11530398322851153,900.0,0.2,0.11172955974842766,0.1363731656184486,0.472636815920398,False,200,0.5231403466538276,False
YFT,ent,15,16,477,0.1488469601677149,225.0,0.5,0.11018867924528301,0.14046121593291405,0.024875621890547265,True,200,0.160667251975417,False
YFT,ent,16,17,477,0.14046121593291405,100.0,0.8,0.10981132075471699,0.13417190775681342,0.029850746268656716,True,200,0.160667251975417,False
YFT,hpc,17,18,477,0.14675052410901468,900.0,0.2,0.10865828092243188,0.13626834381551362,0.01990049751243781,True,200,0.15387849484969518,False
YFT,hpc,18,19,477,0.1320754716981132,300.0,0.2,0.1119182389937107,0.13417190775681342,0.09950248756218906,False,200,0.2193850026973566,False
YFT,hpc,19,20,477,0.1278825995807128,100.0,0.2,0.10952830188679245,0.13417190775681342,0.12935323383084577,False,200,0.2536247334754797,False
YFT,hpc,20,21,477,0.09853249475890985,60.0,0.2,0.11092243186582808,0.13417190775681342,0.9054726368159204,False,200,0.9121183075448446,False
YFT,hpc,21,22,477,0.13626834381551362,90.0,0.2,0.11357442348008386,0.13417190775681342,0.04477611940298507,True,200,0.1672250989948218,False
YFT,hpc,22,23,477,0.12368972746331237,90.0,0.8,0.1099895178197065,0.1320754716981132,0.17412935323383086,False,200,0.288812733913514,False
YFT,hpc,23,24,477,0.10062893081761007,75.0,0.2,0.11030398322851152,0.129979035639413,0.8606965174129353,False,200,0.8686073309920983,False
YFT,hpc,24,25,477,0.15723270440251572,90.0,0.2,0.110104821802935,0.1384696016771488,0.004975124378109453,True,200,0.1300639658848614,False
YFT,hpc,25,26,477,0.1320754716981132,300.0,0.2,0.11174004192872117,0.14056603773584903,0.11940298507462686,False,200,0.24459790599242592,False
YFT,hpc,26,27,477,0.10482180293501048,300.0,0.2,0.10972746331236896,0.129979035639413,0.6965174129353234,False,200,0.7160825088042932,False
YFT,hpc,27,28,477,0.13836477987421383,150.0,0.2,0.109958071278826,0.1320754716981132,0.03980099502487562,True,200,0.16679958983707416,False
YFT,hpc,28,29,477,0.12578616352201258,90.0,0.2,0.109874213836478,0.13008385744234796,0.12437810945273632,False,200,0.2501230113170412,False
YFT,hpc,29,30,477,0.1278825995807128,300.0,0.5,0.10926624737945492,0.129979035639413,0.12935323383084577,False,200,0.2536247334754797,False
YFT,hpc,30,31,477,0.1069182389937107,60.0,0.2,0.11070230607966457,0.1320754716981132,0.6567164179104478,False,200,0.6854321548152772,False
YFT,hpc,31,32,477,0.14255765199161424,300.0,0.2,0.1108595387840671,0.13626834381551362,0.01990049751243781,True,200,0.15387849484969518,False
YFT,amy,32,33,477,0.14465408805031446,90.0,0.5,0.11016771488469601,0.13626834381551362,0.01990049751243781,True,200,0.15387849484969518,False
YFT,amy,33,34,477,0.13417190775681342,100.0,0.8,0.11118448637316561,0.14255765199161424,0.14427860696517414,False,200,0.2694182150472129,False
YFT,amy,34,35,477,0.11530398322851153,150.0,0.5,0.11219077568134171,0.14255765199161424,0.44776119402985076,False,200,0.5037313432835822,False
YFT,amy,35,36,477,0.14465408805031446,75.0,0.2,0.11016771488469601,0.14475890985324943,0.06467661691542288,False,200,0.18116052391105697,False
YFT,amy,36,37,477,0.13417190775681342,100.0,0.8,0.10923480083857441,0.13836477987421383,0.0845771144278607,False,200,0.19843092231151935,False
YFT,amy,37,38,477,0.13836477987421383,60.0,0.2,0.11166666666666666,0.14255765199161424,0.09950248756218906,False,200,0.2193850026973566,False
YFT,amy,38,39,477,0.11530398322851153,60.0,0.2,0.11110062893081761,0.14046121593291405,0.42786069651741293,False,200,0.48632613330861224,False
YFT,amy,39,40,477,0.1278825995807128,60.0,0.5,0.1110691823899371,0.14475890985324943,0.19900497512437812,False,200,0.3095006553634096,False
YFT,hpc,40,41,477,0.11949685534591195,150.0,0.2,0.110020964360587,0.1342767295597484,0.32338308457711445,False,200,0.405336332038438,False
YFT,hpc,41,42,477,0.11320754716981132,225.0,0.8,0.109853249475891,0.1384696016771488,0.43781094527363185,False,200,0.4945642159572508,False
YFT,hpc,42,43,477,0.1320754716981132,450.0,0.2,0.11126834381551362,0.14255765199161424,0.12437810945273632,False,200,0.2501230113170412,False
YFT,hpc,43,44,477,0.13626834381551362,60.0,0.5,0.11078616352201259,0.13218029350104818,0.04477611940298507,True,200,0.1672250989948218,False
YFT,hpc,44,45,477,0.10272536687631027,450.0,0.2,0.11104821802935011,0.14046121593291405,0.7263681592039801,False,200,0.742599849912449,False
YFT,hpc,45,46,477,0.13836477987421383,75.0,0.2,0.1130922431865828,0.14056603773584903,0.07960199004975124,False,200,0.19336943600581166,False
YFT,hpc,46,47,477,0.1509433962264151,225.0,0.5,0.10975890985324947,0.14046121593291405,0.014925373134328358,True,200,0.14898236092265943,False
YFT,hpc,47,48,477,0.11949685534591195,150.0,0.2,0.11060796645702303,0.13836477987421383,0.32338308457711445,False,200,0.405336332038438,False
YFT,hpc,48,49,477,0.12159329140461216,450.0,0.2,0.10981132075471697,0.1363731656184486,0.2835820895522388,False,200,0.3715669860720265,False
YFT,hpc,49,50,477,0.16352201257861634,225.0,0.2,0.11270440251572326,0.14046121593291405,0.004975124378109453,True,200,0.1300639658848614,False
YFT,hpc,50,51,477,0.14465408805031446,100.0,0.5,0.11134171907756812,0.14046121593291405,0.03980099502487562,True,200,0.16679958983707416,False
YFT,hpc,51,52,477,0.14255765199161424,100.0,0.5,0.11211740041928721,0.13857442348008378,0.05472636815920398,False,200,0.17168443496801705,False
YFT,ent,69,70,477,0.1111111111111111,100.0,0.5,0.11271488469601679,0.14046121593291405,0.5422885572139303,False,200,0.5872118696458535,False
YFT,ent,70,71,477,0.11949685534591195,60.0,0.8,0.1111111111111111,0.14056603773584903,0.30845771144278605,False,200,0.39019189765458423,False
YFT,ent,71,72,477,0.1278825995807128,100.0,0.5,0.11206498951781971,0.14255765199161424,0.18407960199004975,False,200,0.300772921108742,False
YFT,ent,72,73,477,0.12578616352201258,60.0,0.5,0.11125786163522011,0.1363731656184486,0.16417910447761194,False,200,0.28344128414531117,False
YFT,ent,73,74,477,0.10272536687631027,90.0,0.2,0.10877358490566039,0.13836477987421383,0.6218905472636815,False,200,0.6553126879995416,False
YFT,ent,74,75,477,0.1488469601677149,100.0,0.5,0.11080712788259958,0.1342767295597484,0.004975124378109453,True,200,0.1300639658848614,False
YFT,ent,75,76,477,0.14255765199161424,300.0,0.5,0.11006289308176101,0.1384696016771488,0.03980099502487562,True,200,0.16679958983707416,False
YFT,ent,76,77,477,0.14675052410901468,75.0,0.2,0.1139832285115304,0.14266247379454922,0.04477611940298507,True,200,0.1672250989948218,False
YFT,ent,77,78,477,0.14255765199161424,180.0,0.2,0.1130083857442348,0.14685534591194965,0.07462686567164178,False,200,0.1905588337382853,False
YFU,amy,0,1,494,0.1214574898785425,900.0,0.2,0.11071862348178138,0.1417004048582996,0.24875621890547264,False,200,0.3492766347291674,False
YFU,amy,1,2,494,0.13562753036437247,150.0,0.2,0.11126518218623482,0.13977732793522266,0.0945273631840796,False,200,0.2126865671641791,False
YFU,amy,2,3,494,0.1214574898785425,300.0,0.2,0.11091093117408908,0.1437246963562753,0.2935323383084577,False,200,0.38006899464939453,False
YFU,amy,3,4,494,0.15587044534412955,450.0,0.5,0.11027327935222672,0.1437246963562753,0.009950248756218905,True,200,0.1300639658848614,False
YFU,amy,4,5,494,0.12348178137651822,180.0,0.2,0.11007085020242915,0.13765182186234817,0.1691542288557214,False,200,0.28750981932443054,False
YFU,amy,5,6,494,0.11133603238866396,100.0,0.8,0.11121457489878543,0.1417004048582996,0.5373134328358209,False,200,0.5841288606472588,False
YFU,amy,6,7,494,0.10931174089068826,150.0,0.2,0.11030364372469637,0.1396761133603239,0.5621890547263682,False,200,0.6004704105929497,False
YFU,amy,7,8,494,0.13562753036437247,90.0,0.8,0.11233805668016193,0.1396761133603239,0.1044776119402985,False,200,0.22493415276558382,False
YFU,amy,8,9,494,0.1194331983805668,60.0,0.8,0.10928137651821863,0.1316801619433198,0.26865671641791045,False,200,0.36061745064409007,False
YFU,amy,9,10,494,0.10323886639676114,100.0,0.2,0.11234817813765183,0.13977732793522266,0.7213930348258707,False,200,0.7388895076854534,False
YFU,amy,10,11,494,0.10121457489878542,150.0,0.5,0.10977732793522268,0.13785425101214568,0.6766169154228856,False,200,0.6982381326450455,False
YFU,amy,11,12,494,0.1194331983805668,100.0,0.8,0.1084008097165992,0.13157894736842105,0.2736318407960199,False,200,0.36285961496863506,False
YFU,hpc,20,21,494,0.13562753036437247,60.0,0.2,0.1096153846153846,0.13562753036437247,0.06965174129353234,False,200,0.1874451273046532,False
YFU,hpc,21,22,494,0.13765182186234817,900.0,0.2,0.11131578947368422,0.13562753036437247,0.04975124378109453,True,200,0.16964865115416705,False
YFU,hpc,22,23,494,0.1417004048582996,900.0,0.2,0.10968623481781377,0.13765182186234817,0.03482587064676617,True,200,0.16679958983707416,False
YFU,hpc,23,24,494,0.1437246963562753,100.0,0.2,0.11331983805668017,0.13775303643724693,0.03980099502487562,True,200,0.16679958983707416,False
YFU,hpc,24,25,494,0.12753036437246965,60.0,0.2,0.11256072874493928,0.14180161943319836,0.208955223880597,False,200,0.31954433958341993,False
YFU,hpc,25,26,494,0.12955465587044535,180.0,0.8,0.10772267206477731,0.13562753036437247,0.0945273631840796,False,200,0.2126865671641791,False
YFU,hpc,26,27,494,0.12348178137651822,60.0,0.2,0.11208502024291497,0.1417004048582996,0.263681592039801,False,200,0.3574350469872858,False
YFU,hpc,27,28,494,0.12955465587044535,180.0,0.5,0.11025303643724697,0.13562753036437247,0.11940298507462686,False,200,0.24459790599242592,False
YFU,hpc,28,29,494,0.1437246963562753,60.0,0.8,0.10979757085020242,0.13765182186234817,0.03980099502487562,True,200,0.16679958983707416,False
YFU,hpc,29,30,494,0.1417004048582996,75.0,0.2,0.10802631578947368,0.13360323886639677,0.029850746268656716,True,200,0.160667251975417,False
YFU,hpc,30,31,494,0.1437246963562753,300.0,0.5,0.11141700404858298,0.13765182186234817,0.024875621890547265,True,200,0.160667251975417,False
YFU,hpc,31,32,494,0.13360323886639677,100.0,0.2,0.10668016194331983,0.13360323886639677,0.06965174129353234,False,200,0.1874451273046532,False
YFU,hpc,32,33,494,0.13765182186234817,225.0,0.8,0.11040485829959515,0.13765182186234817,0.05970149253731343,False,200,0.18008856814826965,False
YFU,hpc,33,34,494,0.15384615384615385,60.0,0.5,0.11137651821862349,0.1396761133603239,0.014925373134328358,True,200,0.14898236092265943,False
YFU,hpc,34,35,494,0.12550607287449392,90.0,0.5,0.11139676113360324,0.13765182186234817,0.23383084577114427,False,200,0.33871539400622214,False
YFU,hpc,35,36,494,0.1214574898785425,225.0,0.8,0.10911943319838055,0.13775303643724693,0.2935323383084577,False,200,0.38006899464939453,False
YFU,hpc,36,37,494,0.13157894736842105,100.0,0.8,0.1113663967611336,0.13562753036437247,0.11442786069651742,False,200,0.23886272061744512,False
YFU,hpc,37,38,494,0.12955465587044535,75.0,0.8,0.10875506072874494,0.13572874493927123,0.1044776119402985,False,200,0.22493415276558382,False
YFU,hpc,38,39,494,0.15587044534412955,100.0,0.8,0.11153846153846153,0.13765182186234817,0.009950248756218905,True,200,0.1300639658848614,False
YFU,hpc,39,40,494,0.1659919028340081,100.0,0.5,0.10899797570850202,0.13582995951416998,0.009950248756218905,True,200,0.1300639658848614,False
YFU,hpc,40,41,494,0.1214574898785425,450.0,0.2,0.10914979757085021,0.13572874493927123,0.21890547263681592,False,200,0.3274634999389971,False
YFU,hpc,41,42,494,0.1437246963562753,60.0,0.2,0.11158906882591094,0.145748987854251,0.06467661691542288,False,200,0.18116052391105697,False
YFU,hpc,42,43,494,0.14979757085020243,150.0,0.2,0.10943319838056681,0.13765182186234817,0.009950248756218905,True,200,0.1300639658848614,False
YFU,amy,43,44,494,0.15587044534412955,180.0,0.2,0.11158906882591094,0.13572874493927123,0.014925373134328358,True,200,0.14898236092265943,False
YFU,amy,44,45,494,0.10323886639676114,60.0,0.8,0.11124493927125506,0.13977732793522266,0.7213930348258707,False,200,0.7388895076854534,False
YFU,amy,45,46,494,0.13360323886639677,60.0,0.2,0.11032388663967611,0.1417004048582996,0.12437810945273632,False,200,0.2501230113170412,False
YFU,amy,46,47,494,0.12955465587044535,60.0,0.2,0.10994939271255061,0.13572874493927123,0.14427860696517414,False,200,0.2694182150472129,False
YFU,amy,47,48,494,0.12550607287449392,75.0,0.2,0.11023279352226721,0.13370445344129553,0.19900497512437812,False,200,0.3095006553634096,False
YFU,amy,48,49,494,0.145748987854251,900.0,0.2,0.11023279352226721,0.13977732793522266,0.03980099502487562,True,200,0.16679958983707416,False
YFU,amy,49,50,494,0.1437246963562753,450.0,0.2,0.10920040485829961,0.1396761133603239,0.04477611940298507,True,200,0.1672250989948218,False
YFU,amy,50,51,494,0.12348178137651822,60.0,0.8,0.11092105263157893,0.13765182186234817,0.263681592039801,False,200,0.3574350469872858,False
YFU,amy,51,52,494,0.15182186234817813,100.0,0.2,0.11133603238866396,0.13775303643724693,0.009950248756218905,True,200,0.1300639658848614,False
YFU,amy,52,53,494,0.1437246963562753,150.0,0.2,0.10898785425101214,0.1417004048582996,0.04975124378109453,True,200,0.16964865115416705,False
YFU,amy,53,54,494,0.13765182186234817,150.0,0.5,0.11041497975708502,0.13360323886639677,0.03482587064676617,True,200,0.16679958983707416,False
YFU,hpc,54,55,494,0.15182186234817813,180.0,0.2,0.11009109311740889,0.13370445344129553,0.014925373134328358,True,200,0.14898236092265943,False
YFU,hpc,55,56,494,0.1417004048582996,60.0,0.5,0.11265182186234818,0.14382591093117406,0.0945273631840796,False,200,0.2126865671641791,False
YFU,hpc,56,57,494,0.14979757085020243,60.0,0.2,0.10989878542510122,0.13562753036437247,0.009950248756218905,True,200,0.1300639658848614,False
YFU,hpc,57,58,494,0.12753036437246965,75.0,0.2,0.1103846153846154,0.13562753036437247,0.21393034825870647,False,200,0.32534005870922394,False
YFU,hpc,58,59,494,0.12550607287449392,180.0,0.2,0.10819838056680162,0.1396761133603239,0.1791044776119403,False,200,0.2952803549818475,False
YFU,hpc,59,60,494,0.11740890688259109,900.0,0.2,0.11138663967611334,0.13977732793522266,0.3681592039800995,False,200,0.4413087401420843,False
YFU,hpc,60,61,494,0.13765182186234817,75.0,0.8,0.10973684210526315,0.13775303643724693,0.05970149253731343,False,200,0.18008856814826965,False
YFU,hpc,61,62,494,0.1437246963562753,100.0,0.8,0.10957489878542509,0.14180161943319836,0.05472636815920398,False,200,0.17168443496801705,False
YFU,hpc,62,63,494,0.12955465587044535,900.0,0.2,0.11031376518218622,0.13977732793522266,0.13432835820895522,False,200,0.25695563991887255,False
YFU,hpc,63,64,494,0.12550607287449392,150.0,0.2,0.10775303643724697,0.13572874493927123,0.15920398009950248,False,200,0.2801377726750861,False
YFU,hpc,64,65,494,0.145748987854251,150.0,0.5,0.10960526315789472,0.13765182186234817,0.009950248756218905,True,200,0.1300639658848614,False
YFU,hpc,65,66,494,0.12348178137651822,450.0,0.8,0.10977732793522266,0.13765182186234817,0.22885572139303484,False,200,0.3377467501203659,False
YFU,hpc,66,67,494,0.1396761133603239,450.0,0.8,0.1109412955465587,0.13572874493927123,0.03980099502487562,True,200,0.16679958983707416,False
YFU,hpc,67,68,494,0.14777327935222673,60.0,0.8,0.11067813765182187,0.13572874493927123,0.01990049751243781,True,200,0.15387849484969518,False
YFU,hpc,68,69,494,0.12955465587044535,90.0,0.2,0.11108299595141702,0.1396761133603239,0.15422885572139303,False,200,0.2767047117354405,False
YFU,hpc,69,70,494,0.1417004048582996,150.0,0.2,0.11013157894736843,0.13977732793522266,0.05472636815920398,False,200,0.17168443496801705,False
