number,trial_index,operand,spike_time_s,raster_row
7,0,1,0.02,333
7,0,1,0.133,333
7,0,1,0.266,333
7,0,1,0.839,333
7,0,1,0.849,333
7,0,1,0.936,333
7,0,1,0.938,333
8,0,2,0.089,398
8,0,2,0.099,398
8,0,2,0.186,398
8,0,2,0.188,398
8,0,2,0.447,398
8,0,2,0.745,398
8,0,2,0.768,398
7,1,1,0.087,334
7,1,1,0.273,334
7,1,1,0.424,334
7,1,1,0.463,334
7,1,1,0.647,334
7,1,1,0.797,334
4,1,2,0.047,172
4,1,2,0.272,172
4,1,2,0.279,172
4,1,2,0.324,172
4,1,2,0.42,172
4,1,2,0.627,172
4,1,2,0.694,172
4,1,2,0.712,172
7,2,1,0.05,335
7,2,1,0.056,335
7,2,1,0.059,335
7,2,1,0.074,335
7,2,1,0.634,335
7,2,1,0.655,335
7,2,1,0.728,335
6,2,2,0.266,285
6,2,2,0.282,285
6,2,2,0.355,285
6,2,2,0.489,285
6,2,2,0.498,285
6,2,2,0.841,285
5,3,2,0.173,234
5,3,2,0.302,234
5,3,2,0.715,234
5,3,2,0.783,234
5,3,2,0.993,234
8,4,1,0.039,399
8,4,1,0.263,399
8,4,1,0.614,399
8,4,1,0.668,399
8,4,1,0.912,399
4,5,1,0.199,173
4,5,1,0.513,173
4,5,1,0.802,173
4,5,2,0.052,174
4,5,2,0.318,174
4,5,2,0.344,174
4,5,2,0.387,174
4,5,2,0.414,174
4,5,2,0.481,174
4,5,2,0.494,174
4,5,2,0.537,174
4,5,2,0.61,174
2,6,2,0.083,53
2,6,2,0.162,53
2,6,2,0.261,53
2,6,2,0.402,53
2,6,2,0.553,53
2,6,2,0.619,53
2,6,2,0.693,53
2,6,2,0.906,53
2,6,2,0.938,53
7,7,1,0.005,336
7,7,1,0.141,336
7,7,1,0.166,336
7,7,1,0.299,336
7,7,1,0.371,336
7,7,1,0.988,336
3,7,2,0.238,120
3,7,2,0.482,120
3,7,2,0.596,120
3,7,2,0.827,120
3,7,2,0.849,120
3,7,2,0.872,120
3,7,2,0.995,120
3,8,1,0.11,121
3,8,1,0.22,121
3,8,1,0.31,121
3,8,1,0.396,121
3,8,1,0.451,121
3,8,1,0.604,121
3,8,1,0.731,121
3,8,1,0.776,121
3,8,1,0.779,121
3,8,1,0.885,121
2,8,2,0.026,54
2,8,2,0.029,54
2,8,2,0.135,54
2,8,2,0.358,54
2,8,2,0.546,54
2,8,2,0.667,54
2,8,2,0.846,54
2,8,2,0.848,54
2,8,2,0.851,54
2,8,2,0.86,54
4,9,1,0.163,175
4,9,1,0.387,175
4,9,1,0.43,175
4,9,1,0.518,175
4,9,1,0.623,175
4,9,1,0.683,175
4,9,1,0.795,175
4,9,1,0.858,175
4,9,2,0.062,176
4,9,2,0.125,176
4,9,2,0.309,176
4,9,2,0.553,176
6,10,1,0.034,286
6,10,1,0.039,286
6,10,1,0.042,286
6,10,1,0.289,286
6,10,1,0.389,286
6,10,1,0.396,286
6,10,1,0.494,286
6,10,1,0.94,286
6,10,1,0.949,286
4,10,2,0.19,177
4,10,2,0.199,177
4,10,2,0.569,177
4,10,2,0.574,177
4,10,2,0.682,177
7,11,1,0.081,337
7,11,1,0.368,337
7,11,1,0.827,337
7,11,1,0.835,337
7,11,1,0.856,337
7,11,1,0.991,337
3,11,2,0.077,122
3,11,2,0.085,122
3,11,2,0.106,122
3,11,2,0.241,122
3,11,2,0.611,122
7,12,2,0.024,338
7,12,2,0.308,338
7,12,2,0.717,338
7,12,2,0.787,338
7,12,2,0.892,338
7,12,2,0.893,338
7,13,1,0.118,339
7,13,1,0.386,339
7,13,1,0.488,339
7,13,1,0.553,339
7,13,1,0.614,339
7,13,1,0.868,339
7,13,1,0.87,339
7,13,1,0.899,339
8,14,2,0.061,400
8,14,2,0.088,400
8,14,2,0.108,400
8,14,2,0.492,400
8,14,2,0.614,400
8,14,2,0.768,400
8,14,2,0.825,400
8,14,2,0.864,400
9,15,1,0.071,447
9,15,1,0.685,447
9,15,1,0.699,447
9,15,1,0.768,447
9,15,1,0.85,447
7,15,2,0.018,340
7,15,2,0.1,340
7,15,2,0.278,340
7,15,2,0.416,340
7,15,2,0.494,340
7,15,2,0.543,340
7,15,2,0.611,340
7,15,2,0.797,340
7,16,1,0.035,341
7,16,1,0.059,341
7,16,1,0.2,341
7,16,1,0.222,341
7,16,1,0.227,341
7,16,1,0.446,341
7,16,1,0.449,341
7,16,1,0.628,341
7,16,1,0.746,341
7,16,1,0.934,341
7,16,1,0.997,341
7,17,2,0.115,342
7,17,2,0.208,342
7,17,2,0.656,342
7,17,2,0.66,342
7,17,2,0.663,342
7,17,2,0.798,342
7,17,2,0.852,342
7,17,2,0.918,342
7,17,2,0.92,342
1,18,1,0.112,0
1,18,1,0.481,0
1,18,1,0.933,0
1,18,1,0.964,0
8,18,2,0.183,401
8,18,2,0.214,401
8,18,2,0.301,401
8,18,2,0.484,401
8,18,2,0.572,401
8,18,2,0.974,401
3,19,1,0.081,123
3,19,1,0.192,123
3,19,1,0.232,123
3,19,1,0.47,123
3,19,1,0.489,123
3,19,1,0.531,123
3,19,1,0.684,123
3,19,1,0.7,123
7,19,2,0.469,343
7,19,2,0.493,343
3,20,1,0.058,124
3,20,1,0.092,124
3,20,1,0.342,124
3,20,1,0.402,124
3,20,1,0.448,124
3,20,1,0.534,124
3,20,1,0.602,124
3,20,1,0.639,124
3,20,1,0.767,124
3,20,1,0.924,124
3,20,1,0.943,124
5,20,2,0.017,235
5,20,2,0.174,235
5,20,2,0.193,235
5,20,2,0.296,235
5,20,2,0.299,235
5,20,2,0.309,235
5,20,2,0.338,235
5,20,2,0.51,235
5,20,2,0.728,235
7,21,1,0.115,344
7,21,1,0.232,344
7,21,1,0.494,344
7,21,1,0.567,344
7,21,1,0.569,344
7,21,1,0.682,344
4,22,1,0.098,178
4,22,1,0.272,178
4,22,1,0.36,178
4,22,1,0.438,178
4,22,1,0.749,178
4,22,1,0.808,178
7,22,2,0.058,345
7,22,2,0.289,345
7,22,2,0.302,345
7,22,2,0.551,345
7,22,2,0.555,345
7,22,2,0.766,345
7,22,2,0.775,345
7,22,2,0.805,345
7,22,2,0.834,345
7,22,2,0.852,345
5,23,1,0.097,236
5,23,1,0.228,236
5,23,1,0.36,236
5,23,1,0.53,236
5,23,1,0.785,236
5,23,1,0.991,236
2,23,2,0.035,55
2,23,2,0.241,55
2,23,2,0.323,55
2,23,2,0.342,55
2,23,2,0.399,55
2,23,2,0.547,55
2,23,2,0.757,55
2,23,2,0.884,55
6,25,1,0.15,287
6,25,1,0.308,287
6,25,1,0.466,287
6,25,1,0.541,287
6,25,1,0.886,287
9,25,2,0.136,448
9,25,2,0.49,448
9,25,2,0.811,448
7,26,1,0.202,346
7,26,1,0.296,346
7,26,1,0.422,346
7,26,1,0.651,346
7,26,1,0.674,346
7,26,1,0.879,346
7,26,1,0.935,346
7,26,1,0.937,346
7,26,1,0.985,346
3,26,2,0.129,125
3,26,2,0.185,125
3,26,2,0.187,125
3,26,2,0.235,125
3,26,2,0.514,125
3,26,2,0.883,125
2,27,1,0.171,56
2,27,1,0.22,56
2,27,1,0.432,56
2,27,1,0.879,56
2,27,1,0.976,56
6,27,2,0.129,288
6,27,2,0.226,288
6,27,2,0.444,288
6,27,2,0.607,288
6,27,2,0.647,288
6,27,2,0.789,288
9,28,2,0.015,449
9,28,2,0.045,449
9,28,2,0.271,449
9,28,2,0.328,449
9,28,2,0.338,449
9,28,2,0.369,449
9,28,2,0.389,449
9,28,2,0.503,449
9,28,2,0.51,449
9,28,2,0.571,449
9,28,2,0.801,449
9,28,2,0.887,449
6,29,2,0.307,289
6,29,2,0.459,289
6,29,2,0.588,289
6,29,2,0.631,289
6,29,2,0.747,289
6,29,2,0.824,289
6,29,2,0.904,289
6,30,1,0.311,290
6,30,1,0.355,290
6,30,1,0.376,290
6,30,1,0.434,290
6,30,1,0.622,290
6,30,1,0.946,290
6,30,1,0.992,290
3,30,2,0.196,126
3,30,2,0.242,126
3,30,2,0.53,126
3,30,2,0.545,126
3,30,2,0.985,126
9,31,1,0.08,450
9,31,1,0.19,450
9,31,1,0.638,450
9,31,1,0.648,450
9,31,1,0.714,450
9,31,1,0.716,450
4,32,1,0.284,179
4,32,1,0.362,179
4,32,1,0.491,179
4,32,1,0.545,179
5,32,2,0.626,237
5,32,2,0.839,237
5,32,2,0.99,237
5,33,1,0.023,238
5,33,1,0.733,238
5,33,1,0.787,238
5,33,1,0.838,238
5,33,1,0.924,238
1,33,2,0.037,1
1,33,2,0.088,1
1,33,2,0.174,1
1,33,2,0.327,1
1,33,2,0.344,1
1,33,2,0.347,1
1,33,2,0.466,1
1,33,2,0.509,1
1,33,2,0.878,1
2,34,2,0.05,57
2,34,2,0.316,57
2,34,2,0.464,57
2,34,2,0.465,57
2,34,2,0.512,57
2,34,2,0.528,57
2,34,2,0.794,57
2,34,2,0.834,57
7,35,1,0.522,347
7,35,1,0.639,347
7,35,1,0.705,347
3,35,2,0.713,127
6,36,1,0.04,291
6,36,1,0.299,291
6,36,1,0.468,291
6,36,1,0.508,291
6,36,1,0.638,291
6,36,1,0.919,291
3,36,2,0.169,128
3,36,2,0.287,128
3,36,2,0.721,128
3,36,2,0.759,128
3,36,2,0.994,128
3,37,2,0.649,129
3,37,2,0.933,129
2,38,1,0.004,58
2,38,1,0.064,58
2,38,1,0.117,58
2,38,1,0.216,58
2,38,1,0.287,58
2,38,1,0.317,58
2,38,1,0.359,58
2,38,1,0.598,58
2,38,1,0.64,58
2,38,1,0.642,58
2,38,1,0.704,58
2,38,1,0.924,58
2,38,1,0.957,58
4,38,2,0.174,180
4,38,2,0.207,180
4,38,2,0.55,180
4,38,2,0.563,180
4,38,2,0.628,180
4,38,2,0.726,180
4,38,2,0.814,180
4,38,2,0.98,180
3,39,1,0.153,130
3,39,1,0.321,130
3,39,1,0.638,130
3,39,1,0.689,130
3,39,1,0.828,130
3,39,1,0.927,130
5,40,1,0.213,239
5,40,1,0.238,239
5,40,1,0.655,239
5,40,1,0.834,239
5,40,1,0.861,239
5,40,1,0.933,239
8,40,2,0.084,402
8,40,2,0.111,402
8,40,2,0.183,402
8,40,2,0.254,402
8,40,2,0.302,402
8,40,2,0.371,402
8,40,2,0.472,402
8,40,2,0.607,402
8,40,2,0.786,402
8,40,2,0.945,402
9,41,2,0.006,451
9,41,2,0.015,451
9,41,2,0.017,451
9,41,2,0.103,451
9,41,2,0.188,451
9,41,2,0.214,451
9,41,2,0.235,451
9,41,2,0.241,451
9,41,2,0.271,451
9,41,2,0.46,451
9,41,2,0.505,451
9,41,2,0.584,451
9,41,2,0.684,451
8,42,1,0.246,403
8,42,1,0.488,403
8,42,1,0.814,403
9,42,2,0.064,452
9,42,2,0.415,452
9,42,2,0.492,452
9,42,2,0.853,452
9,42,2,0.87,452
6,43,1,0.037,292
6,43,1,0.206,292
6,43,1,0.383,292
6,43,1,0.418,292
6,43,1,0.446,292
6,43,1,0.499,292
6,43,1,0.546,292
6,43,1,0.589,292
6,43,1,0.674,292
6,43,1,0.68,292
6,43,1,0.806,292
6,43,1,0.824,292
5,43,2,0.056,240
5,43,2,0.074,240
5,43,2,0.479,240
5,43,2,0.618,240
3,44,1,0.331,131
3,44,1,0.888,131
3,44,1,0.931,131
2,44,2,0.138,59
2,44,2,0.181,59
2,44,2,0.52,59
2,44,2,0.588,59
2,44,2,0.655,59
2,44,2,0.69,59
2,44,2,0.725,59
2,44,2,0.787,59
2,44,2,0.912,59
8,45,1,0.049,404
8,45,1,0.11,404
8,45,1,0.225,404
8,45,1,0.277,404
8,45,1,0.357,404
8,45,1,0.442,404
8,45,1,0.801,404
8,45,1,0.912,404
2,46,1,0.057,60
2,46,1,0.174,60
2,46,1,0.192,60
2,46,1,0.363,60
2,46,1,0.411,60
2,46,1,0.461,60
2,46,1,0.557,60
2,46,1,0.595,60
2,46,1,0.702,60
2,46,1,0.932,60
2,46,1,0.946,60
2,46,1,0.985,60
3,46,2,0.182,132
3,46,2,0.196,132
3,46,2,0.235,132
3,46,2,0.47,132
3,46,2,0.737,132
3,46,2,0.89,132
3,46,2,0.892,132
3,46,2,0.991,132
2,47,1,0.291,61
2,47,1,0.331,61
2,47,1,0.413,61
2,47,1,0.422,61
2,47,1,0.437,61
2,47,1,0.626,61
2,47,1,0.955,61
5,47,2,0.205,241
5,47,2,0.311,241
5,47,2,0.315,241
5,47,2,0.43,241
5,47,2,0.459,241
5,47,2,0.577,241
5,47,2,0.697,241
5,47,2,0.725,241
5,47,2,0.811,241
5,47,2,0.814,241
5,47,2,0.991,241
2,48,1,0.041,62
2,48,1,0.061,62
2,48,1,0.125,62
2,48,1,0.492,62
2,48,1,0.58,62
1,48,2,0.536,2
1,48,2,0.608,2
1,48,2,0.68,2
1,48,2,0.856,2
1,48,2,0.886,2
5,49,1,0.036,242
5,49,1,0.183,242
5,49,1,0.292,242
5,49,1,0.339,242
5,49,1,0.444,242
5,49,1,0.472,242
5,49,1,0.628,242
5,49,1,0.637,242
5,49,1,0.918,242
2,49,2,0.168,63
2,49,2,0.295,63
2,49,2,0.33,63
2,49,2,0.358,63
2,49,2,0.407,63
2,49,2,0.476,63
2,49,2,0.571,63
2,49,2,0.578,63
2,49,2,0.69,63
2,49,2,0.764,63
2,50,1,0.186,64
2,50,1,0.212,64
2,50,1,0.325,64
2,50,1,0.5,64
2,50,1,0.511,64
2,50,1,0.616,64
2,50,1,0.623,64
2,50,1,0.651,64
2,50,1,0.793,64
2,50,1,0.853,64
2,50,1,0.925,64
7,51,1,0.42,348
7,51,1,0.589,348
7,51,1,0.605,348
7,51,1,0.762,348
7,51,1,0.796,348
7,51,1,0.815,348
7,51,1,0.829,348
7,51,1,0.872,348
7,51,1,0.925,348
7,51,1,0.934,348
7,51,2,0.012,349
7,51,2,0.046,349
7,51,2,0.065,349
7,51,2,0.079,349
7,51,2,0.122,349
7,51,2,0.175,349
7,51,2,0.184,349
7,51,2,0.515,349
7,51,2,0.67,349
7,51,2,0.699,349
7,51,2,0.729,349
7,51,2,0.733,349
7,51,2,0.773,349
4,52,2,0.523,181
4,52,2,0.529,181
4,52,2,0.785,181
8,53,1,0.012,405
8,53,1,0.019,405
8,53,1,0.027,405
8,53,1,0.244,405
8,53,1,0.365,405
8,53,1,0.408,405
8,53,1,0.454,405
8,53,1,0.473,405
8,53,1,0.591,405
8,53,1,0.821,405
8,53,1,0.952,405
4,53,2,0.071,182
4,53,2,0.202,182
4,53,2,0.267,182
4,53,2,0.398,182
4,53,2,0.661,182
4,53,2,0.681,182
4,53,2,0.72,182
4,53,2,0.83,182
4,53,2,0.871,182
4,53,2,0.904,182
7,54,1,0.105,350
7,54,1,0.218,350
7,54,1,0.332,350
7,54,1,0.439,350
7,54,1,0.99,350
6,54,2,0.24,293
6,54,2,0.338,293
6,54,2,0.362,293
6,54,2,0.408,293
6,54,2,0.657,293
6,54,2,0.756,293
6,54,2,0.944,293
8,55,1,0.159,406
8,55,1,0.177,406
8,55,1,0.362,406
7,55,2,0.363,351
7,55,2,0.372,351
7,55,2,0.531,351
7,55,2,0.67,351
9,56,1,0.044,453
9,56,1,0.081,453
9,56,1,0.093,453
9,56,1,0.247,453
9,56,1,0.341,453
9,56,1,0.377,453
9,56,1,0.396,453
9,56,1,0.68,453
9,56,1,0.977,453
1,56,2,0.227,3
1,56,2,0.253,3
1,56,2,0.258,3
1,56,2,0.624,3
1,56,2,0.709,3
1,56,2,0.966,3
8,57,1,0.025,407
8,57,1,0.055,407
8,57,1,0.295,407
8,57,1,0.703,407
8,57,1,0.779,407
8,57,1,0.793,407
6,58,1,0.117,294
6,58,1,0.467,294
6,58,1,0.509,294
6,58,1,0.524,294
6,58,1,0.564,294
6,58,1,0.603,294
6,58,1,0.683,294
6,58,1,0.735,294
6,58,1,0.837,294
6,58,2,0.087,295
6,58,2,0.322,295
6,58,2,0.333,295
6,58,2,0.535,295
6,58,2,0.538,295
6,58,2,0.555,295
6,58,2,0.642,295
6,58,2,0.836,295
4,59,1,0.004,183
4,59,1,0.059,183
4,59,1,0.165,183
4,59,1,0.312,183
4,59,1,0.468,183
4,59,1,0.479,183
4,59,1,0.518,183
4,59,1,0.764,183
4,59,1,0.946,183
4,59,1,0.956,183
1,60,1,0.097,4
1,60,1,0.458,4
1,60,1,0.566,4
1,60,1,0.638,4
1,60,1,0.653,4
1,60,2,0.278,5
1,60,2,0.417,5
1,60,2,0.788,5
1,60,2,0.868,5
1,60,2,0.944,5
2,61,1,0.04,65
2,61,1,0.121,65
2,61,1,0.35,65
2,61,1,0.475,65
2,61,1,0.658,65
2,61,1,0.787,65
2,61,1,0.859,65
4,61,2,0.037,184
4,61,2,0.109,184
4,61,2,0.555,184
1,62,1,0.079,6
1,62,1,0.093,6
1,62,1,0.1,6
1,62,1,0.135,6
1,62,1,0.146,6
1,62,1,0.174,6
1,62,1,0.288,6
1,62,1,0.734,6
1,62,1,0.885,6
2,62,2,0.135,66
2,62,2,0.325,66
2,62,2,0.423,66
7,63,1,0.107,352
7,63,1,0.119,352
7,63,1,0.239,352
7,63,1,0.42,352
7,63,1,0.543,352
7,63,2,0.324,353
7,63,2,0.49,353
7,63,2,0.644,353
7,63,2,0.944,353
8,64,1,0.101,408
8,64,1,0.105,408
8,64,1,0.596,408
8,64,1,0.606,408
8,64,1,0.754,408
8,64,2,0.004,409
8,64,2,0.454,409
8,64,2,0.628,409
8,64,2,0.733,409
4,65,2,0.029,185
4,65,2,0.167,185
4,65,2,0.189,185
4,65,2,0.548,185
4,65,2,0.633,185
4,65,2,0.651,185
4,65,2,0.848,185
4,65,2,0.877,185
4,65,2,0.928,185
9,66,1,0.155,454
9,66,1,0.226,454
9,66,1,0.244,454
9,66,1,0.299,454
9,66,1,0.324,454
9,66,1,0.603,454
9,66,1,0.718,454
9,66,1,0.735,454
9,66,1,0.784,454
9,66,1,0.798,454
9,66,2,0.034,455
9,66,2,0.048,455
9,66,2,0.346,455
9,66,2,0.405,455
9,66,2,0.539,455
9,66,2,0.701,455
9,66,2,0.798,455
7,67,1,0.101,354
7,67,1,0.322,354
7,67,1,0.324,354
7,67,1,0.446,354
7,67,1,0.539,354
7,67,1,0.731,354
7,67,1,0.781,354
7,67,1,0.969,354
1,67,2,0.031,7
1,67,2,0.219,7
1,67,2,0.491,7
1,67,2,0.498,7
1,67,2,0.545,7
1,67,2,0.764,7
3,68,2,0.017,133
3,68,2,0.038,133
3,68,2,0.044,133
3,68,2,0.365,133
3,68,2,0.616,133
3,68,2,0.687,133
3,68,2,0.69,133
3,68,2,0.747,133
3,68,2,0.828,133
3,68,2,0.988,133
5,69,1,0.337,243
5,69,1,0.4,243
5,69,1,0.558,243
5,69,1,0.743,243
1,70,2,0.016,8
1,70,2,0.043,8
1,70,2,0.265,8
1,70,2,0.363,8
1,70,2,0.424,8
1,70,2,0.439,8
1,70,2,0.732,8
1,70,2,0.804,8
1,70,2,0.906,8
1,70,2,0.955,8
1,70,2,0.986,8
6,71,2,0.118,296
6,71,2,0.247,296
6,71,2,0.525,296
6,71,2,0.588,296
6,71,2,0.592,296
6,71,2,0.753,296
6,71,2,0.983,296
3,72,1,0.153,134
3,72,1,0.403,134
3,72,1,0.604,134
3,72,1,0.669,134
3,72,1,0.674,134
3,72,1,0.764,134
3,72,1,0.829,134
3,72,1,0.841,134
3,72,1,0.98,134
1,72,2,0.014,9
1,72,2,0.079,9
1,72,2,0.091,9
1,72,2,0.23,9
1,72,2,0.321,9
1,72,2,0.36,9
1,72,2,0.598,9
1,72,2,0.603,9
1,72,2,0.951,9
8,74,1,0.033,410
8,74,1,0.313,410
8,74,1,0.504,410
8,74,1,0.764,410
8,74,1,0.906,410
8,74,1,0.915,410
4,75,1,0.251,186
4,75,1,0.296,186
4,75,1,0.575,186
4,75,1,0.577,186
4,75,1,0.588,186
4,75,1,0.811,186
9,75,2,0.061,456
9,75,2,0.812,456
9,75,2,0.846,456
6,76,1,0.126,297
6,76,1,0.371,297
6,76,1,0.516,297
6,76,1,0.528,297
6,76,1,0.766,297
6,76,1,0.85,297
6,76,1,0.886,297
7,76,2,0.016,355
7,76,2,0.1,355
7,76,2,0.136,355
7,76,2,0.396,355
7,76,2,0.472,355
7,76,2,0.481,355
7,76,2,0.74,355
7,76,2,0.994,355
5,77,2,0.134,244
5,77,2,0.162,244
5,77,2,0.167,244
5,77,2,0.39,244
5,77,2,0.425,244
5,77,2,0.453,244
5,77,2,0.872,244
5,77,2,0.875,244
5,77,2,0.941,244
5,77,2,0.954,244
8,78,1,0.033,411
8,78,1,0.102,411
8,78,1,0.125,411
8,78,1,0.282,411
8,78,1,0.805,411
8,78,1,0.938,411
5,78,2,0.038,245
5,78,2,0.171,245
5,78,2,0.424,245
5,78,2,0.527,245
5,78,2,0.597,245
5,78,2,0.728,245
5,78,2,0.75,245
5,78,2,0.805,245
5,78,2,0.966,245
1,79,1,0.132,10
1,79,1,0.311,10
1,79,1,0.674,10
6,79,2,0.352,298
6,79,2,0.545,298
6,79,2,0.622,298
6,79,2,0.648,298
6,79,2,0.769,298
6,79,2,0.9,298
3,80,1,0.074,135
3,80,1,0.387,135
3,80,1,0.682,135
3,80,1,0.689,135
3,80,1,0.846,135
3,80,1,0.907,135
8,80,2,0.096,412
8,80,2,0.157,412
8,80,2,0.344,412
8,80,2,0.346,412
8,80,2,0.393,412
8,80,2,0.455,412
8,80,2,0.707,412
8,80,2,0.955,412
3,81,1,0.052,136
3,81,1,0.074,136
3,81,1,0.2,136
3,81,1,0.21,136
3,81,1,0.42,136
3,81,1,0.888,136
4,81,2,0.138,187
4,81,2,0.345,187
4,81,2,0.532,187
4,81,2,0.942,187
4,81,2,0.955,187
2,82,2,0.125,67
2,82,2,0.199,67
2,82,2,0.402,67
2,82,2,0.575,67
2,82,2,0.729,67
2,82,2,0.738,67
2,82,2,0.778,67
2,82,2,0.843,67
4,83,1,0.013,188
4,83,1,0.044,188
4,83,1,0.31,188
4,83,1,0.603,188
4,83,1,0.698,188
4,83,1,0.725,188
7,83,2,0.378,356
7,83,2,0.618,356
7,83,2,0.708,356
7,83,2,0.795,356
7,83,2,0.973,356
4,84,1,0.043,189
4,84,1,0.1,189
4,84,1,0.174,189
4,84,1,0.18,189
4,84,1,0.189,189
4,84,1,0.207,189
4,84,1,0.443,189
4,84,1,0.519,189
4,84,1,0.647,189
4,84,1,0.708,189
4,84,1,0.73,189
4,84,1,0.79,189
4,84,1,0.849,189
2,84,2,0.04,68
2,84,2,0.099,68
2,84,2,0.318,68
2,84,2,0.386,68
2,84,2,0.472,68
3,85,1,0.037,137
3,85,1,0.124,137
3,85,1,0.471,137
3,85,1,0.516,137
3,85,1,0.58,137
3,85,1,0.658,137
3,85,1,0.811,137
3,85,1,0.861,137
3,85,1,0.878,137
3,85,1,0.896,137
3,85,1,0.902,137
4,85,2,0.061,190
4,85,2,0.111,190
4,85,2,0.128,190
4,85,2,0.146,190
4,85,2,0.152,190
4,85,2,0.337,190
4,85,2,0.437,190
4,85,2,0.483,190
4,85,2,0.488,190
4,85,2,0.509,190
4,85,2,0.605,190
4,85,2,0.812,190
4,85,2,0.9,190
4,86,1,0.156,191
4,86,1,0.33,191
4,86,1,0.409,191
4,86,1,0.652,191
4,86,1,0.804,191
8,86,2,0.054,413
8,86,2,0.261,413
8,86,2,0.307,413
8,86,2,0.371,413
8,86,2,0.43,413
8,86,2,0.862,413
8,86,2,0.876,413
8,86,2,0.939,413
9,87,1,0.021,457
9,87,1,0.148,457
9,87,1,0.177,457
9,87,1,0.535,457
9,87,1,0.759,457
9,87,1,0.779,457
4,87,2,0.009,192
4,87,2,0.029,192
4,87,2,0.315,192
4,87,2,0.383,192
4,87,2,0.542,192
4,87,2,0.549,192
4,87,2,0.656,192
4,87,2,0.813,192
4,87,2,0.982,192
7,88,1,0.008,357
7,88,1,0.511,357
7,88,1,0.53,357
7,88,1,0.58,357
7,88,1,0.729,357
7,88,1,0.794,357
7,88,2,0.044,358
7,88,2,0.374,358
7,88,2,0.382,358
7,88,2,0.455,358
7,88,2,0.464,358
7,88,2,0.5,358
7,88,2,0.648,358
7,88,2,0.815,358
6,89,1,0.059,299
6,89,1,0.271,299
6,89,1,0.34,299
6,89,1,0.517,299
6,89,1,0.578,299
6,89,1,0.611,299
6,89,1,0.838,299
6,89,1,0.959,299
9,89,2,0.088,458
9,89,2,0.209,458
9,89,2,0.633,458
5,90,1,0.189,246
5,90,1,0.248,246
5,90,1,0.322,246
5,90,1,0.619,246
5,90,1,0.915,246
1,90,2,0.165,11
1,90,2,0.251,11
1,90,2,0.277,11
1,90,2,0.496,11
1,90,2,0.725,11
1,90,2,0.852,11
1,90,2,0.993,11
1,91,1,0.117,12
1,91,1,0.203,12
1,91,1,0.469,12
1,91,1,0.546,12
1,91,1,0.619,12
1,91,1,0.756,12
8,91,2,0.006,414
8,91,2,0.305,414
8,91,2,0.416,414
8,91,2,0.431,414
8,91,2,0.573,414
8,91,2,0.802,414
2,92,1,0.144,69
2,92,1,0.477,69
2,92,1,0.73,69
2,92,1,0.959,69
7,93,1,0.325,359
7,93,1,0.373,359
7,93,1,0.503,359
7,93,1,0.679,359
7,93,1,0.797,359
6,94,1,0.001,300
6,94,1,0.023,300
6,94,1,0.184,300
6,94,1,0.199,300
6,94,1,0.228,300
6,94,1,0.296,300
6,94,1,0.437,300
6,94,1,0.787,300
6,94,1,0.879,300
6,94,1,0.927,300
6,94,1,0.944,300
6,94,1,0.975,300
3,94,2,0.037,138
3,94,2,0.129,138
3,94,2,0.177,138
3,94,2,0.194,138
3,94,2,0.225,138
3,94,2,0.289,138
3,94,2,0.302,138
3,94,2,0.502,138
3,94,2,0.641,138
3,94,2,0.645,138
3,94,2,0.66,138
3,94,2,0.74,138
3,94,2,0.901,138
3,94,2,0.982,138
1,95,1,0.224,13
1,95,1,0.476,13
1,95,1,0.781,13
1,95,1,0.796,13
5,95,2,0.031,247
5,95,2,0.046,247
5,95,2,0.506,247
5,95,2,0.528,247
5,95,2,0.835,247
9,96,1,0.253,459
9,96,1,0.667,459
9,96,1,0.682,459
9,96,1,0.763,459
9,96,1,0.789,459
9,96,1,0.829,459
2,96,2,0.03,70
2,96,2,0.056,70
2,96,2,0.096,70
2,96,2,0.437,70
2,96,2,0.556,70
2,96,2,0.586,70
3,97,1,0.17,139
3,97,1,0.384,139
3,97,1,0.456,139
3,97,1,0.499,139
3,97,1,0.534,139
3,97,1,0.565,139
3,97,1,0.62,139
3,97,1,0.843,139
3,97,1,0.877,139
3,97,1,0.91,139
3,97,1,0.96,139
4,97,2,0.093,193
4,97,2,0.127,193
4,97,2,0.16,193
4,97,2,0.21,193
4,97,2,0.582,193
4,97,2,0.805,193
4,97,2,0.93,193
9,98,1,0.208,460
9,98,1,0.534,460
9,98,1,0.55,460
9,98,1,0.679,460
9,98,1,0.753,460
9,98,1,0.832,460
9,98,1,0.873,460
5,98,2,0.003,248
5,98,2,0.082,248
5,98,2,0.123,248
5,98,2,0.264,248
5,98,2,0.33,248
5,98,2,0.449,248
5,98,2,0.511,248
5,98,2,0.518,248
5,98,2,0.663,248
5,98,2,0.73,248
5,98,2,0.745,248
5,98,2,0.876,248
5,98,2,0.927,248
5,98,2,0.964,248
5,98,2,0.969,248
6,99,1,0.219,301
6,99,1,0.35,301
6,99,1,0.506,301
6,99,1,0.568,301
8,99,2,0.301,415
8,99,2,0.355,415
8,99,2,0.553,415
8,99,2,0.602,415
8,99,2,0.674,415
8,99,2,0.715,415
8,99,2,0.855,415
8,99,2,0.953,415
8,99,2,0.958,415
8,100,2,0.28,416
8,100,2,0.638,416
8,100,2,0.731,416
9,101,1,0.017,461
9,101,1,0.169,461
9,101,1,0.172,461
9,101,1,0.718,461
9,101,1,0.732,461
9,101,1,0.777,461
9,101,1,0.783,461
9,101,1,0.989,461
6,101,2,0.027,302
6,101,2,0.033,302
6,101,2,0.239,302
6,101,2,0.256,302
6,101,2,0.878,302
6,101,2,0.949,302
6,101,2,0.969,302
6,102,1,0.07,303
6,102,1,0.104,303
6,102,1,0.447,303
6,102,1,0.776,303
6,102,1,0.815,303
6,102,1,0.844,303
6,102,1,0.967,303
6,102,2,0.026,304
6,102,2,0.065,304
6,102,2,0.094,304
6,102,2,0.217,304
6,102,2,0.345,304
6,102,2,0.521,304
6,102,2,0.567,304
6,102,2,0.606,304
6,102,2,0.693,304
6,102,2,0.799,304
9,103,1,0.068,462
9,103,1,0.115,462
9,103,1,0.12,462
9,103,1,0.456,462
9,103,1,0.508,462
9,103,1,0.58,462
9,103,1,0.854,462
9,103,1,0.911,462
5,103,2,0.104,249
5,103,2,0.161,249
5,103,2,0.25,249
5,103,2,0.324,249
5,103,2,0.371,249
5,103,2,0.4,249
5,103,2,0.435,249
5,103,2,0.597,249
5,103,2,0.752,249
5,103,2,0.833,249
5,103,2,0.859,249
5,103,2,0.886,249
4,104,1,0.095,194
4,104,1,0.271,194
4,104,1,0.367,194
4,104,1,0.435,194
4,104,1,0.536,194
4,104,1,0.868,194
8,104,2,0.118,417
8,104,2,0.584,417
8,104,2,0.77,417
8,104,2,0.982,417
9,105,1,0.112,463
9,105,1,0.149,463
9,105,1,0.252,463
9,105,1,0.452,463
9,105,1,0.538,463
9,105,1,0.562,463
9,105,1,0.603,463
9,105,1,0.652,463
9,105,1,0.698,463
9,105,1,0.769,463
9,105,1,0.856,463
7,105,2,0.019,360
7,105,2,0.106,360
7,105,2,0.375,360
7,105,2,0.604,360
7,105,2,0.696,360
7,105,2,0.759,360
7,105,2,0.812,360
3,106,1,0.064,140
3,106,1,0.241,140
3,106,1,0.383,140
3,106,1,0.551,140
1,106,2,0.316,14
1,106,2,0.838,14
1,106,2,0.889,14
1,106,2,0.931,14
1,106,2,0.994,14
6,107,1,0.098,305
6,107,1,0.122,305
6,107,1,0.19,305
6,107,1,0.197,305
6,107,1,0.443,305
6,107,1,0.812,305
6,107,2,0.062,306
6,107,2,0.27,306
6,107,2,0.391,306
6,107,2,0.932,306
3,108,1,0.406,141
3,108,1,0.552,141
3,108,1,0.69,141
3,108,1,0.693,141
3,108,1,0.706,141
3,108,1,0.85,141
5,108,2,0.116,250
5,108,2,0.358,250
5,108,2,0.593,250
5,108,2,0.603,250
2,109,1,0.091,71
2,109,1,0.281,71
8,109,2,0.304,418
8,109,2,0.462,418
8,109,2,0.909,418
7,110,1,0.05,361
7,110,1,0.153,361
7,110,1,0.271,361
7,110,1,0.403,361
7,110,1,0.779,361
7,110,1,0.936,361
1,110,2,0.029,15
1,110,2,0.186,15
1,110,2,0.342,15
1,110,2,0.394,15
1,110,2,0.609,15
1,110,2,0.663,15
1,110,2,0.937,15
5,111,1,0.001,251
5,111,1,0.066,251
5,111,1,0.309,251
5,111,1,0.438,251
5,111,1,0.68,251
5,111,1,0.71,251
5,111,1,0.841,251
5,111,1,0.953,251
6,111,2,0.091,307
6,111,2,0.203,307
6,111,2,0.415,307
6,111,2,0.445,307
1,112,1,0.066,16
1,112,1,0.132,16
1,112,1,0.536,16
1,112,1,0.619,16
1,112,1,0.745,16
1,112,1,0.973,16
2,112,2,0.223,72
2,112,2,0.44,72
2,112,2,0.562,72
2,112,2,0.691,72
2,112,2,0.833,72
2,113,1,0.089,73
2,113,1,0.467,73
2,113,1,0.496,73
2,113,1,0.599,73
2,113,1,0.615,73
2,113,1,0.744,73
2,113,1,0.793,73
2,113,1,0.927,73
3,113,2,0.043,142
3,113,2,0.177,142
3,113,2,0.318,142
3,113,2,0.663,142
4,114,1,0.114,195
4,114,1,0.128,195
4,114,1,0.181,195
4,114,1,0.589,195
4,114,1,0.71,195
4,114,1,0.726,195
4,114,2,0.561,196
4,114,2,0.608,196
4,114,2,0.782,196
7,115,1,0.005,362
7,115,1,0.06,362
7,115,1,0.149,362
7,115,1,0.496,362
7,115,1,0.528,362
7,115,1,0.734,362
7,115,1,0.741,362
7,115,1,0.771,362
3,116,1,0.163,143
3,116,1,0.275,143
3,116,1,0.645,143
3,116,1,0.782,143
3,116,1,0.823,143
3,116,1,0.89,143
5,116,2,0.032,252
5,116,2,0.073,252
5,116,2,0.14,252
5,116,2,0.272,252
5,116,2,0.397,252
5,116,2,0.428,252
5,116,2,0.477,252
5,116,2,0.581,252
5,116,2,0.864,252
5,117,1,0.326,253
5,117,1,0.338,253
5,117,1,0.384,253
5,117,1,0.571,253
5,117,1,0.618,253
5,117,1,0.658,253
5,117,1,0.829,253
5,117,1,0.885,253
5,117,1,0.992,253
8,117,2,0.062,419
8,117,2,0.118,419
8,117,2,0.225,419
8,117,2,0.297,419
8,117,2,0.425,419
8,117,2,0.51,419
8,117,2,0.533,419
8,117,2,0.759,419
8,117,2,0.774,419
3,118,1,0.069,144
3,118,1,0.147,144
3,118,1,0.157,144
3,118,1,0.474,144
3,118,1,0.51,144
3,118,1,0.624,144
3,118,1,0.892,144
7,119,1,0.119,363
7,119,1,0.814,363
7,119,1,0.941,363
9,119,2,0.064,464
9,119,2,0.191,464
9,119,2,0.273,464
9,119,2,0.493,464
9,119,2,0.763,464
9,119,2,0.77,464
9,119,2,0.847,464
3,120,1,0.103,145
3,120,1,0.373,145
3,120,1,0.54,145
3,120,1,0.597,145
3,120,1,0.774,145
3,120,1,0.819,145
3,120,1,0.828,145
3,120,1,0.943,145
3,120,1,0.991,145
3,120,2,0.024,146
3,120,2,0.069,146
3,120,2,0.078,146
3,120,2,0.193,146
3,120,2,0.241,146
3,120,2,0.358,146
3,120,2,0.38,146
3,120,2,0.414,146
3,120,2,0.809,146
3,120,2,0.83,146
3,121,1,0.23,147
3,121,1,0.344,147
3,121,1,0.491,147
3,121,1,0.58,147
3,121,1,0.648,147
3,121,1,0.669,147
3,121,1,0.804,147
3,121,1,0.845,147
3,121,1,0.899,147
3,121,1,0.974,147
9,121,2,0.054,465
9,121,2,0.095,465
9,121,2,0.149,465
9,121,2,0.224,465
9,121,2,0.293,465
9,121,2,0.397,465
9,121,2,0.466,465
9,121,2,0.53,465
9,121,2,0.744,465
9,121,2,0.757,465
7,122,1,0.031,364
7,122,1,0.521,364
7,122,1,0.523,364
7,122,1,0.559,364
7,122,2,0.422,365
7,122,2,0.431,365
7,122,2,0.713,365
7,123,1,0.384,366
7,123,1,0.456,366
7,123,1,0.623,366
7,123,1,0.977,366
1,124,1,0.063,17
1,124,1,0.129,17
1,124,1,0.561,17
1,124,1,0.829,17
1,124,1,0.987,17
9,124,2,0.079,466
9,124,2,0.237,466
9,124,2,0.298,466
9,124,2,0.477,466
9,124,2,0.712,466
9,124,2,0.734,466
9,124,2,0.856,466
9,124,2,0.969,466
1,125,1,0.019,18
1,125,1,0.167,18
1,125,1,0.292,18
1,125,1,0.777,18
1,125,1,0.911,18
1,126,1,0.172,19
1,126,1,0.308,19
1,126,1,0.393,19
1,126,1,0.55,19
1,126,1,0.617,19
1,126,1,0.67,19
1,126,1,0.814,19
7,126,2,0.064,367
7,126,2,0.397,367
7,126,2,0.827,367
7,126,2,0.956,367
5,127,1,0.323,254
5,127,1,0.347,254
5,127,1,0.622,254
5,127,1,0.67,254
1,127,2,0.267,20
1,127,2,0.283,20
1,127,2,0.302,20
1,127,2,0.549,20
1,127,2,0.763,20
1,127,2,0.826,20
1,127,2,0.847,20
1,127,2,0.9,20
7,129,1,0.289,368
7,129,1,0.503,368
7,129,1,0.763,368
7,129,1,0.805,368
7,129,2,0.013,369
7,129,2,0.055,369
7,129,2,0.414,369
7,129,2,0.657,369
7,129,2,0.665,369
7,129,2,0.782,369
6,130,2,0.19,308
6,130,2,0.271,308
6,130,2,0.395,308
6,130,2,0.436,308
6,130,2,0.628,308
6,130,2,0.706,308
6,130,2,0.819,308
1,131,1,0.153,21
1,131,1,0.293,21
1,131,1,0.355,21
1,131,1,0.498,21
7,131,2,0.276,370
7,131,2,0.511,370
7,131,2,0.532,370
7,131,2,0.695,370
7,131,2,0.788,370
7,131,2,0.808,370
2,132,1,0.246,74
2,132,1,0.357,74
2,132,1,0.449,74
2,132,1,0.503,74
2,132,1,0.539,74
2,132,1,0.61,74
2,132,1,0.635,74
2,132,1,0.767,74
2,132,1,0.785,74
2,132,2,0.017,75
2,132,2,0.035,75
2,132,2,0.285,75
2,132,2,0.407,75
2,132,2,0.552,75
2,132,2,0.695,75
2,132,2,0.781,75
2,132,2,0.799,75
2,132,2,0.839,75
2,132,2,0.896,75
2,133,1,0.012,76
2,133,1,0.114,76
2,133,1,0.179,76
2,133,1,0.255,76
2,133,1,0.814,76
2,133,1,0.927,76
2,133,2,0.065,77
2,133,2,0.178,77
2,133,2,0.346,77
2,133,2,0.619,77
2,133,2,0.716,77
3,134,1,0.388,148
3,134,1,0.398,148
3,134,1,0.786,148
3,134,1,0.877,148
1,135,1,0.69,22
1,135,1,0.807,22
1,135,1,0.899,22
1,135,2,0.057,23
1,135,2,0.149,23
1,135,2,0.278,23
1,135,2,0.683,23
3,136,1,0.042,149
3,136,1,0.331,149
3,136,1,0.42,149
3,136,1,0.575,149
3,136,1,0.701,149
3,136,1,0.847,149
3,136,1,0.993,149
4,137,2,0.091,197
4,137,2,0.296,197
4,137,2,0.441,197
4,137,2,0.474,197
4,137,2,0.569,197
4,137,2,0.635,197
4,137,2,0.644,197
4,137,2,0.647,197
4,137,2,0.692,197
4,137,2,0.88,197
4,137,2,0.935,197
6,138,1,0.19,309
6,138,1,0.409,309
6,138,1,0.448,309
6,138,1,0.457,309
6,138,1,0.52,309
6,138,1,0.556,309
6,138,1,0.563,309
5,138,2,0.315,255
5,138,2,0.397,255
5,138,2,0.433,255
5,138,2,0.662,255
5,138,2,0.716,255
5,138,2,0.842,255
5,138,2,0.909,255
5,138,2,0.919,255
7,139,2,0.022,371
7,139,2,0.04,371
7,139,2,0.154,371
7,139,2,0.511,371
7,139,2,0.77,371
7,139,2,0.915,371
7,139,2,0.922,371
7,139,2,0.988,371
4,140,1,0.152,198
4,140,1,0.182,198
4,140,1,0.21,198
4,140,1,0.292,198
4,140,1,0.337,198
4,140,1,0.525,198
4,140,1,0.77,198
4,140,2,0.02,199
4,140,2,0.401,199
8,141,2,0.289,420
8,141,2,0.606,420
8,141,2,0.639,420
8,141,2,0.703,420
8,141,2,0.846,420
8,141,2,0.952,420
4,142,1,0.082,200
4,142,1,0.14,200
4,142,1,0.232,200
4,142,1,0.388,200
4,142,1,0.564,200
4,142,1,0.567,200
4,142,1,0.577,200
4,142,1,0.804,200
9,142,2,0.054,467
9,142,2,0.261,467
9,142,2,0.372,467
9,142,2,0.53,467
9,142,2,0.537,467
9,142,2,0.624,467
9,142,2,0.664,467
9,142,2,0.736,467
9,142,2,0.802,467
4,143,1,0.173,201
4,143,1,0.182,201
4,143,1,0.223,201
4,143,1,0.297,201
4,143,1,0.576,201
4,143,1,0.789,201
1,144,1,0.788,24
1,144,1,0.826,24
1,144,1,0.857,24
1,144,1,0.868,24
1,144,1,0.934,24
2,144,2,0.038,78
2,144,2,0.076,78
2,144,2,0.107,78
2,144,2,0.118,78
2,144,2,0.184,78
2,144,2,0.272,78
2,144,2,0.42,78
2,144,2,0.644,78
2,144,2,0.953,78
5,145,1,0.02,256
5,145,1,0.215,256
5,145,1,0.219,256
5,145,1,0.264,256
5,145,1,0.348,256
5,145,1,0.432,256
5,145,1,0.526,256
5,145,1,0.583,256
5,145,1,0.658,256
5,145,1,0.663,256
5,145,1,0.943,256
3,145,2,0.193,150
3,145,2,0.271,150
3,145,2,0.353,150
3,145,2,0.656,150
3,145,2,0.852,150
3,145,2,0.993,150
6,146,1,0.07,310
6,146,1,0.127,310
6,146,1,0.135,310
6,146,1,0.195,310
6,146,1,0.31,310
6,146,1,0.371,310
6,146,1,0.403,310
6,146,1,0.456,310
6,146,1,0.68,310
6,146,1,0.855,310
6,146,2,0.105,311
6,146,2,0.647,311
6,146,2,0.697,311
6,146,2,0.869,311
8,147,1,0.039,421
8,147,1,0.157,421
8,147,1,0.294,421
8,147,1,0.315,421
8,147,1,0.431,421
8,147,1,0.708,421
8,147,1,0.77,421
8,147,1,0.947,421
8,147,2,0.02,422
8,147,2,0.197,422
8,147,2,0.438,422
8,147,2,0.511,422
8,147,2,0.779,422
8,147,2,0.784,422
8,147,2,0.889,422
8,147,2,0.978,422
9,148,1,0.061,468
9,148,1,0.264,468
9,148,1,0.267,468
9,148,1,0.522,468
9,148,1,0.684,468
9,148,1,0.702,468
9,148,1,0.797,468
9,148,1,0.864,468
6,148,2,0.047,312
6,148,2,0.114,312
6,148,2,0.346,312
6,148,2,0.446,312
6,148,2,0.53,312
6,148,2,0.712,312
6,148,2,0.788,312
6,148,2,0.89,312
6,148,2,0.951,312
6,148,2,0.954,312
9,149,1,0.078,469
9,149,1,0.414,469
9,149,1,0.445,469
9,149,1,0.641,469
9,149,1,0.742,469
9,149,1,0.756,469
9,149,1,0.92,469
8,151,1,0.097,423
8,151,1,0.381,423
8,151,1,0.429,423
8,151,1,0.599,423
8,151,1,0.759,423
8,151,1,0.807,423
9,152,1,0.039,470
9,152,1,0.546,470
7,152,2,0.601,372
7,152,2,0.606,372
4,153,1,0.135,202
4,153,1,0.27,202
4,153,1,0.301,202
4,153,1,0.529,202
4,153,1,0.558,202
4,153,1,0.796,202
4,153,1,0.917,202
4,153,1,0.922,202
4,153,2,0.046,203
4,153,2,0.167,203
4,153,2,0.172,203
4,153,2,0.629,203
4,153,2,0.893,203
8,154,1,0.092,424
8,154,1,0.11,424
8,154,1,0.238,424
8,154,1,0.289,424
8,154,1,0.365,424
8,154,1,0.398,424
8,154,1,0.453,424
8,154,1,0.697,424
8,154,1,0.812,424
8,154,2,0.062,425
8,154,2,0.288,425
8,154,2,0.342,425
5,155,1,0.001,257
5,155,1,0.133,257
5,155,1,0.383,257
5,155,1,0.791,257
5,155,1,0.866,257
5,155,1,0.909,257
6,155,2,0.041,313
6,155,2,0.116,313
6,155,2,0.159,313
6,155,2,0.302,313
6,155,2,0.341,313
6,155,2,0.425,313
6,155,2,0.564,313
6,155,2,0.605,313
6,155,2,0.74,313
6,155,2,0.786,313
6,155,2,0.862,313
6,155,2,0.887,313
4,156,2,0.188,204
4,156,2,0.256,204
4,156,2,0.345,204
4,156,2,0.389,204
4,156,2,0.484,204
4,156,2,0.574,204
4,156,2,0.62,204
4,156,2,0.631,204
4,156,2,0.808,204
4,156,2,0.957,204
5,157,1,0.177,258
5,157,1,0.22,258
5,157,1,0.23,258
5,157,1,0.292,258
5,157,1,0.315,258
5,157,1,0.348,258
5,157,1,0.553,258
5,157,1,0.588,258
5,157,1,0.62,258
5,157,1,0.947,258
7,157,2,0.197,373
7,157,2,0.374,373
7,157,2,0.44,373
7,157,2,0.46,373
7,157,2,0.864,373
2,158,1,0.198,79
2,158,1,0.223,79
2,158,1,0.272,79
2,158,1,0.317,79
2,158,1,0.361,79
2,158,1,0.383,79
2,158,1,0.466,79
2,158,1,0.507,79
2,158,1,0.596,79
7,159,1,0.341,374
7,159,1,0.405,374
7,159,1,0.736,374
7,159,1,0.744,374
7,159,1,0.809,374
7,159,1,0.839,374
3,159,2,0.059,151
3,159,2,0.089,151
3,159,2,0.398,151
3,159,2,0.502,151
3,159,2,0.53,151
3,159,2,0.951,151
3,159,2,0.954,151
9,160,1,0.123,471
9,160,1,0.432,471
9,160,1,0.732,471
8,161,1,0.116,426
8,161,1,0.178,426
8,161,1,0.196,426
8,161,1,0.56,426
8,161,1,0.95,426
9,161,2,0.2,472
9,161,2,0.315,472
9,161,2,0.516,472
9,161,2,0.719,472
9,161,2,0.722,472
9,161,2,0.922,472
4,162,1,0.229,205
4,162,1,0.447,205
4,162,1,0.545,205
2,162,2,0.363,80
2,162,2,0.504,80
2,162,2,0.597,80
2,162,2,0.801,80
5,163,1,0.037,259
5,163,1,0.096,259
5,163,1,0.35,259
5,163,1,0.405,259
4,163,2,0.666,206
4,163,2,0.715,206
4,163,2,0.743,206
4,163,2,0.745,206
7,164,1,0.03,375
7,164,1,0.294,375
7,164,1,0.463,375
7,164,1,0.491,375
7,164,1,0.636,375
7,164,1,0.66,375
7,164,1,0.709,375
7,164,1,0.84,375
7,164,1,0.925,375
7,164,1,0.951,375
1,164,2,0.09,25
1,164,2,0.175,25
1,164,2,0.201,25
1,164,2,0.421,25
1,164,2,0.429,25
1,164,2,0.456,25
1,164,2,0.513,25
1,164,2,0.636,25
1,164,2,0.786,25
1,164,2,0.809,25
1,164,2,0.906,25
1,164,2,0.976,25
3,165,1,0.08,152
3,165,1,0.175,152
3,165,1,0.177,152
3,165,1,0.264,152
3,165,1,0.418,152
3,165,1,0.477,152
3,166,2,0.102,153
3,166,2,0.136,153
3,166,2,0.221,153
3,166,2,0.226,153
3,166,2,0.357,153
3,166,2,0.859,153
3,166,2,0.864,153
3,166,2,0.963,153
7,167,1,0.181,376
7,167,1,0.389,376
7,167,1,0.503,376
7,167,1,0.592,376
7,167,1,0.673,376
7,167,1,0.749,376
7,167,1,0.931,376
4,168,1,0.009,207
4,168,1,0.393,207
4,168,1,0.475,207
4,168,1,0.667,207
4,168,1,0.764,207
4,168,1,0.805,207
2,168,2,0.014,81
2,168,2,0.055,81
2,168,2,0.453,81
2,168,2,0.541,81
2,168,2,0.567,81
6,169,1,0.03,314
6,169,1,0.075,314
6,169,1,0.299,314
6,169,1,0.378,314
6,169,1,0.46,314
6,169,1,0.681,314
2,170,2,0.156,82
2,170,2,0.37,82
2,170,2,0.727,82
2,170,2,0.975,82
8,171,1,0.198,427
8,171,1,0.338,427
8,171,1,0.406,427
8,171,1,0.422,427
8,171,1,0.716,427
8,171,1,0.935,427
5,171,2,0.185,260
5,171,2,0.592,260
5,171,2,0.652,260
5,171,2,0.788,260
5,171,2,0.837,260
5,171,2,0.853,260
5,171,2,0.99,260
3,172,1,0.19,154
3,172,1,0.239,154
3,172,1,0.278,154
3,172,1,0.397,154
3,172,1,0.412,154
3,172,1,0.569,154
3,172,1,0.709,154
3,172,1,0.852,154
3,172,1,0.899,154
3,172,1,0.938,154
3,172,2,0.102,155
3,172,2,0.149,155
3,172,2,0.188,155
3,172,2,0.514,155
3,172,2,0.555,155
3,172,2,0.62,155
3,172,2,0.726,155
3,172,2,0.822,155
3,172,2,0.834,155
3,172,2,0.964,155
9,173,2,0.155,473
9,173,2,0.249,473
9,173,2,0.266,473
9,173,2,0.443,473
9,173,2,0.494,473
9,173,2,0.927,473
5,175,2,0.132,261
5,175,2,0.283,261
5,175,2,0.328,261
5,175,2,0.385,261
5,175,2,0.489,261
5,175,2,0.592,261
5,175,2,0.734,261
5,175,2,0.749,261
5,175,2,0.755,261
5,175,2,0.763,261
5,175,2,0.766,261
5,175,2,0.78,261
5,175,2,0.851,261
1,176,1,0.097,26
1,176,1,0.121,26
1,176,1,0.48,26
1,176,1,0.491,26
1,176,1,0.524,26
1,176,1,0.769,26
1,176,1,0.785,26
1,176,1,0.835,26
1,176,1,0.854,26
1,176,1,0.948,26
6,176,2,0.019,315
6,176,2,0.035,315
6,176,2,0.085,315
6,176,2,0.104,315
6,176,2,0.198,315
6,176,2,0.43,315
6,176,2,0.602,315
6,176,2,0.636,315
6,176,2,0.694,315
8,177,1,0.009,428
8,177,1,0.064,428
8,177,1,0.066,428
8,177,1,0.177,428
8,177,1,0.193,428
8,177,1,0.246,428
8,177,1,0.302,428
8,177,1,0.352,428
8,177,1,0.497,428
8,177,1,0.655,428
4,177,2,0.499,208
4,177,2,0.686,208
4,177,2,0.752,208
4,177,2,0.844,208
4,177,2,0.894,208
4,177,2,0.971,208
8,178,1,0.037,429
8,178,1,0.144,429
8,178,1,0.273,429
8,178,1,0.339,429
8,178,1,0.37,429
8,178,1,0.59,429
8,178,1,0.665,429
8,178,1,0.723,429
8,178,1,0.763,429
8,178,1,0.951,429
4,178,2,0.013,209
4,178,2,0.201,209
4,178,2,0.419,209
4,178,2,0.549,209
4,178,2,0.575,209
4,178,2,0.841,209
4,178,2,0.937,209
6,179,2,0.19,316
6,179,2,0.214,316
6,179,2,0.458,316
6,179,2,0.517,316
6,179,2,0.52,316
6,179,2,0.546,316
6,179,2,0.877,316
6,179,2,0.889,316
6,179,2,0.938,316
6,179,2,0.965,316
9,180,1,0.138,474
9,180,1,0.218,474
9,180,1,0.254,474
9,180,1,0.309,474
9,180,1,0.684,474
4,180,2,0.365,210
4,180,2,0.945,210
2,181,1,0.043,83
2,181,1,0.276,83
2,181,1,0.432,83
2,181,1,0.583,83
2,181,1,0.754,83
2,181,1,0.986,83
2,181,2,0.004,84
2,181,2,0.236,84
2,181,2,0.251,84
2,181,2,0.303,84
2,181,2,0.987,84
2,182,1,0.17,85
2,182,1,0.174,85
2,182,1,0.266,85
2,182,1,0.557,85
2,182,1,0.92,85
9,182,2,0.17,475
9,182,2,0.332,475
9,182,2,0.674,475
9,182,2,0.843,475
8,183,1,0.126,430
8,183,1,0.784,430
8,183,1,0.87,430
3,183,2,0.034,156
3,183,2,0.12,156
3,183,2,0.398,156
3,183,2,0.482,156
3,183,2,0.488,156
3,183,2,0.502,156
3,183,2,0.514,156
3,183,2,0.672,156
3,183,2,0.731,156
3,183,2,0.82,156
3,183,2,0.973,156
7,184,2,0.386,377
7,184,2,0.545,377
7,184,2,0.64,377
7,184,2,0.844,377
7,184,2,0.951,377
7,185,1,0.037,378
7,185,1,0.183,378
7,185,1,0.629,378
7,185,1,0.664,378
7,185,1,0.887,378
5,185,2,0.137,262
5,185,2,0.274,262
5,185,2,0.298,262
5,185,2,0.48,262
5,185,2,0.862,262
7,186,1,0.054,379
7,186,1,0.176,379
7,186,1,0.809,379
7,186,1,0.821,379
7,186,1,0.879,379
9,186,2,0.059,476
9,186,2,0.071,476
9,186,2,0.129,476
9,186,2,0.266,476
9,186,2,0.604,476
9,186,2,0.745,476
9,186,2,0.872,476
3,187,2,0.121,157
3,187,2,0.3,157
3,187,2,0.331,157
3,187,2,0.333,157
3,187,2,0.364,157
3,187,2,0.497,157
3,187,2,0.616,157
3,187,2,0.632,157
3,187,2,0.643,157
3,187,2,0.665,157
3,187,2,0.684,157
3,187,2,0.691,157
3,187,2,0.722,157
3,187,2,0.741,157
3,187,2,0.744,157
3,187,2,0.883,157
3,189,1,0.096,158
3,189,1,0.122,158
3,189,1,0.192,158
3,189,1,0.584,158
3,189,1,0.661,158
3,189,1,0.876,158
8,189,2,0.126,431
8,189,2,0.689,431
2,190,1,0.213,86
2,190,1,0.282,86
2,190,1,0.307,86
2,190,1,0.532,86
2,190,1,0.707,86
2,190,1,0.86,86
2,190,1,0.913,86
8,190,2,0.11,432
8,190,2,0.163,432
8,190,2,0.304,432
8,190,2,0.307,432
8,190,2,0.373,432
8,190,2,0.464,432
8,190,2,0.564,432
8,190,2,0.771,432
4,191,1,0.062,211
4,191,1,0.208,211
4,191,1,0.642,211
4,191,1,0.748,211
3,191,2,0.314,159
3,191,2,0.357,159
3,191,2,0.537,159
3,191,2,0.622,159
3,191,2,0.685,159
3,191,2,0.858,159
3,191,2,0.937,159
2,192,1,0.046,87
2,192,1,0.124,87
2,192,1,0.189,87
2,192,1,0.395,87
2,192,1,0.811,87
2,192,2,0.061,88
2,192,2,0.464,88
2,192,2,0.49,88
2,192,2,0.655,88
2,192,2,0.702,88
2,192,2,0.82,88
2,192,2,0.936,88
1,193,1,0.035,27
1,193,1,0.294,27
1,193,1,0.432,27
1,193,1,0.496,27
1,193,1,0.764,27
1,193,1,0.818,27
1,193,1,0.823,27
1,193,1,0.964,27
1,193,2,0.014,28
1,193,2,0.068,28
1,193,2,0.073,28
1,193,2,0.214,28
1,193,2,0.291,28
1,193,2,0.405,28
1,193,2,0.454,28
1,193,2,0.521,28
1,193,2,0.709,28
1,193,2,0.733,28
1,193,2,0.795,28
7,194,1,0.159,380
7,194,1,0.165,380
7,194,1,0.272,380
7,194,1,0.492,380
7,194,1,0.596,380
2,194,2,0.354,89
2,194,2,0.402,89
2,194,2,0.549,89
2,194,2,0.57,89
2,194,2,0.795,89
2,194,2,0.998,89
3,195,1,0.289,160
3,195,1,0.456,160
3,195,1,0.469,160
3,195,1,0.621,160
3,195,1,0.647,160
3,195,1,0.828,160
2,195,2,0.078,90
2,195,2,0.446,90
2,195,2,0.613,90
2,195,2,0.78,90
2,195,2,0.805,90
2,195,2,0.834,90
1,196,1,0.331,29
1,196,1,0.632,29
1,196,1,0.679,29
5,196,2,0.341,263
5,196,2,0.404,263
5,196,2,0.561,263
5,196,2,0.574,263
5,196,2,0.777,263
5,196,2,0.976,263
9,197,2,0.215,477
9,197,2,0.228,477
9,197,2,0.404,477
9,197,2,0.53,477
9,197,2,0.94,477
5,198,1,0.034,264
5,198,1,0.068,264
5,198,1,0.093,264
5,198,1,0.151,264
5,198,1,0.438,264
5,198,1,0.535,264
8,198,2,0.334,433
8,198,2,0.511,433
8,198,2,0.598,433
8,198,2,0.99,433
9,199,1,0.162,478
9,199,1,0.333,478
9,199,1,0.513,478
9,199,1,0.534,478
9,199,1,0.646,478
9,199,1,0.727,478
9,199,1,0.862,478
2,199,2,0.112,91
2,199,2,0.302,91
2,199,2,0.575,91
2,199,2,0.718,91
2,199,2,0.999,91
4,200,2,0.178,212
4,200,2,0.468,212
4,200,2,0.47,212
4,200,2,0.825,212
7,201,1,0.036,381
7,201,1,0.302,381
9,201,2,0.294,479
9,201,2,0.724,479
9,201,2,0.823,479
9,202,1,0.359,480
9,202,1,0.388,480
9,202,1,0.455,480
9,202,1,0.592,480
9,202,1,0.669,480
9,202,1,0.68,480
9,202,1,0.734,480
9,202,1,0.759,480
9,202,1,0.895,480
9,202,1,0.967,480
2,202,2,0.009,92
2,202,2,0.145,92
2,202,2,0.217,92
2,202,2,0.428,92
2,202,2,0.437,92
2,202,2,0.441,92
2,202,2,0.531,92
2,202,2,0.703,92
2,202,2,0.914,92
4,203,1,0.059,213
4,203,1,0.632,213
4,203,1,0.946,213
4,203,1,0.97,213
7,203,2,0.196,382
7,203,2,0.22,382
7,203,2,0.446,382
7,203,2,0.704,382
7,203,2,0.853,382
7,203,2,0.914,382
8,204,1,0.125,434
8,204,1,0.139,434
8,204,1,0.375,434
8,204,1,0.446,434
8,204,1,0.553,434
5,204,2,0.267,265
5,204,2,0.455,265
5,204,2,0.518,265
5,204,2,0.779,265
5,204,2,0.782,265
5,204,2,0.831,265
5,204,2,0.922,265
2,205,1,0.065,93
2,205,1,0.23,93
2,205,1,0.399,93
2,205,1,0.799,93
1,205,2,0.049,30
1,205,2,0.316,30
1,205,2,0.358,30
1,205,2,0.673,30
1,205,2,0.694,30
1,205,2,0.701,30
1,205,2,0.867,30
1,205,2,0.873,30
5,206,1,0.067,266
5,206,1,0.387,266
5,206,1,0.408,266
5,206,1,0.533,266
1,206,2,0.941,31
1,206,2,0.95,31
8,207,1,0.344,435
8,207,1,0.652,435
8,207,1,0.798,435
8,207,1,0.966,435
2,208,1,0.158,94
2,208,1,0.498,94
2,208,1,0.714,94
2,208,1,0.882,94
7,208,2,0.132,383
7,208,2,0.266,383
7,208,2,0.271,383
7,208,2,0.338,383
7,208,2,0.468,383
7,208,2,0.73,383
7,208,2,0.87,383
7,208,2,0.953,383
1,209,2,0.126,32
1,209,2,0.695,32
1,209,2,0.705,32
1,209,2,0.77,32
1,209,2,0.942,32
7,210,1,0.017,384
7,210,1,0.095,384
7,210,1,0.108,384
7,210,1,0.142,384
7,210,1,0.609,384
7,210,1,0.73,384
7,210,1,0.777,384
7,210,1,0.986,384
4,210,2,0.027,214
4,210,2,0.236,214
4,210,2,0.398,214
4,210,2,0.64,214
4,210,2,0.723,214
4,210,2,0.732,214
4,210,2,0.907,214
5,211,1,0.064,267
5,211,1,0.165,267
5,211,1,0.277,267
5,211,1,0.301,267
5,211,1,0.38,267
5,211,1,0.457,267
5,211,1,0.674,267
5,211,1,0.796,267
5,211,1,0.893,267
5,211,1,0.972,267
2,211,2,0.046,95
2,211,2,0.143,95
2,211,2,0.222,95
2,211,2,0.34,95
2,211,2,0.378,95
2,211,2,0.475,95
2,211,2,0.652,95
2,211,2,0.68,95
2,211,2,0.74,95
2,211,2,0.75,95
2,211,2,0.783,95
2,211,2,0.886,95
2,212,1,0.018,96
2,212,1,0.13,96
2,212,1,0.3,96
2,212,1,0.689,96
2,213,2,0.105,97
2,213,2,0.131,97
2,213,2,0.144,97
2,213,2,0.194,97
2,213,2,0.631,97
2,213,2,0.707,97
2,213,2,0.92,97
4,214,1,0.056,215
4,214,1,0.43,215
4,214,1,0.624,215
4,214,1,0.679,215
4,214,1,0.786,215
1,214,2,0.036,33
1,214,2,0.252,33
1,214,2,0.302,33
1,214,2,0.321,33
1,214,2,0.338,33
1,214,2,0.595,33
1,214,2,0.614,33
1,214,2,0.715,33
3,215,2,0.039,161
3,215,2,0.059,161
3,215,2,0.075,161
3,215,2,0.341,161
9,216,1,0.107,481
9,216,1,0.128,481
9,216,1,0.23,481
9,216,1,0.287,481
9,216,1,0.422,481
9,216,1,0.721,481
9,216,1,0.758,481
7,216,2,0.008,385
7,216,2,0.352,385
7,216,2,0.662,385
7,216,2,0.712,385
7,216,2,0.722,385
7,216,2,0.808,385
7,216,2,0.825,385
7,216,2,0.875,385
7,216,2,0.94,385
6,217,1,0.187,317
6,217,1,0.325,317
6,217,1,0.7,317
6,217,1,0.831,317
6,217,1,0.906,317
6,217,2,0.081,318
6,217,2,0.156,318
6,217,2,0.313,318
6,217,2,0.602,318
6,217,2,0.739,318
6,217,2,0.819,318
6,217,2,0.917,318
6,217,2,0.958,318
1,218,1,0.19,34
1,218,1,0.24,34
1,218,1,0.482,34
1,218,1,0.494,34
1,218,1,0.512,34
1,218,1,0.761,34
7,218,2,0.011,386
7,218,2,0.284,386
7,218,2,0.757,386
7,218,2,0.77,386
2,219,1,0.015,98
2,219,1,0.065,98
2,219,1,0.187,98
2,219,1,0.446,98
2,219,1,0.683,98
2,219,1,0.885,98
2,219,1,0.911,98
8,220,1,0.063,436
8,220,1,0.074,436
8,220,1,0.099,436
8,220,1,0.37,436
8,220,1,0.453,436
8,220,1,0.515,436
8,220,1,0.737,436
8,220,1,0.763,436
8,220,1,0.944,436
8,220,1,0.969,436
5,220,2,0.013,268
5,220,2,0.194,268
5,220,2,0.219,268
5,220,2,0.284,268
5,220,2,0.524,268
5,220,2,0.633,268
5,220,2,0.869,268
5,220,2,0.91,268
5,220,2,0.969,268
5,221,1,0.212,269
5,221,1,0.232,269
5,221,1,0.403,269
5,221,1,0.408,269
5,221,1,0.433,269
5,221,1,0.444,269
5,221,1,0.552,269
5,221,1,0.685,269
5,221,1,0.792,269
5,221,1,0.841,269
5,221,1,0.963,269
1,222,1,0.049,35
1,222,1,0.066,35
1,222,1,0.08,35
1,222,1,0.093,35
1,222,1,0.222,35
1,222,1,0.249,35
1,222,1,0.31,35
1,222,1,0.348,35
1,222,1,0.368,35
1,222,1,0.407,35
1,222,1,0.416,35
1,222,1,0.524,35
1,222,1,0.725,35
1,222,1,0.806,35
1,222,1,0.836,35
1,222,1,0.923,35
3,222,2,0.056,162
3,222,2,0.086,162
3,222,2,0.173,162
3,222,2,0.275,162
3,222,2,0.307,162
3,222,2,0.346,162
3,222,2,0.614,162
3,222,2,0.948,162
3,222,2,0.985,162
9,223,1,0.027,482
9,223,1,0.384,482
9,223,1,0.421,482
9,223,1,0.494,482
9,223,1,0.653,482
9,223,1,0.734,482
9,223,1,0.751,482
9,223,1,0.811,482
9,223,1,0.823,482
9,223,1,0.957,482
9,223,1,0.97,482
6,223,2,0.002,319
6,223,2,0.062,319
6,223,2,0.074,319
6,223,2,0.208,319
6,223,2,0.221,319
6,223,2,0.299,319
6,223,2,0.38,319
6,223,2,0.443,319
6,223,2,0.548,319
6,223,2,0.774,319
6,223,2,0.815,319
6,223,2,0.817,319
6,223,2,0.975,319
1,224,1,0.145,36
1,224,1,0.443,36
5,224,2,0.268,270
5,224,2,0.3,270
5,224,2,0.413,270
5,224,2,0.627,270
5,224,2,0.783,270
5,225,2,0.503,271
5,225,2,0.589,271
5,225,2,0.643,271
5,225,2,0.686,271
5,225,2,0.726,271
5,225,2,0.881,271
5,225,2,0.941,271
6,226,1,0.04,320
6,226,1,0.202,320
6,226,1,0.273,320
6,226,1,0.77,320
8,226,2,0.02,437
8,226,2,0.838,437
8,226,2,0.91,437
4,228,1,0.015,216
4,228,1,0.143,216
4,228,1,0.254,216
4,228,1,0.372,216
4,228,1,0.479,216
4,228,1,0.503,216
4,228,1,0.569,216
4,228,1,0.685,216
7,228,2,0.511,387
7,228,2,0.529,387
7,228,2,0.692,387
7,228,2,0.709,387
7,228,2,0.847,387
2,229,1,0.427,99
2,229,1,0.439,99
2,229,1,0.502,99
2,229,1,0.696,99
2,229,1,0.746,99
2,229,1,0.968,99
2,229,1,0.986,99
9,229,2,0.218,483
9,229,2,0.236,483
9,229,2,0.415,483
9,229,2,0.455,483
9,229,2,0.508,483
9,229,2,0.656,483
7,230,1,0.104,388
7,230,1,0.147,388
7,230,1,0.162,388
7,230,1,0.382,388
7,230,1,0.882,388
7,230,1,0.975,388
2,230,2,0.132,100
2,230,2,0.225,100
2,230,2,0.255,100
2,230,2,0.298,100
2,230,2,0.471,100
2,230,2,0.581,100
2,230,2,0.593,100
2,230,2,0.601,100
2,230,2,0.841,100
2,230,2,0.894,100
2,230,2,0.996,100
8,231,2,0.242,438
8,231,2,0.731,438
8,231,2,0.803,438
9,232,1,0.1,484
9,232,1,0.355,484
9,232,1,0.552,484
9,232,1,0.781,484
9,232,1,0.839,484
8,233,1,0.243,439
8,233,1,0.468,439
8,233,1,0.558,439
8,233,1,0.642,439
8,233,1,0.701,439
8,233,1,0.742,439
8,233,1,0.767,439
8,233,1,0.957,439
8,233,1,0.963,439
5,233,2,0.017,272
5,233,2,0.207,272
5,233,2,0.213,272
5,233,2,0.435,272
5,233,2,0.441,272
5,233,2,0.683,272
5,233,2,0.715,272
1,234,1,0.199,37
1,234,1,0.229,37
1,234,1,0.318,37
1,234,1,0.465,37
1,234,1,0.619,37
1,234,1,0.864,37
1,234,1,0.897,37
9,234,2,0.114,485
9,234,2,0.147,485
9,234,2,0.412,485
9,234,2,0.419,485
9,234,2,0.427,485
9,234,2,0.752,485
9,234,2,0.924,485
9,235,2,0.276,486
9,235,2,0.411,486
9,235,2,0.462,486
9,235,2,0.516,486
9,235,2,0.608,486
9,235,2,0.731,486
9,235,2,0.775,486
9,235,2,0.861,486
9,235,2,0.954,486
9,235,2,0.998,486
2,236,1,0.031,101
2,236,1,0.055,101
2,236,1,0.242,101
2,236,1,0.362,101
2,236,1,0.887,101
2,236,1,0.948,101
2,236,2,0.137,102
2,236,2,0.198,102
2,236,2,0.276,102
2,236,2,0.289,102
2,236,2,0.468,102
2,236,2,0.48,102
2,236,2,0.847,102
2,236,2,0.983,102
7,237,1,0.369,389
7,237,1,0.373,389
5,237,2,0.366,273
5,237,2,0.378,273
5,237,2,0.461,273
5,237,2,0.618,273
5,237,2,0.867,273
5,237,2,0.995,273
5,238,1,0.288,274
5,238,1,0.375,274
5,238,1,0.747,274
5,238,1,0.785,274
5,238,1,0.791,274
5,238,1,0.84,274
5,238,1,0.974,274
5,238,2,0.035,275
5,238,2,0.041,275
5,238,2,0.09,275
5,238,2,0.224,275
5,238,2,0.289,275
5,238,2,0.456,275
5,238,2,0.79,275
5,238,2,0.871,275
5,238,2,0.947,275
5,238,2,0.993,275
1,239,1,0.019,38
1,239,1,0.029,38
1,239,1,0.312,38
1,239,1,0.315,38
1,239,1,0.392,38
1,239,1,0.406,38
1,239,2,0.279,39
1,239,2,0.313,39
2,240,2,0.208,103
2,240,2,0.323,103
2,240,2,0.568,103
2,240,2,0.801,103
2,240,2,0.939,103
2,241,2,0.084,104
2,241,2,0.178,104
2,241,2,0.326,104
2,241,2,0.542,104
2,241,2,0.786,104
2,241,2,0.868,104
2,241,2,0.956,104
7,242,1,0.033,390
7,242,1,0.052,390
7,242,1,0.129,390
7,242,1,0.183,390
7,242,1,0.225,390
7,242,1,0.426,390
7,242,1,0.519,390
7,242,1,0.585,390
7,242,1,0.769,390
7,242,1,0.784,390
7,242,1,0.793,390
7,242,1,0.816,390
7,242,1,0.923,390
2,242,2,0.019,105
2,242,2,0.034,105
2,242,2,0.043,105
2,242,2,0.066,105
2,242,2,0.173,105
2,242,2,0.274,105
2,242,2,0.304,105
2,242,2,0.46,105
2,242,2,0.467,105
2,242,2,0.506,105
2,242,2,0.526,105
2,242,2,0.721,105
2,242,2,0.728,105
2,242,2,0.876,105
2,242,2,0.993,105
2,244,1,0.043,106
2,244,1,0.07,106
2,244,1,0.166,106
2,244,1,0.278,106
2,244,1,0.295,106
2,244,1,0.372,106
2,244,1,0.407,106
2,244,1,0.934,106
2,244,1,0.936,106
1,244,2,0.184,40
1,244,2,0.186,40
1,244,2,0.312,40
1,244,2,0.341,40
1,244,2,0.697,40
1,244,2,0.776,40
6,245,1,0.129,321
6,245,1,0.208,321
6,245,1,0.22,321
6,245,1,0.533,321
6,245,1,0.576,321
6,245,1,0.595,321
6,245,1,0.72,321
6,245,1,0.843,321
6,245,1,0.904,321
3,245,2,0.093,163
3,245,2,0.154,163
3,245,2,0.427,163
3,245,2,0.507,163
3,245,2,0.803,163
3,245,2,0.901,163
3,245,2,0.916,163
2,246,1,0.143,107
2,246,1,0.201,107
2,246,1,0.233,107
2,246,1,0.289,107
2,246,1,0.404,107
5,246,2,0.542,276
5,246,2,0.729,276
5,246,2,0.8,276
5,246,2,0.857,276
5,246,2,0.932,276
1,247,1,0.259,41
1,247,1,0.304,41
1,247,1,0.644,41
1,247,1,0.655,41
1,247,1,0.665,41
1,247,1,0.755,41
1,247,1,0.792,41
1,247,1,0.983,41
7,247,2,0.005,391
7,247,2,0.042,391
7,247,2,0.233,391
7,247,2,0.393,391
7,247,2,0.595,391
7,247,2,0.682,391
7,247,2,0.955,391
6,248,1,0.153,322
6,248,1,0.665,322
6,248,1,0.672,322
6,248,1,0.682,322
6,248,1,0.746,322
6,248,1,0.764,322
6,248,1,0.77,322
6,248,1,0.805,322
6,248,1,0.969,322
3,248,2,0.014,164
3,248,2,0.02,164
3,248,2,0.055,164
3,248,2,0.219,164
3,248,2,0.574,164
3,248,2,0.711,164
3,248,2,0.807,164
3,248,2,0.947,164
9,249,1,0.198,487
9,249,1,0.287,487
9,249,1,0.493,487
9,249,1,0.54,487
9,249,1,0.717,487
9,249,1,0.956,487
1,249,2,0.206,42
1,249,2,0.379,42
1,249,2,0.616,42
1,249,2,0.714,42
1,249,2,0.891,42
3,250,1,0.041,165
3,250,1,0.518,165
3,250,1,0.816,165
3,250,1,0.851,165
3,250,1,0.969,165
8,250,2,0.066,440
8,250,2,0.101,440
8,250,2,0.219,440
8,250,2,0.452,440
8,250,2,0.811,440
8,250,2,0.997,440
1,251,1,0.011,43
1,251,1,0.024,43
1,251,1,0.092,43
1,251,1,0.118,43
1,251,1,0.303,43
1,251,1,0.815,43
1,251,1,0.91,43
1,251,1,0.955,43
1,251,1,0.993,43
3,251,2,0.065,166
3,251,2,0.16,166
3,251,2,0.205,166
3,251,2,0.243,166
3,251,2,0.29,166
3,251,2,0.645,166
3,251,2,0.81,166
2,252,1,0.03,108
2,252,1,0.286,108
2,252,1,0.346,108
2,252,1,0.403,108
2,252,1,0.503,108
2,252,1,0.513,108
2,252,1,0.653,108
2,252,1,0.775,108
2,252,1,0.995,108
1,253,1,0.314,44
1,253,1,0.326,44
1,253,1,0.6,44
1,253,1,0.619,44
1,253,1,0.718,44
1,253,1,0.854,44
1,253,1,0.931,44
1,253,1,0.997,44
3,253,2,0.104,167
3,253,2,0.181,167
3,253,2,0.247,167
3,253,2,0.296,167
3,253,2,0.365,167
3,253,2,0.393,167
3,253,2,0.647,167
3,253,2,0.908,167
7,254,1,0.157,392
7,254,1,0.243,392
7,254,1,0.266,392
7,254,1,0.679,392
7,254,1,0.962,392
7,254,1,0.989,392
2,254,2,0.212,109
2,254,2,0.239,109
2,254,2,0.263,109
2,254,2,0.434,109
2,254,2,0.72,109
2,254,2,0.886,109
2,254,2,0.942,109
8,255,1,0.001,441
8,255,1,0.236,441
8,255,1,0.292,441
8,255,1,0.299,441
8,255,1,0.316,441
8,255,1,0.378,441
8,255,1,0.38,441
8,255,1,0.399,441
8,255,1,0.406,441
8,255,1,0.51,441
8,255,1,0.728,441
8,255,1,0.96,441
9,255,2,0.21,488
9,255,2,0.488,488
9,255,2,0.556,488
9,255,2,0.692,488
9,255,2,0.71,488
9,255,2,0.752,488
8,256,2,0.106,442
8,256,2,0.12,442
8,256,2,0.202,442
8,256,2,0.51,442
8,256,2,0.531,442
8,256,2,0.758,442
8,256,2,0.77,442
8,256,2,0.784,442
8,256,2,0.811,442
8,256,2,0.903,442
2,257,1,0.213,110
2,257,1,0.307,110
2,257,1,0.471,110
2,257,1,0.553,110
2,257,1,0.64,110
2,257,1,0.767,110
2,257,1,0.826,110
4,257,2,0.017,217
4,257,2,0.076,217
4,257,2,0.286,217
4,257,2,0.416,217
2,258,1,0.431,111
6,259,1,0.012,323
6,259,1,0.061,323
6,259,1,0.092,323
6,259,1,0.41,323
6,259,1,0.435,323
6,259,2,0.545,324
6,259,2,0.611,324
2,260,1,0.038,112
2,260,1,0.604,112
2,260,1,0.694,112
2,260,1,0.765,112
4,260,2,0.015,218
4,260,2,0.788,218
4,260,2,0.866,218
4,260,2,0.968,218
5,261,1,0.069,277
5,261,1,0.618,277
6,261,2,0.293,325
6,261,2,0.382,325
6,261,2,0.425,325
6,261,2,0.465,325
6,261,2,0.485,325
6,261,2,0.552,325
6,261,2,0.707,325
6,261,2,0.808,325
6,261,2,0.829,325
6,261,2,0.935,325
2,262,2,0.032,113
2,262,2,0.197,113
2,262,2,0.392,113
2,262,2,0.469,113
2,262,2,0.551,113
2,262,2,0.595,113
2,262,2,0.775,113
2,262,2,0.916,113
1,263,1,0.133,45
1,263,1,0.223,45
1,263,1,0.397,45
1,263,1,0.401,45
1,263,1,0.672,45
1,263,1,0.935,45
1,263,1,0.972,45
1,263,1,0.995,45
5,264,1,0.035,278
5,264,1,0.089,278
5,264,1,0.591,278
5,264,1,0.619,278
5,264,1,0.709,278
5,264,1,0.85,278
9,264,2,0.1,489
9,264,2,0.5,489
9,264,2,0.55,489
9,264,2,0.694,489
9,264,2,0.768,489
9,264,2,0.858,489
9,264,2,0.892,489
6,265,1,0.314,326
6,265,1,0.386,326
6,265,1,0.412,326
6,265,1,0.555,326
6,265,1,0.765,326
6,265,1,0.869,326
1,265,2,0.015,46
1,265,2,0.119,46
1,265,2,0.328,46
1,265,2,0.338,46
1,265,2,0.414,46
1,265,2,0.436,46
1,265,2,0.875,46
1,265,2,0.92,46
4,266,2,0.178,219
4,266,2,0.471,219
4,266,2,0.588,219
4,266,2,0.765,219
4,266,2,0.926,219
9,267,1,0.077,490
9,267,1,0.104,490
9,267,1,0.229,490
9,267,1,0.28,490
9,267,1,0.561,490
7,268,1,0.236,393
7,268,1,0.445,393
7,268,1,0.448,393
7,268,1,0.996,393
4,268,2,0.246,220
4,268,2,0.256,220
4,268,2,0.421,220
4,268,2,0.433,220
4,268,2,0.461,220
4,268,2,0.522,220
4,268,2,0.534,220
4,268,2,0.678,220
4,268,2,0.681,220
3,269,1,0.1,168
3,269,1,0.163,168
3,269,1,0.193,168
3,269,1,0.374,168
3,269,1,0.731,168
3,269,1,0.771,168
3,269,1,0.923,168
9,269,2,0.021,491
9,269,2,0.173,491
9,269,2,0.404,491
9,269,2,0.537,491
9,269,2,0.771,491
9,269,2,0.836,491
5,270,1,0.08,279
5,270,1,0.225,279
5,270,1,0.303,279
5,270,1,0.328,279
5,270,1,0.495,279
5,270,1,0.519,279
5,270,1,0.655,279
5,270,1,0.742,279
5,270,1,0.764,279
5,270,1,0.826,279
5,270,1,0.977,279
1,270,2,0.014,47
1,270,2,0.076,47
1,270,2,0.227,47
1,270,2,0.321,47
1,270,2,0.366,47
1,270,2,0.385,47
1,270,2,0.5,47
1,270,2,0.637,47
1,270,2,0.918,47
5,271,2,0.187,280
5,271,2,0.207,280
5,271,2,0.512,280
5,271,2,0.544,280
5,271,2,0.82,280
5,271,2,0.895,280
4,272,1,0.457,221
4,272,1,0.735,221
4,272,1,0.833,221
4,272,1,0.964,221
3,273,1,0.045,169
3,273,1,0.122,169
3,273,1,0.16,169
3,273,1,0.489,169
3,273,1,0.518,169
3,273,1,0.739,169
3,273,1,0.943,169
8,273,2,0.193,443
8,273,2,0.378,443
8,273,2,0.551,443
8,273,2,0.607,443
8,273,2,0.872,443
3,274,1,0.296,170
3,274,1,0.375,170
3,274,1,0.449,170
3,274,1,0.709,170
3,274,1,0.81,170
3,274,1,0.976,170
2,274,2,0.06,114
2,274,2,0.226,114
2,274,2,0.306,114
2,274,2,0.338,114
2,274,2,0.424,114
2,274,2,0.624,114
2,274,2,0.668,114
2,275,2,0.0,115
2,275,2,0.131,115
2,275,2,0.192,115
2,275,2,0.438,115
2,275,2,0.44,115
2,275,2,0.916,115
4,276,1,0.316,222
4,276,1,0.873,222
2,276,2,0.123,116
2,276,2,0.316,116
2,276,2,0.453,116
2,276,2,0.963,116
4,277,2,0.398,223
4,277,2,0.478,223
4,277,2,0.642,223
4,277,2,0.749,223
4,277,2,0.976,223
6,278,1,0.173,327
6,278,1,0.29,327
6,278,1,0.314,327
6,278,1,0.43,327
6,278,1,0.562,327
6,278,1,0.691,327
6,278,1,0.813,327
6,278,1,0.825,327
6,278,1,0.835,327
6,278,1,0.889,327
9,278,2,0.063,492
9,278,2,0.075,492
9,278,2,0.085,492
9,278,2,0.139,492
9,278,2,0.457,492
9,278,2,0.479,492
9,278,2,0.602,492
9,278,2,0.942,492
8,279,1,0.004,444
8,279,1,0.033,444
8,279,1,0.044,444
8,279,1,0.563,444
8,279,1,0.57,444
8,279,1,0.588,444
8,279,1,0.951,444
5,279,2,0.201,281
5,279,2,0.414,281
5,279,2,0.417,281
5,279,2,0.448,281
5,279,2,0.565,281
5,279,2,0.651,281
5,279,2,0.7,281
5,279,2,0.914,281
6,280,1,0.399,328
6,280,1,0.437,328
6,280,1,0.489,328
6,280,1,0.866,328
6,280,1,0.932,328
7,280,2,0.116,394
7,280,2,0.182,394
7,280,2,0.49,394
7,280,2,0.587,394
7,280,2,0.624,394
7,280,2,0.856,394
7,280,2,0.925,394
7,280,2,0.969,394
3,281,1,0.141,171
3,281,1,0.335,171
3,281,1,0.433,171
3,281,1,0.718,171
3,281,1,0.971,171
4,281,2,0.221,224
4,281,2,0.299,224
4,281,2,0.4,224
4,281,2,0.461,224
4,281,2,0.77,224
4,281,2,0.878,224
4,281,2,0.886,224
5,282,1,0.07,282
5,282,1,0.158,282
5,282,1,0.543,282
5,282,1,0.716,282
5,282,1,0.749,282
5,282,1,0.971,282
1,282,2,0.221,48
1,282,2,0.261,48
1,282,2,0.501,48
1,282,2,0.715,48
1,282,2,0.965,48
1,283,1,0.38,49
1,283,1,0.578,49
1,283,1,0.669,49
1,283,1,0.941,49
4,283,2,0.191,225
4,283,2,0.275,225
4,283,2,0.302,225
4,283,2,0.393,225
4,283,2,0.74,225
4,283,2,0.912,225
4,284,2,0.074,226
4,284,2,0.08,226
4,284,2,0.092,226
4,284,2,0.333,226
4,284,2,0.575,226
4,284,2,0.745,226
4,284,2,0.821,226
1,285,1,0.129,50
1,285,1,0.162,50
1,285,1,0.379,50
1,285,1,0.476,50
1,285,1,0.557,50
1,285,1,0.826,50
1,285,1,0.842,50
1,285,1,0.856,50
1,285,1,0.875,50
1,285,1,0.938,50
9,285,2,0.076,493
9,285,2,0.092,493
9,285,2,0.106,493
9,285,2,0.125,493
9,285,2,0.188,493
9,285,2,0.313,493
9,285,2,0.401,493
9,285,2,0.515,493
9,285,2,0.798,493
9,285,2,0.971,493
6,286,1,0.519,329
8,287,1,0.706,445
8,287,1,0.742,445
8,287,1,0.816,445
8,287,1,0.905,445
4,288,1,0.507,227
4,288,1,0.737,227
4,288,1,0.847,227
4,288,1,0.927,227
4,288,1,0.985,227
4,288,2,0.097,228
4,288,2,0.177,228
4,288,2,0.235,228
4,288,2,0.385,228
4,288,2,0.464,228
4,288,2,0.502,228
4,289,1,0.111,229
4,289,1,0.383,229
4,289,1,0.992,229
6,289,2,0.242,330
6,289,2,0.609,330
6,289,2,0.762,330
6,289,2,0.842,330
6,289,2,0.921,330
6,289,2,0.979,330
7,290,1,0.006,395
7,290,1,0.341,395
7,290,1,0.388,395
7,290,1,0.496,395
7,290,1,0.521,395
7,290,1,0.553,395
7,290,1,0.697,395
2,290,2,0.338,117
2,290,2,0.406,117
2,290,2,0.517,117
2,290,2,0.805,117
2,290,2,0.843,117
2,290,2,0.87,117
1,291,1,0.061,51
1,291,1,0.444,51
1,291,1,0.533,51
1,291,1,0.72,51
1,291,1,0.803,51
1,291,1,0.861,51
1,291,1,0.953,51
4,291,2,0.053,230
4,291,2,0.111,230
4,291,2,0.203,230
4,291,2,0.577,230
4,291,2,0.706,230
6,292,1,0.011,331
6,292,1,0.802,331
6,292,1,0.989,331
7,292,2,0.052,396
7,292,2,0.239,396
7,292,2,0.665,396
7,293,1,0.251,397
7,293,1,0.419,397
7,293,1,0.453,397
7,293,1,0.457,397
7,293,1,0.756,397
7,293,1,0.935,397
4,293,2,0.006,231
4,293,2,0.185,231
4,293,2,0.298,231
4,293,2,0.309,231
4,293,2,0.352,231
4,293,2,0.671,231
4,293,2,0.774,231
4,293,2,0.846,231
5,294,1,0.198,283
5,294,1,0.27,283
5,294,1,0.433,283
5,294,1,0.451,283
5,294,1,0.532,283
5,294,1,0.622,283
5,294,1,0.657,283
5,294,1,0.839,283
1,294,2,0.089,52
1,294,2,0.354,52
1,294,2,0.448,52
1,294,2,0.471,52
1,294,2,0.662,52
1,294,2,0.867,52
2,295,1,0.433,118
2,295,1,0.604,118
2,295,1,0.642,118
2,295,1,0.868,118
2,295,1,0.973,118
8,295,2,0.118,446
8,295,2,0.223,446
8,295,2,0.429,446
8,295,2,0.55,446
8,295,2,0.713,446
8,295,2,0.886,446
6,296,1,0.003,332
6,296,1,0.335,332
6,296,1,0.405,332
6,296,1,0.645,332
6,296,1,0.675,332
6,296,1,0.841,332
6,296,1,0.874,332
6,296,1,0.971,332
4,297,1,0.158,232
4,297,1,0.331,232
4,297,1,0.36,232
4,297,1,0.417,232
4,297,1,0.59,232
4,297,1,0.757,232
4,297,1,0.848,232
4,297,1,0.906,232
5,297,2,0.007,284
5,297,2,0.098,284
5,297,2,0.156,284
5,297,2,0.409,284
5,297,2,0.613,284
5,297,2,0.913,284
4,298,1,0.161,233
4,298,1,0.194,233
4,298,1,0.332,233
4,298,1,0.425,233
4,298,1,0.461,233
4,298,1,0.534,233
4,298,1,0.864,233
4,298,1,0.904,233
4,298,1,0.967,233
2,298,2,0.114,119
2,298,2,0.154,119
2,298,2,0.217,119
2,298,2,0.629,119
2,298,2,0.727,119
