neuron_id,n_presentations,n_folds,fr_accuracy,shuffle_mean_accuracy,n_extreme,p_value,fr_coding,subject,region,paper_unit,n_valid_shuffles
8,109,7,0.10091743119266056,0.10339449541284404,116.0,0.582089552238806,False,YFF,ent,9,
9,109,7,0.1651376146788991,0.10605504587155964,9.0,0.04975124378109453,True,YFF,hpc,10,
10,109,7,0.13761467889908258,0.1058256880733945,41.0,0.208955223880597,False,YFF,hpc,11,
11,109,7,0.09174311926605505,0.10788990825688075,144.0,0.7213930348258707,False,YFF,hpc,12,
12,109,7,0.11926605504587157,0.10321100917431193,73.0,0.3681592039800995,False,YFF,hpc,13,
13,109,7,0.11009174311926606,0.10733944954128441,106.0,0.5323383084577115,False,YFF,hpc,14,
14,109,7,0.11009174311926606,0.10027522935779817,82.0,0.4129353233830846,False,YFF,hpc,15,
15,109,7,0.08256880733944955,0.10889908256880736,159.0,0.7960199004975125,False,YFF,hpc,16,
16,109,7,0.1651376146788991,0.11188073394495414,12.0,0.06467661691542288,False,YFF,hpc,17,
26,109,7,0.07339449541284404,0.10894495412844037,185.0,0.9253731343283582,False,YFF,hpc,27,
27,109,7,0.06422018348623854,0.10013761467889909,193.0,0.9651741293532339,False,YFF,hpc,28,
28,109,7,0.13761467889908258,0.10908256880733944,48.0,0.24378109452736318,False,YFF,hpc,29,
29,109,7,0.06422018348623854,0.09807339449541284,192.0,0.9601990049751243,False,YFF,hpc,30,
30,109,7,0.06422018348623854,0.10724770642201836,190.0,0.9502487562189055,False,YFF,hpc,31,
31,109,7,0.07339449541284404,0.09839449541284406,178.0,0.8905472636815921,False,YFF,hpc,32,
32,109,7,0.06422018348623854,0.10761467889908256,187.0,0.9353233830845771,False,YFF,hpc,33,
33,109,7,0.07339449541284404,0.10674311926605505,175.0,0.8756218905472637,False,YFF,hpc,34,
34,109,7,0.08256880733944955,0.10362385321100918,161.0,0.8059701492537313,False,YFF,hpc,35,
35,109,7,0.13761467889908258,0.11357798165137617,49.0,0.24875621890547264,False,YFF,hpc,36,
36,109,7,0.045871559633027525,0.09678899082568808,198.0,0.9900497512437811,False,YFF,hpc,37,
37,109,7,0.10091743119266056,0.10931192660550462,124.0,0.6218905472636815,False,YFF,hpc,38,
38,109,7,0.14678899082568808,0.11009174311926605,35.0,0.1791044776119403,False,YFF,hpc,39,
39,109,7,0.14678899082568808,0.10761467889908256,28.0,0.14427860696517414,False,YFF,hpc,40,
40,109,7,0.09174311926605505,0.10738532110091743,148.0,0.7412935323383084,False,YFF,hpc,41,
41,109,7,0.06422018348623854,0.1,191.0,0.9552238805970149,False,YFF,hpc,42,
42,109,7,0.05504587155963303,0.10756880733944955,194.0,0.9701492537313433,False,YFF,hpc,43,
43,109,7,0.09174311926605505,0.10559633027522936,144.0,0.7213930348258707,False,YFF,hpc,44,
44,109,7,0.11926605504587157,0.10472477064220183,70.0,0.35323383084577115,False,YFF,hpc,45,
45,109,7,0.13761467889908258,0.10201834862385323,31.0,0.15920398009950248,False,YFF,hpc,46,
46,109,7,0.11926605504587157,0.10940366972477066,81.0,0.4079601990049751,False,YFF,hpc,47,
47,109,7,0.09174311926605505,0.10133027522935781,135.0,0.6766169154228856,False,YFF,hpc,48,
48,109,7,0.1651376146788991,0.10885321100917432,12.0,0.06467661691542288,False,YFF,hpc,49,
49,109,7,0.08256880733944955,0.10110091743119266,146.0,0.7313432835820896,False,YFF,hpc,50,
50,109,7,0.11009174311926606,0.10532110091743122,96.0,0.48258706467661694,False,YFF,hpc,51,
51,109,7,0.11009174311926606,0.10123853211009173,86.0,0.43283582089552236,False,YFF,hpc,52,
52,109,7,0.08256880733944955,0.1074770642201835,165.0,0.8258706467661692,False,YFF,hpc,53,
53,109,7,0.11009174311926606,0.10201834862385323,91.0,0.4577114427860697,False,YFF,hpc,54,
0,104,9,0.028846153846153848,0.1095673076923077,199.0,0.9950248756218906,False,YFI,hpc,1,
1,104,9,0.11538461538461539,0.10615384615384613,80.0,0.40298507462686567,False,YFI,hpc,2,
2,104,9,0.11538461538461539,0.10677884615384615,91.0,0.4577114427860697,False,YFI,hpc,3,
3,104,9,0.17307692307692307,0.10913461538461539,8.0,0.04477611940298507,True,YFI,hpc,4,
4,104,9,0.10576923076923077,0.10947115384615386,114.0,0.572139303482587,False,YFI,hpc,5,
5,104,9,0.09615384615384616,0.10307692307692307,118.0,0.5920398009950248,False,YFI,hpc,6,
6,104,9,0.0673076923076923,0.10774038461538461,181.0,0.9054726368159204,False,YFI,hpc,7,
7,104,9,0.11538461538461539,0.1076923076923077,83.0,0.417910447761194,False,YFI,hpc,8,
8,104,9,0.11538461538461539,0.10557692307692307,85.0,0.42786069651741293,False,YFI,hpc,9,
18,104,9,0.1346153846153846,0.10884615384615386,55.0,0.27860696517412936,False,YFI,hpc,19,
19,104,9,0.0673076923076923,0.10235576923076924,174.0,0.8706467661691543,False,YFI,hpc,20,
20,104,9,0.10576923076923077,0.10528846153846154,101.0,0.5074626865671642,False,YFI,hpc,21,
21,104,9,0.11538461538461539,0.10471153846153847,73.0,0.3681592039800995,False,YFI,hpc,22,
22,104,9,0.08653846153846154,0.1085576923076923,164.0,0.8208955223880597,False,YFI,hpc,23,
23,104,9,0.125,0.10735576923076923,72.0,0.36318407960199006,False,YFI,hpc,24,
24,104,9,0.07692307692307693,0.1098076923076923,169.0,0.845771144278607,False,YFI,hpc,25,
25,104,9,0.07692307692307693,0.10485576923076924,171.0,0.8557213930348259,False,YFI,hpc,26,
26,104,9,0.1346153846153846,0.10206730769230771,37.0,0.1890547263681592,False,YFI,hpc,27,
27,104,9,0.07692307692307693,0.1071153846153846,169.0,0.845771144278607,False,YFI,hpc,28,
28,104,9,0.08653846153846154,0.10850961538461538,154.0,0.7711442786069652,False,YFI,hpc,29,
29,104,9,0.21153846153846154,0.10759615384615383,0.0,0.004975124378109453,True,YFI,hpc,30,
30,104,9,0.18269230769230768,0.1098076923076923,9.0,0.04975124378109453,True,YFI,ent,31,
31,104,9,0.09615384615384616,0.10745192307692307,142.0,0.7114427860696517,False,YFI,ent,32,
32,104,9,0.125,0.10634615384615385,68.0,0.34328358208955223,False,YFI,ent,33,
33,104,9,0.11538461538461539,0.1075,97.0,0.48756218905472637,False,YFI,ent,34,
34,104,9,0.11538461538461539,0.11014423076923077,105.0,0.527363184079602,False,YFI,ent,35,
35,104,9,0.1346153846153846,0.10629807692307691,52.0,0.263681592039801,False,YFI,ent,36,
36,104,9,0.0673076923076923,0.1089423076923077,182.0,0.9104477611940298,False,YFI,ent,37,
37,104,9,0.07692307692307693,0.10288461538461538,164.0,0.8208955223880597,False,YFI,ent,38,
9,114,4,0.14912280701754385,0.1037719298245614,15.0,0.07960199004975124,False,YFJ,hpc,10,
10,114,4,0.08771929824561403,0.09789473684210526,129.0,0.6467661691542289,False,YFJ,hpc,11,
11,114,4,0.12280701754385964,0.10728070175438596,68.0,0.34328358208955223,False,YFJ,hpc,12,
12,114,4,0.09649122807017543,0.10337719298245612,127.0,0.6368159203980099,False,YFJ,hpc,13,
13,114,4,0.09649122807017543,0.10026315789473683,115.0,0.5771144278606966,False,YFJ,hpc,14,
14,114,4,0.16666666666666666,0.13162280701754386,64.0,0.32338308457711445,False,YFJ,hpc,15,
15,114,4,0.09649122807017543,0.10451754385964912,126.0,0.6318407960199005,False,YFJ,hpc,16,
16,114,4,0.07894736842105263,0.0917543859649123,132.0,0.6616915422885572,False,YFJ,hpc,17,
17,114,4,0.09649122807017543,0.08048245614035088,55.0,0.27860696517412936,False,YFJ,hpc,18,
18,114,4,0.09649122807017543,0.10499999999999998,130.0,0.6517412935323383,False,YFJ,hpc,19,
19,114,4,0.10526315789473684,0.10635964912280702,111.0,0.5572139303482587,False,YFJ,hpc,20,
20,114,4,0.07894736842105263,0.09381578947368421,127.0,0.6368159203980099,False,YFJ,hpc,21,
21,114,4,0.13157894736842105,0.10684210526315789,44.0,0.22388059701492538,False,YFJ,hpc,22,
22,114,4,0.17543859649122806,0.10574561403508773,5.0,0.029850746268656716,True,YFJ,hpc,23,
23,114,4,0.14912280701754385,0.10223684210526315,16.0,0.0845771144278607,False,YFJ,hpc,24,
24,114,4,0.05263157894736842,0.10491228070175439,196.0,0.9800995024875622,False,YFJ,hpc,25,
25,114,4,0.05263157894736842,0.10504385964912281,193.0,0.9651741293532339,False,YFJ,hpc,26,
26,114,4,0.07017543859649122,0.10710526315789473,185.0,0.9253731343283582,False,YFJ,hpc,27,
27,114,4,0.07894736842105263,0.10381578947368421,165.0,0.8258706467661692,False,YFJ,hpc,28,
28,114,4,0.14035087719298245,0.10596491228070175,40.0,0.20398009950248755,False,YFJ,hpc,29,
37,114,4,0.07017543859649122,0.10342105263157894,179.0,0.8955223880597015,False,YFJ,hpc,38,
38,114,4,0.10526315789473684,0.0924561403508772,67.0,0.3383084577114428,False,YFJ,hpc,39,
39,114,4,0.15789473684210525,0.10390350877192983,13.0,0.06965174129353234,False,YFJ,hpc,40,
40,114,4,0.07894736842105263,0.10153508771929826,162.0,0.8109452736318408,False,YFJ,hpc,41,
41,114,4,0.12280701754385964,0.10513157894736842,61.0,0.30845771144278605,False,YFJ,hpc,42,
42,114,4,0.07017543859649122,0.10530701754385965,177.0,0.8855721393034826,False,YFJ,hpc,43,
43,114,4,0.09649122807017543,0.1057017543859649,127.0,0.6368159203980099,False,YFJ,hpc,44,
44,114,4,0.14035087719298245,0.10570175438596491,33.0,0.1691542288557214,False,YFJ,hpc,45,
45,114,4,0.07894736842105263,0.08859649122807017,134.0,0.6716417910447762,False,YFJ,hpc,46,
46,114,4,0.10526315789473684,0.1064035087719298,112.0,0.5621890547263682,False,YFJ,hpc,47,
47,114,4,0.10526315789473684,0.103859649122807,98.0,0.4925373134328358,False,YFJ,hpc,48,
48,114,4,0.11403508771929824,0.10508771929824562,77.0,0.3880597014925373,False,YFJ,hpc,49,
49,114,4,0.03508771929824561,0.1056140350877193,200.0,1.0,False,YFJ,hpc,50,
50,114,4,0.05263157894736842,0.09890350877192983,195.0,0.9751243781094527,False,YFJ,hpc,51,
51,114,4,0.12280701754385964,0.10600877192982455,68.0,0.34328358208955223,False,YFJ,hpc,52,
52,114,4,0.06140350877192982,0.10214912280701753,186.0,0.9303482587064676,False,YFJ,hpc,53,
53,114,4,0.043859649122807015,0.08280701754385963,194.0,0.9701492537313433,False,YFJ,hpc,54,
54,114,4,0.05263157894736842,0.10679824561403509,195.0,0.9751243781094527,False,YFJ,hpc,55,
55,114,4,0.10526315789473684,0.10412280701754387,102.0,0.5124378109452736,False,YFJ,hpc,56,
56,114,4,0.09649122807017543,0.10236842105263158,122.0,0.6119402985074627,False,YFJ,hpc,57,
57,114,4,0.20175438596491227,0.10350877192982455,2.0,0.014925373134328358,True,YFJ,hpc,58,
58,114,4,0.06140350877192982,0.1004824561403509,193.0,0.9651741293532339,False,YFJ,hpc,59,
59,114,4,0.07017543859649122,0.10508771929824562,182.0,0.9104477611940298,False,YFJ,hpc,60,
60,114,4,0.14912280701754385,0.10223684210526315,13.0,0.06965174129353234,False,YFJ,hpc,61,
61,114,4,0.12280701754385964,0.1001315789473684,53.0,0.26865671641791045,False,YFJ,hpc,62,
24,114,4,0.10526315789473684,0.1062719298245614,110.0,0.5522388059701493,False,YFK,hpc,25,
25,114,4,0.06140350877192982,0.1044736842105263,192.0,0.9601990049751243,False,YFK,hpc,26,
26,114,4,0.10526315789473684,0.1012280701754386,98.0,0.4925373134328358,False,YFK,hpc,27,
27,114,4,0.16666666666666666,0.15916435826408123,101.0,0.6666666666666666,False,YFK,hpc,28,152.0
28,114,4,0.12280701754385964,0.10206140350877194,61.0,0.30845771144278605,False,YFK,hpc,29,200.0
29,114,4,0.10526315789473684,0.10736842105263157,112.0,0.5621890547263682,False,YFK,hpc,30,200.0
30,114,4,0.10526315789473684,0.1050877192982456,104.0,0.5223880597014925,False,YFK,hpc,31,200.0
31,114,4,0.13157894736842105,0.08960526315789473,25.0,0.12935323383084577,False,YFK,hpc,32,200.0
32,114,4,0.10526315789473684,0.1018859649122807,87.0,0.43781094527363185,False,YFK,hpc,33,200.0
33,114,4,0.12280701754385964,0.10043859649122806,49.0,0.24875621890547264,False,YFK,hpc,34,200.0
34,114,4,0.10526315789473684,0.1031140350877193,101.0,0.5074626865671642,False,YFK,para-hpc,35,200.0
35,114,4,0.07017543859649122,0.10276315789473685,182.0,0.9104477611940298,False,YFK,para-hpc,36,200.0
36,114,4,0.12280701754385964,0.10662280701754386,64.0,0.32338308457711445,False,YFK,para-hpc,37,200.0
37,114,4,0.11403508771929824,0.10346491228070175,81.0,0.4079601990049751,False,YFK,para-hpc,38,200.0
38,114,4,0.13157894736842105,0.10495614035087719,49.0,0.24875621890547264,False,YFK,para-hpc,39,200.0
39,114,4,0.07017543859649122,0.10763157894736843,181.0,0.9054726368159204,False,YFK,para-hpc,40,200.0
40,114,4,0.11403508771929824,0.10346491228070175,86.0,0.43283582089552236,False,YFK,para-hpc,41,200.0
41,114,4,0.14912280701754385,0.10596491228070175,20.0,0.1044776119402985,False,YFK,para-hpc,42,200.0
42,114,4,0.08771929824561403,0.10460526315789474,150.0,0.7512437810945274,False,YFK,para-hpc,43,200.0
43,114,4,0.14035087719298245,0.09956140350877193,21.0,0.10945273631840796,False,YFK,para-hpc,44,200.0
44,114,4,0.07017543859649122,0.10271929824561404,176.0,0.8805970149253731,False,YFK,para-hpc,45,200.0
45,114,4,0.11403508771929824,0.1045175438596491,76.0,0.38308457711442784,False,YFK,para-hpc,46,200.0
46,114,4,0.03508771929824561,0.10482456140350876,200.0,1.0,False,YFK,para-hpc,47,200.0
47,114,4,0.12280701754385964,0.10403508771929823,60.0,0.3034825870646766,False,YFK,hpc,48,200.0
48,114,4,0.06140350877192982,0.10530701754385963,188.0,0.9402985074626866,False,YFK,hpc,49,200.0
49,114,4,0.11403508771929824,0.10530701754385964,93.0,0.46766169154228854,False,YFK,hpc,50,200.0
50,114,4,0.06140350877192982,0.09570175438596491,184.0,0.9203980099502488,False,YFK,hpc,51,200.0
51,114,4,0.12280701754385964,0.10719298245614034,64.0,0.32338308457711445,False,YFK,hpc,52,200.0
52,114,4,0.10526315789473684,0.10179824561403508,100.0,0.5024875621890548,False,YFK,hpc,53,200.0
53,114,4,0.07894736842105263,0.09714912280701754,155.0,0.7761194029850746,False,YFK,hpc,54,200.0
54,114,4,0.12280701754385964,0.09600877192982456,40.0,0.20398009950248755,False,YFK,hpc,55,200.0
55,114,4,0.13157894736842105,0.10350877192982455,47.0,0.23880597014925373,False,YFK,hpc,56,200.0
56,114,4,0.14912280701754385,0.14854394870424792,132.0,0.6717171717171717,False,YFK,hpc,57,197.0
57,114,4,0.14035087719298245,0.09929824561403511,19.0,0.09950248756218906,False,YFK,hpc,58,200.0
58,114,4,0.08771929824561403,0.1045175438596491,152.0,0.7611940298507462,False,YFK,hpc,59,200.0
59,114,4,0.14035087719298245,0.10381578947368421,25.0,0.12935323383084577,False,YFK,hpc,60,200.0
60,114,4,0.14912280701754385,0.08723684210526315,18.0,0.0945273631840796,False,YFK,hpc,61,200.0
61,114,4,0.15789473684210525,0.1037719298245614,11.0,0.05970149253731343,False,YFK,hpc,62,200.0
62,114,4,0.11403508771929824,0.1007017543859649,73.0,0.3681592039800995,False,YFK,hpc,63,200.0
63,114,4,0.05263157894736842,0.0861842105263158,171.0,0.8557213930348259,False,YFK,para-hpc,64,200.0
64,114,4,0.06140350877192982,0.09276315789473685,183.0,0.9154228855721394,False,YFK,para-hpc,65,200.0
65,114,4,0.12280701754385964,0.09219298245614034,35.0,0.1791044776119403,False,YFK,para-hpc,66,200.0
66,114,4,0.10526315789473684,0.09561403508771928,76.0,0.38308457711442784,False,YFK,para-hpc,67,200.0
67,114,4,0.09649122807017543,0.10065789473684211,121.0,0.6069651741293532,False,YFK,para-hpc,68,200.0
19,114,4,0.14035087719298245,0.10057017543859649,23.0,0.11940298507462686,False,YFL,hpc,20,200.0
20,114,4,0.15789473684210525,0.13192982456140348,76.0,0.38308457711442784,False,YFL,hpc,21,200.0
21,114,4,0.14035087719298245,0.1018421052631579,47.0,0.23880597014925373,False,YFL,hpc,22,200.0
22,114,4,0.09649122807017543,0.10298245614035087,122.0,0.6119402985074627,False,YFL,hpc,23,200.0
23,114,4,0.15789473684210525,0.09903508771929825,12.0,0.06467661691542288,False,YFL,hpc,24,200.0
24,114,4,0.09649122807017543,0.09714912280701754,114.0,0.572139303482587,False,YFL,hpc,25,200.0
25,114,4,0.10526315789473684,0.10421052631578948,107.0,0.5373134328358209,False,YFL,hpc,26,200.0
26,114,4,0.10526315789473684,0.1037280701754386,107.0,0.5373134328358209,False,YFL,hpc,27,200.0
27,114,4,,,,,False,YFL,hpc,28,0.0
28,114,4,0.08771929824561403,0.09157894736842107,116.0,0.582089552238806,False,YFL,hpc,29,200.0
29,114,4,0.07894736842105263,0.10614035087719298,173.0,0.8656716417910447,False,YFL,hpc,30,200.0
30,114,4,0.14912280701754385,0.1044298245614035,17.0,0.08955223880597014,False,YFL,hpc,31,200.0
31,114,4,0.06140350877192982,0.09671052631578946,185.0,0.9253731343283582,False,YFL,hpc,32,200.0
32,114,4,0.13157894736842105,0.09754385964912281,37.0,0.1890547263681592,False,YFL,hpc,33,200.0
33,114,4,0.10526315789473684,0.10807017543859647,112.0,0.5621890547263682,False,YFL,hpc,34,200.0
34,114,4,0.08771929824561403,0.10114035087719297,142.0,0.7114427860696517,False,YFL,hpc,35,200.0
35,114,4,0.07894736842105263,0.0993421052631579,155.0,0.7761194029850746,False,YFL,hpc,36,200.0
36,114,4,0.07894736842105263,0.10789473684210525,170.0,0.8507462686567164,False,YFL,hpc,37,200.0
37,114,4,0.10526315789473684,0.10763157894736841,110.0,0.5522388059701493,False,YFL,hpc,38,200.0
38,114,4,0.14035087719298245,0.10324561403508771,27.0,0.13930348258706468,False,YFL,hpc,39,200.0
39,114,4,0.07017543859649122,0.10017543859649124,174.0,0.8706467661691543,False,YFL,hpc,40,200.0
58,114,4,0.11403508771929824,0.10241228070175439,75.0,0.3781094527363184,False,YFL,hpc,59,200.0
59,114,4,0.10526315789473684,0.09267543859649123,71.0,0.3582089552238806,False,YFL,hpc,60,200.0
60,114,4,0.11403508771929824,0.10298245614035087,66.0,0.3333333333333333,False,YFL,hpc,61,200.0
61,114,4,0.08771929824561403,0.10342105263157894,144.0,0.7213930348258707,False,YFL,hpc,62,200.0
62,114,4,0.07894736842105263,0.10232456140350876,159.0,0.7960199004975125,False,YFL,hpc,63,200.0
63,114,4,0.10526315789473684,0.1013157894736842,94.0,0.472636815920398,False,YFL,hpc,64,200.0
64,114,4,0.07017543859649122,0.10403508771929823,190.0,0.9502487562189055,False,YFL,hpc,65,200.0
65,114,4,0.11403508771929824,0.09912280701754388,73.0,0.3681592039800995,False,YFL,hpc,66,200.0
66,114,4,0.12280701754385964,0.09986842105263158,49.0,0.24875621890547264,False,YFL,hpc,67,200.0
67,114,4,0.05263157894736842,0.10149122807017545,196.0,0.9800995024875622,False,YFL,hpc,68,200.0
68,114,4,0.09649122807017543,0.10026315789473685,124.0,0.6218905472636815,False,YFL,hpc,69,200.0
69,114,4,0.03508771929824561,0.10114035087719297,197.0,0.9850746268656716,False,YFL,hpc,70,200.0
70,114,4,0.12280701754385964,0.10600877192982455,66.0,0.3333333333333333,False,YFL,hpc,71,200.0
71,114,4,0.15789473684210525,0.10403508771929826,16.0,0.0845771144278607,False,YFL,hpc,72,200.0
72,114,4,0.11403508771929824,0.10043859649122806,71.0,0.3582089552238806,False,YFL,hpc,73,200.0
73,114,4,0.12280701754385964,0.10491228070175439,64.0,0.32338308457711445,False,YFL,hpc,74,200.0
74,114,4,0.03508771929824561,0.10464912280701753,199.0,0.9950248756218906,False,YFL,hpc,75,200.0
75,114,4,0.11403508771929824,0.10434210526315789,75.0,0.3781094527363184,False,YFL,hpc,76,200.0
76,114,4,0.08771929824561403,0.10114035087719297,148.0,0.7412935323383084,False,YFL,hpc,77,200.0
77,114,4,0.10526315789473684,0.10508771929824562,108.0,0.5422885572139303,False,YFL,hpc,78,200.0
78,114,4,0.07894736842105263,0.1025,161.0,0.8059701492537313,False,YFL,hpc,79,200.0
79,114,4,0.12280701754385964,0.10276315789473683,63.0,0.31840796019900497,False,YFL,ent,80,200.0
80,114,4,0.12280701754385964,0.10495614035087719,67.0,0.3383084577114428,False,YFL,ent,81,200.0
81,114,4,0.07894736842105263,0.09184210526315788,133.0,0.6666666666666666,False,YFL,ent,82,200.0
82,114,4,0.16666666666666666,0.10903508771929825,11.0,0.05970149253731343,False,YFL,ent,83,200.0
83,114,4,0.09649122807017543,0.10236842105263158,115.0,0.5771144278606966,False,YFL,ent,84,200.0
84,114,4,0.09649122807017543,0.1037280701754386,124.0,0.6218905472636815,False,YFL,ent,85,200.0
85,114,4,0.10526315789473684,0.1044736842105263,113.0,0.5671641791044776,False,YFL,ent,86,200.0
86,114,4,0.07017543859649122,0.1012719298245614,182.0,0.9104477611940298,False,YFL,ent,87,200.0
87,114,4,0.11403508771929824,0.10289473684210526,76.0,0.38308457711442784,False,YFL,ent,88,200.0
88,114,4,0.09649122807017543,0.09710526315789472,106.0,0.5323383084577115,False,YFL,ent,89,200.0
89,114,4,0.13157894736842105,0.10210526315789473,40.0,0.20398009950248755,False,YFL,ent,90,200.0
90,114,4,0.08771929824561403,0.10359649122807017,137.0,0.6865671641791045,False,YFL,ent,91,200.0
91,114,4,0.06140350877192982,0.10109649122807017,188.0,0.9402985074626866,False,YFL,ent,92,200.0
92,114,4,0.10526315789473684,0.10872807017543859,119.0,0.5970149253731343,False,YFL,ent,93,200.0
93,114,4,0.08771929824561403,0.1037280701754386,147.0,0.736318407960199,False,YFL,ent,94,200.0
15,114,4,0.07017543859649122,0.10302631578947369,179.0,0.8955223880597015,False,YFM,hpc,16,200.0
16,114,4,0.07894736842105263,0.10293859649122807,163.0,0.8159203980099502,False,YFM,hpc,17,200.0
17,114,4,0.07017543859649122,0.09675438596491226,167.0,0.835820895522388,False,YFM,hpc,18,200.0
18,114,4,0.08771929824561403,0.09666666666666666,130.0,0.6517412935323383,False,YFM,hpc,19,200.0
19,114,4,0.10526315789473684,0.10052631578947366,90.0,0.4527363184079602,False,YFM,hpc,20,200.0
20,114,4,0.03508771929824561,0.10100877192982455,199.0,0.9950248756218906,False,YFM,hpc,21,200.0
21,114,4,0.07894736842105263,0.10315789473684209,175.0,0.8756218905472637,False,YFM,hpc,22,200.0
22,114,4,0.043859649122807015,0.09692982456140349,199.0,0.9950248756218906,False,YFM,hpc,23,200.0
23,114,4,0.10526315789473684,0.10635964912280702,109.0,0.5472636815920398,False,YFM,hpc,24,200.0
24,114,4,0.07894736842105263,0.09837719298245613,170.0,0.8507462686567164,False,YFM,hpc,25,200.0
25,114,4,0.11403508771929824,0.10057017543859649,77.0,0.3880597014925373,False,YFM,hpc,26,200.0
33,114,4,0.14912280701754385,0.10583333333333332,25.0,0.12935323383084577,False,YFM,ent,34,200.0
34,114,4,0.13157894736842105,0.0975,30.0,0.15422885572139303,False,YFM,ent,35,200.0
35,114,4,0.14912280701754385,0.09263157894736841,11.0,0.05970149253731343,False,YFM,ent,36,200.0
36,114,4,0.11403508771929824,0.10381578947368421,81.0,0.4079601990049751,False,YFM,ent,37,200.0
37,114,4,0.16666666666666666,0.10438596491228068,12.0,0.06467661691542288,False,YFM,ent,38,200.0
38,114,4,0.13157894736842105,0.1044736842105263,47.0,0.23880597014925373,False,YFM,ent,39,200.0
39,114,4,0.10526315789473684,0.10394736842105264,104.0,0.5223880597014925,False,YFM,ent,40,200.0
40,114,4,0.14035087719298245,0.10008771929824561,27.0,0.13930348258706468,False,YFM,ent,41,200.0
41,114,4,0.07017543859649122,0.10412280701754384,179.0,0.8955223880597015,False,YFM,ent,42,200.0
42,114,4,0.18421052631578946,0.14,16.0,0.0845771144278607,False,YFM,ent,43,200.0
43,114,4,0.14035087719298245,0.10754385964912279,37.0,0.1890547263681592,False,YFM,ent,44,200.0
44,114,4,0.08771929824561403,0.10530701754385964,152.0,0.7611940298507462,False,YFM,ent,45,200.0
45,114,4,0.13157894736842105,0.10539473684210524,49.0,0.24875621890547264,False,YFM,ent,46,200.0
46,114,4,0.05263157894736842,0.08859649122807017,189.0,0.945273631840796,False,YFM,ent,47,200.0
47,114,4,0.08771929824561403,0.1012280701754386,139.0,0.6965174129353234,False,YFM,ent,48,200.0
48,114,4,0.08771929824561403,0.10153508771929824,144.0,0.7213930348258707,False,YFM,ent,49,200.0
49,114,4,0.08771929824561403,0.10719298245614034,156.0,0.7810945273631841,False,YFM,ent,50,200.0
61,114,4,0.08771929824561403,0.10315789473684209,142.0,0.7114427860696517,False,YFM,hpc,62,200.0
62,114,4,0.07017543859649122,0.10254385964912281,180.0,0.900497512437811,False,YFM,hpc,63,200.0
63,114,4,,,,,False,YFM,hpc,64,0.0
64,114,4,0.07894736842105263,0.1067982456140351,170.0,0.8507462686567164,False,YFM,hpc,65,200.0
65,114,4,0.10526315789473684,0.10087719298245613,88.0,0.4427860696517413,False,YFM,hpc,66,200.0
66,114,4,0.11403508771929824,0.10464912280701753,82.0,0.4129353233830846,False,YFM,hpc,67,200.0
67,114,4,0.05263157894736842,0.10903508771929825,194.0,0.9701492537313433,False,YFM,hpc,68,200.0
68,114,4,0.07894736842105263,0.09736842105263158,155.0,0.7761194029850746,False,YFM,hpc,69,200.0
69,114,4,0.07017543859649122,0.1019736842105263,177.0,0.8855721393034826,False,YFM,hpc,70,200.0
70,114,4,0.12280701754385964,0.10214912280701753,54.0,0.2736318407960199,False,YFM,hpc,71,200.0
71,114,4,0.10526315789473684,0.09618421052631579,73.0,0.3681592039800995,False,YFM,hpc,72,200.0
72,114,4,0.09649122807017543,0.10517543859649123,131.0,0.6567164179104478,False,YFM,hpc,73,200.0
73,114,4,0.16666666666666666,0.10276315789473683,5.0,0.029850746268656716,True,YFM,hpc,74,200.0
74,114,4,0.15789473684210525,0.08850877192982455,14.0,0.07462686567164178,False,YFM,hpc,75,200.0
75,114,4,0.16666666666666666,0.15784856879039705,120.0,0.6335078534031413,False,YFM,hpc,76,190.0
76,114,4,0.16666666666666666,0.15616834639790966,111.0,0.5925925925925926,False,YFM,hpc,77,188.0
77,114,4,0.06140350877192982,0.12973684210526315,195.0,0.9751243781094527,False,YFM,hpc,78,200.0
78,114,4,0.08771929824561403,0.10267543859649124,140.0,0.7014925373134329,False,YFM,hpc,79,200.0
79,114,4,0.10526315789473684,0.10030701754385966,86.0,0.43283582089552236,False,YFM,hpc,80,200.0
80,114,4,0.15789473684210525,0.10346491228070175,9.0,0.04975124378109453,True,YFM,hpc,81,200.0
81,114,4,0.11403508771929824,0.10263157894736841,81.0,0.4079601990049751,False,YFM,hpc,82,200.0
82,114,4,0.08771929824561403,0.10135964912280702,143.0,0.7164179104477612,False,YFM,ent,83,200.0
83,114,4,0.14912280701754385,0.08828947368421053,6.0,0.03482587064676617,True,YFM,ent,84,200.0
84,114,4,0.08771929824561403,0.09899122807017542,139.0,0.6965174129353234,False,YFM,ent,85,200.0
85,114,4,0.15789473684210525,0.09995614035087719,10.0,0.05472636815920398,False,YFM,ent,86,200.0
86,114,4,0.03508771929824561,0.10429824561403508,199.0,0.9950248756218906,False,YFM,ent,87,200.0
87,114,4,0.12280701754385964,0.09635964912280702,37.0,0.1890547263681592,False,YFM,ent,88,200.0
88,114,4,0.13157894736842105,0.1045175438596491,47.0,0.23880597014925373,False,YFM,ent,89,200.0
89,114,4,0.10526315789473684,0.10368421052631578,101.0,0.5074626865671642,False,YFM,ent,90,200.0
90,114,4,0.08771929824561403,0.10171052631578947,147.0,0.736318407960199,False,YFM,ent,91,200.0
91,114,4,0.13157894736842105,0.09561403508771928,23.0,0.11940298507462686,False,YFM,ent,92,200.0
92,114,4,0.10526315789473684,0.10421052631578945,113.0,0.5671641791044776,False,YFM,ent,93,200.0
93,114,4,0.07894736842105263,0.10350877192982455,169.0,0.845771144278607,False,YFM,ent,94,200.0
29,158,9,0.0949367088607595,0.10484177215189874,142.0,0.7114427860696517,False,YFP,hpc,30,200.0
30,158,9,0.10126582278481013,0.10344936708860761,110.0,0.5522388059701493,False,YFP,hpc,31,200.0
31,158,9,0.1518987341772152,0.10737341772151898,15.0,0.07960199004975124,False,YFP,hpc,32,200.0
32,158,9,0.13924050632911392,0.10360759493670885,28.0,0.14427860696517414,False,YFP,hpc,33,200.0
33,158,9,0.05063291139240506,0.1069620253164557,197.0,0.9850746268656716,False,YFP,hpc,34,200.0
34,158,9,0.06329113924050633,0.10556962025316455,189.0,0.945273631840796,False,YFP,hpc,35,200.0
35,158,9,0.08860759493670886,0.10386075949367089,143.0,0.7164179104477612,False,YFP,hpc,36,200.0
36,158,9,0.13924050632911392,0.1039240506329114,27.0,0.13930348258706468,False,YFP,hpc,37,200.0
37,158,9,0.0759493670886076,0.10452531645569621,177.0,0.8855721393034826,False,YFP,hpc,38,200.0
38,158,9,0.16455696202531644,0.12199367088607596,1.0,0.009950248756218905,True,YFP,hpc,39,200.0
39,158,9,0.13924050632911392,0.10601265822784811,28.0,0.14427860696517414,False,YFP,hpc,40,200.0
40,158,9,0.0759493670886076,0.10601265822784811,171.0,0.8557213930348259,False,YFP,hpc,41,200.0
41,158,9,,,,,False,YFP,hpc,42,0.0
42,158,9,0.0949367088607595,0.10341772151898734,128.0,0.6417910447761194,False,YFP,hpc,43,200.0
43,158,9,0.056962025316455694,0.10167721518987342,191.0,0.9552238805970149,False,YFP,hpc,44,200.0
44,158,9,0.0949367088607595,0.09996835443037973,112.0,0.5621890547263682,False,YFP,hpc,45,200.0
45,158,9,0.10759493670886076,0.10575949367088608,99.0,0.4975124378109453,False,YFP,hpc,46,200.0
46,158,9,0.06962025316455696,0.10844936708860761,186.0,0.9303482587064676,False,YFP,hpc,47,200.0
73,158,9,0.10759493670886076,0.10465189873417721,103.0,0.5174129353233831,False,YFP,hpc,74,200.0
74,158,9,0.11392405063291139,0.10126582278481011,69.0,0.3482587064676617,False,YFP,hpc,75,200.0
75,158,9,0.0759493670886076,0.10778481012658228,175.0,0.8756218905472637,False,YFP,hpc,76,200.0
76,158,9,0.08227848101265822,0.10664556962025315,163.0,0.8159203980099502,False,YFP,hpc,77,200.0
77,158,9,0.08227848101265822,0.10645569620253165,162.0,0.8109452736318408,False,YFP,hpc,78,200.0
78,158,9,0.08860759493670886,0.10556962025316455,148.0,0.7412935323383084,False,YFP,hpc,79,200.0
79,158,9,0.15822784810126583,0.11180379746835445,10.0,0.05472636815920398,False,YFP,hpc,80,200.0
80,158,9,0.056962025316455694,0.10205696202531644,194.0,0.9701492537313433,False,YFP,hpc,81,200.0
81,158,9,0.10126582278481013,0.10810126582278481,121.0,0.6069651741293532,False,YFP,hpc,82,200.0
82,158,9,,,,,False,YFP,hpc,83,0.0
83,158,9,0.12025316455696203,0.1039873417721519,60.0,0.3034825870646766,False,YFP,hpc,84,200.0
84,158,9,0.0759493670886076,0.10199367088607594,169.0,0.845771144278607,False,YFP,hpc,85,200.0
85,158,9,0.15822784810126583,0.10955696202531645,10.0,0.05472636815920398,False,YFP,hpc,86,200.0
86,158,9,0.08860759493670886,0.10718354430379748,147.0,0.736318407960199,False,YFP,hpc,87,200.0
87,158,9,0.10759493670886076,0.10667721518987343,106.0,0.5323383084577115,False,YFP,hpc,88,200.0
88,158,9,0.12025316455696203,0.10417721518987343,65.0,0.3283582089552239,False,YFP,hpc,89,200.0
89,158,9,0.0759493670886076,0.10458860759493671,173.0,0.8656716417910447,False,YFP,hpc,90,200.0
90,158,9,0.12658227848101267,0.10699367088607595,53.0,0.26865671641791045,False,YFP,hpc,91,200.0
91,158,9,0.06962025316455696,0.09734177215189874,167.0,0.835820895522388,False,YFP,hpc,92,200.0
92,158,9,0.0949367088607595,0.10493670886075948,134.0,0.6716417910447762,False,YFP,hpc,93,200.0
93,158,9,0.15822784810126583,0.10408227848101266,17.0,0.08955223880597014,False,YFP,hpc,94,200.0
94,158,9,0.11392405063291139,0.1080379746835443,88.0,0.4427860696517413,False,YFP,hpc,95,200.0
95,158,9,0.10126582278481013,0.10212025316455697,104.0,0.5223880597014925,False,YFP,hpc,96,200.0
96,158,9,0.15822784810126583,0.10661392405063293,10.0,0.05472636815920398,False,YFP,hpc,97,200.0
97,158,9,0.10126582278481013,0.10458860759493672,105.0,0.527363184079602,False,YFP,hpc,98,200.0
0,266,10,0.13533834586466165,0.10795112781954887,26.0,0.13432835820895522,False,YFR,hpc,1,200.0
1,266,10,0.13157894736842105,0.11182330827067669,33.0,0.1691542288557214,False,YFR,hpc,2,200.0
2,266,10,0.10902255639097744,0.12505639097744362,166.0,0.8308457711442786,False,YFR,hpc,3,200.0
3,266,10,0.10150375939849623,0.1063533834586466,117.0,0.5870646766169154,False,YFR,hpc,4,200.0
4,266,10,0.10526315789473684,0.10706766917293234,106.0,0.5323383084577115,False,YFR,hpc,5,200.0
5,266,10,0.11654135338345864,0.11127819548872181,87.0,0.43781094527363185,False,YFR,hpc,6,200.0
6,266,10,0.08646616541353383,0.10582706766917294,164.0,0.8208955223880597,False,YFR,hpc,7,200.0
7,266,10,0.09398496240601503,0.11045112781954888,164.0,0.8208955223880597,False,YFR,hpc,8,200.0
8,266,10,0.11278195488721804,0.10708646616541354,82.0,0.4129353233830846,False,YFR,hpc,9,200.0
9,266,10,0.09398496240601503,0.10881578947368421,162.0,0.8109452736318408,False,YFR,hpc,10,200.0
10,266,10,0.11278195488721804,0.10969924812030075,98.0,0.4925373134328358,False,YFR,hpc,11,200.0
11,266,10,0.06766917293233082,0.10909774436090224,193.0,0.9651741293532339,False,YFR,hpc,12,200.0
12,266,10,0.09022556390977443,0.10855263157894736,168.0,0.8407960199004975,False,YFR,hpc,13,200.0
13,266,10,0.09774436090225563,0.1111466165413534,151.0,0.7562189054726368,False,YFR,hpc,14,200.0
14,266,10,,,,,False,YFR,hpc,15,0.0
15,266,10,0.08646616541353383,0.11127819548872181,180.0,0.900497512437811,False,YFR,hpc,16,200.0
16,266,10,0.10526315789473684,0.10847744360902255,116.0,0.582089552238806,False,YFR,hpc,17,200.0
17,266,10,0.12406015037593984,0.1081766917293233,47.0,0.23880597014925373,False,YFR,hpc,18,200.0
18,266,10,0.08646616541353383,0.10917293233082706,175.0,0.8756218905472637,False,YFR,hpc,19,200.0
19,266,10,0.15413533834586465,0.10874060150375939,10.0,0.05472636815920398,False,YFR,hpc,20,200.0
20,266,10,0.14285714285714285,0.10733082706766918,13.0,0.06965174129353234,False,YFR,hpc,21,200.0
21,266,10,0.09398496240601503,0.1100187969924812,158.0,0.7910447761194029,False,YFR,hpc,22,200.0
22,266,10,0.14285714285714285,0.10772556390977442,13.0,0.06965174129353234,False,YFR,hpc,23,200.0
23,266,10,0.13157894736842105,0.10665413533834586,25.0,0.12935323383084577,False,YFR,hpc,24,200.0
24,266,10,0.09774436090225563,0.10966165413533834,138.0,0.6915422885572139,False,YFR,amy,25,200.0
25,266,10,0.10526315789473684,0.11033834586466165,122.0,0.6119402985074627,False,YFR,amy,26,200.0
26,266,10,0.12030075187969924,0.10610902255639097,59.0,0.29850746268656714,False,YFR,amy,27,200.0
27,266,10,0.09022556390977443,0.10798872180451127,165.0,0.8258706467661692,False,YFR,amy,28,200.0
28,266,10,0.08270676691729323,0.11184210526315788,188.0,0.9402985074626866,False,YFR,amy,29,200.0
29,266,10,0.10526315789473684,0.10945488721804511,119.0,0.5970149253731343,False,YFR,amy,30,200.0
30,266,10,0.12781954887218044,0.10672932330827066,34.0,0.17412935323383086,False,YFR,amy,31,200.0
31,266,10,0.13533834586466165,0.10830827067669173,18.0,0.0945273631840796,False,YFR,amy,32,200.0
32,266,10,0.12406015037593984,0.10832706766917292,49.0,0.24875621890547264,False,YFR,amy,33,200.0
33,266,10,0.10526315789473684,0.10753759398496239,112.0,0.5621890547263682,False,YFR,amy,34,200.0
34,266,10,0.09022556390977443,0.10727443609022554,157.0,0.7860696517412935,False,YFR,amy,35,200.0
35,266,10,0.14661654135338345,0.1099624060150376,12.0,0.06467661691542288,False,YFR,amy,36,200.0
36,266,10,0.10902255639097744,0.10725563909774437,102.0,0.5124378109452736,False,YFR,amy,37,200.0
37,266,10,0.09774436090225563,0.10887218045112781,147.0,0.736318407960199,False,YFR,amy,38,200.0
38,266,10,0.10902255639097744,0.10569548872180448,97.0,0.48756218905472637,False,YFR,amy,39,200.0
39,266,10,0.08646616541353383,0.10906015037593984,176.0,0.8805970149253731,False,YFR,amy,40,200.0
45,266,10,0.11654135338345864,0.10998120300751879,84.0,0.4228855721393035,False,YFR,amy,46,200.0
46,266,10,0.13533834586466165,0.11225563909774436,34.0,0.17412935323383086,False,YFR,amy,47,200.0
47,266,10,0.09022556390977443,0.10800751879699248,167.0,0.835820895522388,False,YFR,amy,48,200.0
48,266,10,0.09398496240601503,0.1075751879699248,157.0,0.7860696517412935,False,YFR,amy,49,200.0
49,266,10,0.12781954887218044,0.10781954887218044,43.0,0.21890547263681592,False,YFR,amy,50,200.0
50,266,10,0.07142857142857142,0.1106766917293233,194.0,0.9701492537313433,False,YFR,amy,51,200.0
51,266,10,0.09774436090225563,0.1075,143.0,0.7164179104477612,False,YFR,amy,52,200.0
52,266,10,0.11278195488721804,0.10766917293233082,81.0,0.4079601990049751,False,YFR,amy,53,200.0
53,266,10,0.08646616541353383,0.1063721804511278,176.0,0.8805970149253731,False,YFR,hpc,54,200.0
54,266,10,0.08646616541353383,0.1068796992481203,170.0,0.8507462686567164,False,YFR,hpc,55,200.0
55,266,10,0.10526315789473684,0.10958646616541352,121.0,0.6069651741293532,False,YFR,hpc,56,200.0
56,266,10,0.11278195488721804,0.10834586466165412,83.0,0.417910447761194,False,YFR,hpc,57,200.0
57,266,10,0.13909774436090225,0.10828947368421052,17.0,0.08955223880597014,False,YFR,hpc,58,200.0
58,266,10,0.10150375939849623,0.11048872180451128,137.0,0.6865671641791045,False,YFR,hpc,59,200.0
59,266,10,0.06390977443609022,0.1075,196.0,0.9800995024875622,False,YFR,hpc,60,200.0
60,266,10,0.10526315789473684,0.10907894736842107,125.0,0.6268656716417911,False,YFR,hpc,61,200.0
61,266,10,0.13157894736842105,0.1107330827067669,34.0,0.17412935323383086,False,YFR,hpc,62,200.0
62,266,10,0.10526315789473684,0.10906015037593984,116.0,0.582089552238806,False,YFR,hpc,63,200.0
63,266,10,0.06766917293233082,0.1100187969924812,193.0,0.9651741293532339,False,YFR,hpc,64,200.0
64,266,10,0.08646616541353383,0.10951127819548873,175.0,0.8756218905472637,False,YFR,hpc,65,200.0
65,266,10,0.12030075187969924,0.10793233082706767,65.0,0.3283582089552239,False,YFR,hpc,66,200.0
66,266,10,0.10150375939849623,0.10723684210526314,122.0,0.6119402985074627,False,YFR,hpc,67,200.0
67,266,10,0.13157894736842105,0.10900375939849624,34.0,0.17412935323383086,False,YFR,hpc,68,200.0
68,266,10,0.07894736842105263,0.11225563909774434,184.0,0.9203980099502488,False,YFR,hpc,69,200.0
69,266,10,0.04887218045112782,0.11276315789473683,200.0,1.0,False,YFR,hpc,70,200.0
26,264,10,0.0946969696969697,0.114375,170.0,0.8507462686567164,False,YFS,amy,27,200.0
27,264,10,0.07954545454545454,0.11089015151515151,187.0,0.9353233830845771,False,YFS,amy,28,200.0
28,264,10,0.08712121212121213,0.1121401515151515,172.0,0.8606965174129353,False,YFS,amy,29,200.0
29,264,10,0.11742424242424243,0.11679924242424242,140.0,0.7014925373134329,False,YFS,amy,30,200.0
30,264,10,0.11363636363636363,0.10929924242424242,86.0,0.43283582089552236,False,YFS,amy,31,200.0
31,264,10,0.08712121212121213,0.10846590909090907,174.0,0.8706467661691543,False,YFS,amy,32,200.0
32,264,10,0.12121212121212122,0.111875,70.0,0.35323383084577115,False,YFS,amy,33,200.0
33,264,10,0.14015151515151514,0.1105871212121212,7.0,0.03980099502487562,True,YFS,amy,34,200.0
34,264,10,0.12878787878787878,0.10803030303030303,40.0,0.20398009950248755,False,YFS,amy,35,200.0
35,264,10,0.06439393939393939,0.10892045454545453,195.0,0.9751243781094527,False,YFS,amy,36,200.0
36,264,10,0.14393939393939395,0.10986742424242424,12.0,0.06467661691542288,False,YFS,amy,37,200.0
37,264,10,0.13636363636363635,0.11160984848484848,23.0,0.11940298507462686,False,YFS,hpc,38,200.0
38,264,10,0.07954545454545454,0.10839015151515152,192.0,0.9601990049751243,False,YFS,hpc,39,200.0
39,264,10,0.09090909090909091,0.10950757575757575,163.0,0.8159203980099502,False,YFS,hpc,40,200.0
40,264,10,0.09090909090909091,0.10973484848484848,168.0,0.8407960199004975,False,YFS,hpc,41,200.0
41,264,10,0.08712121212121213,0.11,190.0,0.9502487562189055,False,YFS,hpc,42,200.0
42,264,10,0.056818181818181816,0.11265151515151516,199.0,0.9950248756218906,False,YFS,hpc,43,200.0
43,264,10,0.11363636363636363,0.11007575757575758,101.0,0.5074626865671642,False,YFS,hpc,44,200.0
44,264,10,0.11363636363636363,0.10755681818181818,89.0,0.44776119402985076,False,YFS,hpc,45,200.0
45,264,10,0.08333333333333333,0.10702651515151515,172.0,0.8606965174129353,False,YFS,hpc,46,200.0
46,264,10,0.08333333333333333,0.1096212121212121,182.0,0.9104477611940298,False,YFS,hpc,47,200.0
47,264,10,0.12121212121212122,0.1217008797653959,175.0,0.9411764705882353,False,YFS,hpc,48,186.0
48,264,10,0.11363636363636363,0.10696969696969698,77.0,0.3880597014925373,False,YFS,hpc,49,200.0
49,264,10,0.15151515151515152,0.11132575757575758,14.0,0.07462686567164178,False,YFS,hpc,50,200.0
50,264,10,0.12878787878787878,0.11028409090909091,46.0,0.23383084577114427,False,YFS,hpc,51,200.0
51,264,10,0.12121212121212122,0.110625,69.0,0.3482587064676617,False,YFS,hpc,52,200.0
52,264,10,0.10984848484848485,0.10948863636363637,98.0,0.4925373134328358,False,YFS,hpc,53,200.0
53,264,10,0.11742424242424243,0.11257575757575758,89.0,0.44776119402985076,False,YFS,hpc,54,200.0
54,264,10,0.12878787878787878,0.10839015151515152,40.0,0.20398009950248755,False,YFS,hpc,55,200.0
55,264,10,0.12121212121212122,0.10839015151515152,60.0,0.3034825870646766,False,YFS,hpc,56,200.0
56,264,10,0.10606060606060606,0.11011363636363637,124.0,0.6218905472636815,False,YFS,hpc,57,200.0
57,264,10,0.12878787878787878,0.11138257575757575,53.0,0.26865671641791045,False,YFS,hpc,58,200.0
58,264,10,0.12878787878787878,0.11071969696969697,39.0,0.19900497512437812,False,YFS,hpc,59,200.0
59,264,10,0.09848484848484848,0.10964015151515151,150.0,0.7512437810945274,False,YFS,hpc,60,200.0
60,264,10,0.09848484848484848,0.10689393939393937,131.0,0.6567164179104478,False,YFS,hpc,61,200.0
61,264,10,0.11742424242424243,0.11920454545454547,173.0,0.8656716417910447,False,YFS,hpc,62,200.0
62,264,10,0.125,0.11035984848484849,56.0,0.2835820895522388,False,YFS,hpc,63,200.0
74,264,10,0.10984848484848485,0.1090719696969697,97.0,0.48756218905472637,False,YFS,hpc,75,200.0
75,264,10,0.125,0.1172159090909091,73.0,0.3681592039800995,False,YFS,hpc,76,200.0
76,264,10,0.13636363636363635,0.10725378787878789,22.0,0.11442786069651742,False,YFS,hpc,77,200.0
77,264,10,0.10227272727272728,0.11047348484848485,130.0,0.6517412935323383,False,YFS,hpc,78,200.0
78,264,10,0.11742424242424243,0.11083333333333333,80.0,0.40298507462686567,False,YFS,hpc,79,200.0
79,264,10,0.10606060606060606,0.11039772727272727,124.0,0.6218905472636815,False,YFS,hpc,80,200.0
80,264,10,0.14015151515151514,0.11111742424242425,18.0,0.0945273631840796,False,YFS,hpc,81,200.0
81,264,10,0.10606060606060606,0.11202651515151515,141.0,0.7064676616915423,False,YFS,hpc,82,200.0
82,264,10,0.12121212121212122,0.10958333333333332,65.0,0.3283582089552239,False,YFS,hpc,83,200.0
83,264,10,0.10227272727272728,0.11274621212121212,133.0,0.6666666666666666,False,YFS,hpc,84,200.0
84,264,10,0.125,0.1087878787878788,52.0,0.263681592039801,False,YFS,hpc,85,200.0
85,264,10,0.12121212121212122,0.10982954545454547,71.0,0.3582089552238806,False,YFS,amy,86,200.0
86,264,10,0.11742424242424243,0.11109848484848485,73.0,0.3681592039800995,False,YFS,amy,87,200.0
87,264,10,0.07196969696969698,0.10892045454545453,193.0,0.9651741293532339,False,YFS,amy,88,200.0
88,264,10,0.10227272727272728,0.11024621212121213,142.0,0.7114427860696517,False,YFS,amy,89,200.0
89,264,10,0.08712121212121213,0.10738636363636363,178.0,0.8905472636815921,False,YFS,amy,90,200.0
90,264,10,0.08712121212121213,0.10931818181818181,177.0,0.8855721393034826,False,YFS,amy,91,200.0
91,264,10,0.10984848484848485,0.11032196969696968,105.0,0.527363184079602,False,YFS,amy,92,200.0
92,264,10,0.12878787878787878,0.11176136363636363,36.0,0.18407960199004975,False,YFS,amy,93,200.0
93,264,10,0.12878787878787878,0.10867424242424242,37.0,0.1890547263681592,False,YFS,amy,94,200.0
94,264,10,0.13257575757575757,0.11195075757575758,42.0,0.21393034825870647,False,YFS,amy,95,200.0
95,264,10,0.10606060606060606,0.10956439393939395,119.0,0.5970149253731343,False,YFS,amy,96,200.0
9,477,10,0.11740041928721175,0.11125786163522011,73.0,0.3681592039800995,False,YFT,ent,10,200.0
10,477,10,0.1069182389937107,0.1099685534591195,119.0,0.5970149253731343,False,YFT,ent,11,200.0
11,477,10,0.1090146750524109,0.109958071278826,111.0,0.5572139303482587,False,YFT,ent,12,200.0
12,477,10,0.15932914046121593,0.11117400419287211,0.0,0.004975124378109453,True,YFT,ent,13,200.0
13,477,10,0.12578616352201258,0.11180293501048219,39.0,0.19900497512437812,False,YFT,ent,14,200.0
14,477,10,0.11530398322851153,0.11175052410901466,94.0,0.472636815920398,False,YFT,ent,15,200.0
15,477,10,0.11740041928721175,0.11118448637316561,75.0,0.3781094527363184,False,YFT,ent,16,200.0
16,477,10,0.11530398322851153,0.10920335429769391,72.0,0.36318407960199006,False,YFT,ent,17,200.0
17,477,10,0.14675052410901468,0.10872117400419289,3.0,0.01990049751243781,True,YFT,hpc,18,200.0
18,477,10,0.12368972746331237,0.1109329140461216,34.0,0.17412935323383086,False,YFT,hpc,19,200.0
19,477,10,0.11740041928721175,0.10952830188679245,62.0,0.31343283582089554,False,YFT,hpc,20,200.0
20,477,10,0.09224318658280922,0.11104821802935011,194.0,0.9701492537313433,False,YFT,hpc,21,200.0
21,477,10,0.129979035639413,0.11325995807127881,42.0,0.21393034825870647,False,YFT,hpc,22,200.0
22,477,10,0.1090146750524109,0.10877358490566037,106.0,0.5323383084577115,False,YFT,hpc,23,200.0
23,477,10,0.10062893081761007,0.11129979035639412,178.0,0.8905472636815921,False,YFT,hpc,24,200.0
24,477,10,0.13626834381551362,0.10843815513626832,10.0,0.05472636815920398,False,YFT,hpc,25,200.0
25,477,10,0.11320754716981132,0.11235849056603774,95.0,0.47761194029850745,False,YFT,hpc,26,200.0
26,477,10,0.09433962264150944,0.10959119496855346,183.0,0.9154228855721394,False,YFT,hpc,27,200.0
27,477,10,0.11740041928721175,0.1099895178197065,60.0,0.3034825870646766,False,YFT,hpc,28,200.0
28,477,10,0.10272536687631027,0.10778825995807129,138.0,0.6915422885572139,False,YFT,hpc,29,200.0
29,477,10,0.10482180293501048,0.10986373165618447,130.0,0.6517412935323383,False,YFT,hpc,30,200.0
30,477,10,0.10062893081761007,0.11069182389937109,182.0,0.9104477611940298,False,YFT,hpc,31,200.0
31,477,10,0.09853249475890985,0.1120335429769392,163.0,0.8159203980099502,False,YFT,hpc,32,200.0
32,477,10,0.12578616352201258,0.11050314465408805,40.0,0.20398009950248755,False,YFT,amy,33,200.0
33,477,10,0.1278825995807128,0.11036687631027252,35.0,0.1791044776119403,False,YFT,amy,34,200.0
34,477,10,0.1090146750524109,0.11088050314465409,111.0,0.5572139303482587,False,YFT,amy,35,200.0
35,477,10,0.1320754716981132,0.10884696016771488,19.0,0.09950248756218906,False,YFT,amy,36,200.0
36,477,10,0.1069182389937107,0.10993710691823899,126.0,0.6318407960199005,False,YFT,amy,37,200.0
37,477,10,0.11740041928721175,0.11162473794549267,71.0,0.3582089552238806,False,YFT,amy,38,200.0
38,477,10,0.09224318658280922,0.1131132075471698,180.0,0.900497512437811,False,YFT,amy,39,200.0
39,477,10,0.1278825995807128,0.10909853249475891,29.0,0.14925373134328357,False,YFT,amy,40,200.0
40,477,10,0.10482180293501048,0.11035639412997902,131.0,0.6567164179104478,False,YFT,hpc,41,200.0
41,477,10,0.09643605870020965,0.1120545073375262,173.0,0.8656716417910447,False,YFT,hpc,42,200.0
42,477,10,0.12159329140461216,0.11146750524109014,53.0,0.26865671641791045,False,YFT,hpc,43,200.0
43,477,10,0.1090146750524109,0.10872117400419286,106.0,0.5323383084577115,False,YFT,hpc,44,200.0
44,477,10,0.09014675052410902,0.11076519916142555,189.0,0.945273631840796,False,YFT,hpc,45,200.0
45,477,10,0.1090146750524109,0.11160377358490566,118.0,0.5920398009950248,False,YFT,hpc,46,200.0
46,477,10,0.129979035639413,0.11142557651991615,39.0,0.19900497512437812,False,YFT,hpc,47,200.0
47,477,10,0.11530398322851153,0.11123689727463311,77.0,0.3880597014925373,False,YFT,hpc,48,200.0
48,477,10,0.1111111111111111,0.11020964360587002,102.0,0.5124378109452736,False,YFT,hpc,49,200.0
49,477,10,0.11530398322851153,0.10943396226415093,79.0,0.39800995024875624,False,YFT,hpc,50,200.0
50,477,10,0.1320754716981132,0.11054507337526205,19.0,0.09950248756218906,False,YFT,hpc,51,200.0
51,477,10,0.12368972746331237,0.11123689727463311,51.0,0.25870646766169153,False,YFT,hpc,52,200.0
69,477,10,0.09853249475890985,0.11167714884696016,163.0,0.8159203980099502,False,YFT,ent,70,200.0
70,477,10,0.08176100628930817,0.10933962264150943,193.0,0.9651741293532339,False,YFT,ent,71,200.0
71,477,10,0.11949685534591195,0.1110587002096436,65.0,0.3283582089552239,False,YFT,ent,72,200.0
72,477,10,0.0859538784067086,0.10850104821802935,190.0,0.9502487562189055,False,YFT,ent,73,200.0
73,477,10,0.08176100628930817,0.10987421383647797,192.0,0.9601990049751243,False,YFT,ent,74,200.0
74,477,10,0.1320754716981132,0.10986373165618447,25.0,0.12935323383084577,False,YFT,ent,75,200.0
75,477,10,0.12159329140461216,0.11142557651991612,61.0,0.30845771144278605,False,YFT,ent,76,200.0
76,477,10,0.10482180293501048,0.11074423480083859,125.0,0.6268656716417911,False,YFT,ent,77,200.0
77,477,10,0.1090146750524109,0.11090146750524109,111.0,0.5572139303482587,False,YFT,ent,78,200.0
0,494,10,0.1214574898785425,0.11073886639676114,49.0,0.24875621890547264,False,YFU,amy,1,200.0
1,494,10,0.10526315789473684,0.11020242914979757,129.0,0.6467661691542289,False,YFU,amy,2,200.0
2,494,10,0.08097165991902834,0.11049595141700404,195.0,0.9751243781094527,False,YFU,amy,3,200.0
3,494,10,0.1214574898785425,0.11040485829959515,61.0,0.30845771144278605,False,YFU,amy,4,200.0
4,494,10,0.10728744939271255,0.1084008097165992,102.0,0.5124378109452736,False,YFU,amy,5,200.0
5,494,10,0.0931174089068826,0.1104757085020243,172.0,0.8606965174129353,False,YFU,amy,6,200.0
6,494,10,0.09919028340080972,0.11102226720647775,148.0,0.7412935323383084,False,YFU,amy,7,200.0
7,494,10,0.10931174089068826,0.11252024291497975,120.0,0.6019900497512438,False,YFU,amy,8,200.0
8,494,10,0.08704453441295547,0.11078947368421053,188.0,0.9402985074626866,False,YFU,amy,9,200.0
9,494,10,0.08704453441295547,0.11271255060728745,190.0,0.9502487562189055,False,YFU,amy,10,200.0
10,494,10,0.08704453441295547,0.109331983805668,189.0,0.945273631840796,False,YFU,amy,11,200.0
11,494,10,0.08299595141700405,0.11051619433198379,196.0,0.9800995024875622,False,YFU,amy,12,200.0
20,494,10,0.12550607287449392,0.11008097165991902,37.0,0.1890547263681592,False,YFU,hpc,21,200.0
21,494,10,0.13765182186234817,0.1112753036437247,9.0,0.04975124378109453,True,YFU,hpc,22,200.0
22,494,10,0.1417004048582996,0.10972672064777328,6.0,0.03482587064676617,True,YFU,hpc,23,200.0
23,494,10,0.09109311740890688,0.10993927125506074,177.0,0.8855721393034826,False,YFU,hpc,24,200.0
24,494,10,0.11538461538461539,0.11189271255060727,82.0,0.4129353233830846,False,YFU,hpc,25,200.0
25,494,10,0.08502024291497975,0.10801619433198381,183.0,0.9154228855721394,False,YFU,hpc,26,200.0
26,494,10,0.09919028340080972,0.10942307692307693,152.0,0.7611940298507462,False,YFU,hpc,27,200.0
27,494,10,0.11740890688259109,0.10780364372469636,65.0,0.3283582089552239,False,YFU,hpc,28,200.0
28,494,10,0.11133603238866396,0.1079251012145749,81.0,0.4079601990049751,False,YFU,hpc,29,200.0
29,494,10,0.12348178137651822,0.10891700404858298,38.0,0.19402985074626866,False,YFU,hpc,30,200.0
30,494,10,0.1437246963562753,0.11091093117408907,2.0,0.014925373134328358,True,YFU,hpc,31,200.0
31,494,10,0.09919028340080972,0.10805668016194332,151.0,0.7562189054726368,False,YFU,hpc,32,200.0
32,494,10,0.09919028340080972,0.11119433198380566,155.0,0.7761194029850746,False,YFU,hpc,33,200.0
33,494,10,0.12955465587044535,0.10901821862348178,22.0,0.11442786069651742,False,YFU,hpc,34,200.0
34,494,10,0.1214574898785425,0.10969635627530364,46.0,0.23383084577114427,False,YFU,hpc,35,200.0
35,494,10,0.0931174089068826,0.10958502024291499,168.0,0.8407960199004975,False,YFU,hpc,36,200.0
36,494,10,0.12753036437246965,0.10892712550607288,24.0,0.12437810945273632,False,YFU,hpc,37,200.0
37,494,10,0.12550607287449392,0.10969635627530364,33.0,0.1691542288557214,False,YFU,hpc,38,200.0
38,494,10,0.1437246963562753,0.11076923076923077,10.0,0.05472636815920398,False,YFU,hpc,39,200.0
39,494,10,0.12955465587044535,0.10868421052631579,21.0,0.10945273631840796,False,YFU,hpc,40,200.0
40,494,10,0.11336032388663968,0.10878542510121456,73.0,0.3681592039800995,False,YFU,hpc,41,200.0
41,494,10,0.09109311740890688,0.11038461538461539,181.0,0.9054726368159204,False,YFU,hpc,42,200.0
42,494,10,0.11133603238866396,0.10974696356275306,95.0,0.47761194029850745,False,YFU,hpc,43,200.0
43,494,10,0.11336032388663968,0.11073886639676114,93.0,0.46766169154228854,False,YFU,amy,44,200.0
44,494,10,0.08704453441295547,0.10981781376518217,190.0,0.9502487562189055,False,YFU,amy,45,200.0
45,494,10,0.11133603238866396,0.10933198380566803,89.0,0.44776119402985076,False,YFU,amy,46,200.0
46,494,10,0.10931174089068826,0.11073886639676113,112.0,0.5621890547263682,False,YFU,amy,47,200.0
47,494,10,0.11336032388663968,0.11075910931174089,85.0,0.42786069651741293,False,YFU,amy,48,200.0
48,494,10,0.145748987854251,0.1102327935222672,7.0,0.03980099502487562,True,YFU,amy,49,200.0
49,494,10,0.13360323886639677,0.11059716599190283,24.0,0.12437810945273632,False,YFU,amy,50,200.0
50,494,10,0.11336032388663968,0.11101214574898786,94.0,0.472636815920398,False,YFU,amy,51,200.0
51,494,10,0.10323886639676114,0.11058704453441295,134.0,0.6716417910447762,False,YFU,amy,52,200.0
52,494,10,0.10931174089068826,0.11017206477732795,109.0,0.5472636815920398,False,YFU,amy,53,200.0
53,494,10,0.1214574898785425,0.11189271255060727,56.0,0.2835820895522388,False,YFU,amy,54,200.0
54,494,10,0.09919028340080972,0.10954453441295547,151.0,0.7562189054726368,False,YFU,hpc,55,200.0
55,494,10,0.08299595141700405,0.11014170040485832,192.0,0.9601990049751243,False,YFU,hpc,56,200.0
56,494,10,0.10728744939271255,0.11073886639676113,120.0,0.6019900497512438,False,YFU,hpc,57,200.0
57,494,10,0.10323886639676114,0.11126518218623482,140.0,0.7014925373134329,False,YFU,hpc,58,200.0
58,494,10,0.11538461538461539,0.10939271255060729,76.0,0.38308457711442784,False,YFU,hpc,59,200.0
59,494,10,0.11740890688259109,0.11128542510121457,74.0,0.373134328358209,False,YFU,hpc,60,200.0
60,494,10,0.09919028340080972,0.10922064777327936,150.0,0.7512437810945274,False,YFU,hpc,61,200.0
61,494,10,0.11133603238866396,0.10835020242914979,94.0,0.472636815920398,False,YFU,hpc,62,200.0
62,494,10,0.12955465587044535,0.11029352226720647,26.0,0.13432835820895522,False,YFU,hpc,63,200.0
63,494,10,0.0931174089068826,0.1092004048582996,169.0,0.845771144278607,False,YFU,hpc,64,200.0
64,494,10,0.1214574898785425,0.11157894736842106,65.0,0.3283582089552239,False,YFU,hpc,65,200.0
65,494,10,0.12348178137651822,0.1090080971659919,40.0,0.20398009950248755,False,YFU,hpc,66,200.0
66,494,10,0.13562753036437247,0.10852226720647774,12.0,0.06467661691542288,False,YFU,hpc,67,200.0
67,494,10,0.10323886639676114,0.1091093117408907,130.0,0.6517412935323383,False,YFU,hpc,68,200.0
68,494,10,0.10526315789473684,0.111082995951417,131.0,0.6567164179104478,False,YFU,hpc,69,200.0
69,494,10,0.10121457489878542,0.10808704453441295,135.0,0.6766169154228856,False,YFU,hpc,70,200.0
