number,time_s,mean_rate_hz,sem_rate_hz,n_presentations
5,0.0,6.284144458866394,0.5019244786300533,51
5,0.001,6.283478984587144,0.501461272523619,51
5,0.002,6.282841235259139,0.500997744757497,51
5,0.003,6.282248905455853,0.5005374790214728,51
5,0.004,6.2816676734765196,0.5000735705430308,51
5,0.005,6.281114767464322,0.49960951834617645,51
5,0.006,6.280590378095198,0.4991453829083513,51
5,0.007,6.280094693057663,0.4986812255813056,51
5,0.008,6.279627897045352,0.49821710859218216,51
5,0.009,6.279190171749415,0.4977530950441893,51
5,0.01,6.278781695850765,0.49728924891685344,51
5,0.011,6.278402645012184,0.49682563506583516,51
5,0.012,6.278053191870286,0.4963623192222995,51
5,0.013,6.277751001267151,0.49590083803737955,51
5,0.014,6.2774617216993915,0.4954383634858181,51
5,0.015,6.277202551435009,0.49497639056489856,51
5,0.016,6.276973651200874,0.49451498851752523,51
5,0.017,6.276775178661227,0.4940542274521561,51
5,0.018,6.276677269368148,0.49359515492355094,51
5,0.019,6.276576993061852,0.49313600277137754,51
5,0.02,6.276491096317521,0.4926764927818247,51
5,0.021,6.276419277028471,0.4922189764087521,51
5,0.022,6.276413704342926,0.49176344396038,51
5,0.023,6.2764054832403735,0.49130801301615856,51
5,0.024,6.276428821260529,0.4908537351552054,51
5,0.025,6.276483853886596,0.49040068714231483,51
5,0.026,6.276588208750534,0.48994539919348695,51
5,0.027,6.276724992321355,0.4894915624013089,51
5,0.028,6.276894342718632,0.4890418106894302,51
5,0.029,6.277078899982173,0.4885942591737502,51
5,0.03,6.277295819371457,0.4881483285120951,51
5,0.031,6.277545218539762,0.487704100099135,51
5,0.032,6.277827212012224,0.4872616560772235,51
5,0.033,6.278159406416505,0.4868233278614573,51
5,0.034,6.278507391930951,0.4863847718791553,51
5,0.035,6.278888308400603,0.48594825307449796,51
5,0.036,6.279302258023901,0.48551385649765183,51
5,0.037,6.279766835070283,0.48508113730109,51
5,0.038,6.280247617328179,0.48465124403411497,51
5,0.039,6.2807617322208555,0.48422373266120533,51
5,0.04,6.281309269492981,0.4837986908715954,51
5,0.041,6.281890315688281,0.4833762069645795,51
5,0.042,6.28250495414003,0.48295636983039114,51
5,0.043,6.283170760201305,0.48253473317149903,51
5,0.044,6.283853292692761,0.48212033197299414,51
5,0.045,6.284569660018336,0.48170884425194155,51
5,0.046,6.2853199328516505,0.4813003609771156,51
5,0.047,6.286104178613557,0.4808949735996486,51
5,0.048,6.286922461462538,0.4804927740293173,51
5,0.049,6.287774842285075,0.48009385461005555,51
5,0.05,6.288661378686018,0.47969830809469566,51
5,0.051,6.28959962021874,0.47930493400315644,51
5,0.052,6.290572595072706,0.47891489197514137,51
5,0.053,6.291562867646528,0.4785299369690439,51
5,0.054,6.292587517359725,0.4781487270139561,51
5,0.055,6.293681576306029,0.47776887197453494,51
5,0.056,6.294776046645914,0.4773953909262214,51
5,0.057,6.295922528087653,0.47702857693409007,51
5,0.058,6.2971215252071415,0.47666245412524516,51
5,0.059,6.298321065453164,0.47630139663217214,51
5,0.06,6.2995552440850435,0.475944654560352,51
5,0.061,6.300824084043008,0.47559232328472256,51
5,0.062,6.302145100153627,0.4752421041561305,51
5,0.063,6.303518781058231,0.4749040529936509,51
5,0.064,6.304893138244483,0.47456561315389895,51
5,0.065,6.306302250984634,0.47423196844295207,51
5,0.066,6.307746126206538,0.4739032141999926,51
5,0.067,6.309224767459944,0.47357944563252585,51
5,0.068,6.310738174908602,0.4732607577780695,51
5,0.069,6.312286345322463,0.47294724546521333,51
5,0.07,6.313886767309796,0.4726366002785112,51
5,0.071,6.315504912766995,0.4723336545154666,51
5,0.072,6.317157802996418,0.47203616542267085,51
5,0.073,6.318845421395107,0.471744226556723,51
5,0.074,6.320585243174612,0.4714608261127436,51
5,0.075,6.322342726811378,0.47118035358058474,51
5,0.076,6.324134880165201,0.47090571169347173,51
5,0.077,6.3259616731685835,0.4706369921594334,51
5,0.078,6.327823072307401,0.4703742861026198,51
5,0.079,6.329719040614582,0.47011768401917253,51
5,0.08,6.331667032903756,0.4698700324364982,51
5,0.081,6.333632487220657,0.4696259573041714,51
5,0.082,6.335632390962609,0.4693882538921048,51
5,0.083,6.337684188808768,0.46916144874667015,51
5,0.084,6.339753308659278,0.4689368564885147,51
5,0.085,6.341874222995224,0.4687179770440934,51
5,0.086,6.34402984826693,0.46850204265548023,51
5,0.087,6.346202636959114,0.4682974688619238,51
5,0.088,6.348409556407803,0.46809977767686595,51
5,0.089,6.350650535979386,0.46790905079883793,51
5,0.09,6.352925501553903,0.46772536879360194,51
5,0.091,6.355234375521422,0.46754881104746643,51
5,0.092,6.357577076778643,0.467379455720615,51
5,0.093,6.359953520725742,0.4672173797004902,51
5,0.094,6.3623636192634425,0.4670626585552719,51
5,0.095,6.364807280790345,0.4669153664874861,51
5,0.096,6.367284410200488,0.46677557628778876,51
5,0.097,6.369812404120995,0.4666426198558832,51
5,0.098,6.372356642367538,0.466518040905694,51
5,0.099,6.37493405406801,0.4664011737363715,51
5,0.1,6.377562025597028,0.4662905856076062,51
5,0.101,6.380205926519452,0.4661893000837679,51
5,0.102,6.382882675714982,0.4660959207014483,51
5,0.103,6.3855921540737866,0.46601050912311204,51
5,0.104,6.388334238983594,0.465933125242319,51
5,0.105,6.391108804329942,0.4658638271409904,51
5,0.106,6.393915720496714,0.46580267104726764,51
5,0.107,6.396754854366996,0.46574971129401016,51
5,0.108,6.399626069324235,0.4657050002779692,51
5,0.109,6.402546720493515,0.4656677177710649,51
5,0.11,6.40549964144055,0.4656416374804161,51
5,0.111,6.408467201756514,0.46562195831171277,51
5,0.112,6.411466285881854,0.4656107158572498,51
5,0.113,6.414496740292386,0.4656079521814239,51
5,0.114,6.41755840798974,0.46561370718218,51
5,0.115,6.420686118984622,0.4656338494942122,51
5,0.116,6.423845663695225,0.4656533408423607,51
5,0.117,6.4270019081169805,0.4656848916480716,51
5,0.118,6.43018875147005,0.4657250977711789,51
5,0.119,6.433406020571003,0.46577398773210904,51
5,0.12,6.436653538812926,0.4658315876894457,51
5,0.121,6.439931126171613,0.4658979214114804,51
5,0.122,6.443238599212136,0.4659730102489683,51
5,0.123,6.4465757710957785,0.46605687310912786,51
5,0.124,6.449942451587363,0.4661495264309064,51
5,0.125,6.453355942302755,0.4662507081653762,51
5,0.126,6.456799023414153,0.46635625793737223,51
5,0.127,6.460254011241266,0.4664752412962232,51
5,0.128,6.463772727561193,0.46660755021078626,51
5,0.129,6.4673034249555865,0.4667395427767924,51
5,0.13,6.470862940255488,0.4668891081468524,51
5,0.131,6.474433577526445,0.4670435333424061,51
5,0.132,6.478032155875053,0.4672067898122858,51
5,0.133,6.481675951883359,0.46737588782783196,51
5,0.134,6.485347720805094,0.46755691665415916,51
5,0.135,6.4890297541607005,0.4677465405502569,51
5,0.136,6.492738858571442,0.4679449515541024,51
5,0.137,6.496474802955876,0.46815213239770814,51
5,0.138,6.500237353030767,0.46836806314590707,51
5,0.139,6.504026271325275,0.46859272119326717,51
5,0.14,6.507841317195593,0.46882608126255093,51
5,0.141,6.511682246839996,0.46906811540471277,51
5,0.142,6.515566308554128,0.46931992007240314,51
5,0.143,6.519476229444125,0.4695761433796626,51
5,0.144,6.523394273025662,0.4698439743704541,51
5,0.145,6.527354713301938,0.47012429181031395,51
5,0.146,6.531322773421586,0.47040925011453066,51
5,0.147,6.535332721548798,0.47070128050367643,51
5,0.148,6.539349775035077,0.4710030582227391,51
5,0.149,6.543425691530135,0.47131261038778094,51
5,0.15,6.547508659851848,0.47163011079111883,51
5,0.151,6.551597958201214,0.4719567640776419,51
5,0.152,6.555727840939892,0.472295026008071,51
5,0.153,6.559863511738847,0.47263811578563664,51
5,0.154,6.564021724212251,0.4729892797927009,51
5,0.155,6.5682026553881165,0.47335192846552376,51
5,0.156,6.572388984492155,0.47371953348362134,51
5,0.157,6.576614480274783,0.4740944543196287,51
5,0.158,6.580861356148016,0.4744771810094704,51
5,0.159,6.58512931799947,0.4748676393326282,51
5,0.16,6.5894180689770625,0.47526575268622523,51
5,0.161,6.593727309513956,0.47567144211391094,51
5,0.162,6.598039702866809,0.4760831888437788,51
5,0.163,6.602389923198295,0.4765036290748933,51
5,0.164,6.606777663479371,0.4769330741784907,51
5,0.165,6.611167635516166,0.477368397651313,51
5,0.166,6.615594057341303,0.4778115762031482,51
5,0.167,6.6200050621554105,0.47826141787578336,51
5,0.168,6.624451886271973,0.4787179348460222,51
5,0.169,6.628916715716996,0.47918131728808017,51
5,0.17,6.63339922928819,0.47965146676092085,51
5,0.171,6.637899103344996,0.48012828282139164,51
5,0.172,6.642416011838857,0.48061166306484876,51
5,0.173,6.64693259185676,0.4811009664328106,51
5,0.174,6.651483030956352,0.4815971710299464,51
5,0.175,6.656049501072227,0.4820996211350875,51
5,0.176,6.660631667090531,0.48260820691807776,51
5,0.177,6.665246686881373,0.483120563479688,51
5,0.178,6.669859702789018,0.4836410297644681,51
5,0.179,6.674504903030207,0.4841646850647793,51
5,0.18,6.6791478866338885,0.4846984394092906,51
5,0.181,6.683805342849163,0.4852358988772134,51
5,0.182,6.688442855654321,0.4857771007473758,51
5,0.183,6.693164103366794,0.48632457939738827,51
5,0.184,6.6978642485904505,0.4868778861827793,51
5,0.185,6.702611999305955,0.48743463419901456,51
5,0.186,6.707337965982061,0.4879979220913243,51
5,0.187,6.712093358077561,0.4885624257031211,51
5,0.188,6.716860796168231,0.4891329297169874,51
5,0.189,6.72160540405483,0.48971225756366576,51
5,0.19,6.726395870166814,0.49029741889631206,51
5,0.191,6.731197776109174,0.4908790281562191,51
5,0.192,6.736010771315607,0.49147056332576905,51
5,0.193,6.740799513640286,0.4920587552924011,51
5,0.194,6.745615191249471,0.4926569667858989,51
5,0.195,6.750439942967737,0.4932589395339025,51
5,0.196,6.755290896588952,0.4938679504076815,51
5,0.197,6.760133165135606,0.4944771289777622,51
5,0.198,6.76496637853905,0.49508618951365574,51
5,0.199,6.76982468368195,0.49570201956381804,51
5,0.2,6.774707708042794,0.4963162951581768,51
5,0.201,6.779580559739041,0.4969380173152732,51
5,0.202,6.784459898456075,0.49756253369254505,51
5,0.203,6.789345348187004,0.498189704142898,51
5,0.204,6.794236531763895,0.4988193880932844,51
5,0.205,6.799133531654819,0.4994491089060244,51
5,0.206,6.804035968769898,0.5000834220337048,51
5,0.207,6.808925968019139,0.5007179872964211,51
5,0.208,6.813837666900384,0.5013563717080419,51
5,0.209,6.818753188666985,0.5019965586600756,51
5,0.21,6.823672150916309,0.5026384060812839,51
5,0.211,6.828594631148729,0.5032831656800291,51
5,0.212,6.83352024557538,0.5039279793649889,51
5,0.213,6.838414080190527,0.5045752521042804,51
5,0.214,6.843362281904963,0.505223831170399,51
5,0.215,6.848294957047436,0.5058719499628449,51
5,0.216,6.853228754622701,0.5065208805467398,51
5,0.217,6.858163288575675,0.5071704812707403,51
5,0.218,6.863098172326544,0.5078206107058832,51
5,0.219,6.868033018818882,0.5084711276882609,51
5,0.22,6.872950866833462,0.5091218637156191,51
5,0.221,6.87786881261498,0.5097706147219292,51
5,0.222,6.882803031099502,0.5104214570644277,51
5,0.223,6.887735639619419,0.5110721252557503,51
5,0.224,6.892632181528483,0.5117245853222083,51
5,0.225,6.897561305619328,0.5123744242663192,51
5,0.226,6.902471060187967,0.5130250006519647,51
5,0.227,6.907395576234115,0.5136736135422632,51
5,0.228,6.912316510906198,0.5143213636324186,51
5,0.229,6.917233938085325,0.5149693904932419,51
5,0.23,6.922147471204389,0.5156149839442661,51
5,0.231,6.9270737585381825,0.5162572845364173,51
5,0.232,6.931960861462691,0.5168981139797815,51
5,0.233,6.936877442422036,0.5175439767419706,51
5,0.234,6.941754529272763,0.5181847574650577,51
5,0.235,6.9466607857948555,0.518820214032394,51
5,0.236,6.951543354530977,0.5194562054563,51
5,0.237,6.95643638247102,0.520087642552977,51
5,0.238,6.961305430016841,0.5207163840144002,51
5,0.239,6.966202140886894,0.521342360940862,51
5,0.24,6.971074133018113,0.5219677673743889,51
5,0.241,6.975955568530644,0.5225939567135396,51
5,0.242,6.980794528211409,0.5232152850909967,51
5,0.243,6.985624704247959,0.523833846213054,51
5,0.244,6.9904452601593325,0.5244494614099354,51
5,0.245,6.995255821060736,0.5250620092543353,51
5,0.246,7.000056012962569,0.5256713694882414,51
5,0.247,7.004828428334906,0.5262770259600144,51
5,0.248,7.009607213463028,0.5268796841136081,51
5,0.249,7.014374502373588,0.5274787997757251,51
5,0.25,7.019147420668382,0.5280714740489331,51
5,0.251,7.023874508058684,0.5286631680999471,51
5,0.252,7.028606950607059,0.5292509628289893,51
5,0.253,7.033326888101904,0.5298262518760802,51
5,0.254,7.038033957138323,0.5304060302708912,51
5,0.255,7.042710300689559,0.5309858181865319,51
5,0.256,7.047390076700558,0.5315569296416548,51
5,0.257,7.0520558920135175,0.5321218134583768,51
5,0.258,7.056690355235412,0.5326824086302376,51
5,0.259,7.061344664092552,0.5332444064313137,51
5,0.26,7.065949417564574,0.5337979731108611,51
5,0.261,7.070573312393794,0.5343446499951436,51
5,0.262,7.0751814811634315,0.5348883625904785,51
5,0.263,7.079756092959997,0.5354262402974083,51
5,0.264,7.08428022878292,0.5359599673967962,51
5,0.265,7.088822582146694,0.536487610516654,51
5,0.266,7.093364856606771,0.5370081444387319,51
5,0.267,7.09787265634279,0.5375268094446967,51
5,0.268,7.10234564537494,0.5380388243841595,51
5,0.269,7.106818008365556,0.5385480940076204,51
5,0.27,7.11127191902974,0.5390480810936276,51
5,0.271,7.115724083213653,0.5395440506923247,51
5,0.272,7.120157151638787,0.540034767518126,51
5,0.273,7.1245022133185145,0.5405187717255916,51
5,0.274,7.128879536339106,0.5409952719049741,51
5,0.275,7.1332538119543765,0.5414679844456612,51
5,0.276,7.1376077014451225,0.541935190631056,51
5,0.277,7.14192340802926,0.5423933494473422,51
5,0.278,7.146217655729678,0.5428452030856137,51
5,0.279,7.150490136603566,0.5432906792436929,51
5,0.28,7.154740545275352,0.5437297072327161,51
5,0.281,7.158986074221859,0.5441585533459038,51
5,0.282,7.16319190527459,0.544584392167714,51
5,0.283,7.16737477578948,0.5450035786494902,51
5,0.284,7.171534391386933,0.5454160485523204,51
5,0.285,7.175687955722344,0.5458223884352487,51
5,0.286,7.179818157226404,0.5462260026881192,51
5,0.287,7.183907226730398,0.5466181173982029,51
5,0.288,7.187937847355402,0.5470020529963608,51
5,0.289,7.191961741858095,0.5473780440097302,51
5,0.29,7.195978162212731,0.5477492060314728,51
5,0.291,7.199969340612056,0.5481132509329693,51
5,0.292,7.20393500757077,0.5484701275848496,51
5,0.293,7.207892391965441,0.5488228639451551,51
5,0.294,7.211789678044118,0.5491651806655196,51
5,0.295,7.215695654134272,0.5494995365984044,51
5,0.296,7.2195410162221085,0.549828502014887,51
5,0.297,7.223325960988068,0.5501539466146311,51
5,0.298,7.227136299087163,0.5504667182722632,51
5,0.299,7.230885230865636,0.5507667956590641,51
5,0.3,7.234641551393506,0.5510647161544802,51
5,0.301,7.2383700325306055,0.5513550830079149,51
5,0.302,7.242070440047219,0.5516378611090427,51
5,0.303,7.245725508692141,0.5519171474845574,51
5,0.304,7.249352495043699,0.5521835998987366,51
5,0.305,7.25296819872206,0.5524433518576084,51
5,0.306,7.256554904839531,0.5526953915082179,51
5,0.307,7.260095362848567,0.5529350563022445,51
5,0.308,7.263606844150505,0.55317185822228,51
5,0.309,7.26714115378495,0.5533985306746614,51
5,0.31,7.270629051032136,0.5536203983781378,51
5,0.311,7.2740698864535025,0.5538335539843686,51
5,0.312,7.2774804981983925,0.5540388533782898,51
5,0.313,7.280878188942744,0.5542350709986589,51
5,0.314,7.284228712614195,0.5544217515337454,51
5,0.315,7.2875664145457995,0.5546035199402902,51
5,0.316,7.290856135656033,0.5547773238719305,51
5,0.317,7.294114734325821,0.5549431934078944,51
5,0.318,7.297359533607005,0.5551037755776042,51
5,0.319,7.30055630794414,0.5552527822488313,51
5,0.32,7.30372192808507,0.5553949148375721,51
5,0.321,7.306855773800171,0.5555290808457604,51
5,0.322,7.309975184870507,0.5556541232291486,51
5,0.323,7.313045491814368,0.5557723203658548,51
5,0.324,7.316101077273468,0.5558782291041324,51
5,0.325,7.319107280186685,0.5559803521241631,51
5,0.326,7.322080996422101,0.5560744953890481,51
5,0.327,7.325022552244555,0.5561660368673219,51
5,0.328,7.3279318175822965,0.5562442380590452,51
5,0.329,7.330791171557262,0.5563153046992991,51
5,0.33,7.333635011044376,0.5563775565506617,51
5,0.331,7.336445723809564,0.5564318577709545,51
5,0.332,7.339240692307349,0.5564742972950301,51
5,0.333,7.342002785152614,0.5565107686935923,51
5,0.334,7.344714414716856,0.5565411124497901,51
5,0.335,7.347392515962297,0.5565635445888564,51
5,0.336,7.350019959149964,0.5565818777884266,51
5,0.337,7.352631171642123,0.5565884331180991,51
5,0.338,7.355191537300362,0.5565851846821686,51
5,0.339,7.357735492341935,0.5565760863872978,51
5,0.34,7.360245463983602,0.5565591594571992,51
5,0.341,7.3627393349848465,0.556531630348286,51
5,0.342,7.3651654841470275,0.5565033648068275,51
5,0.343,7.367592434989067,0.5564670205222402,51
5,0.344,7.369951080532944,0.5564193122218437,51
5,0.345,7.372292919015249,0.5563636031757965,51
5,0.346,7.374600405222536,0.5563002089049537,51
5,0.347,7.376908484004328,0.5562344191368842,51
5,0.348,7.379148077950887,0.5561558502563242,51
5,0.349,7.381336185158638,0.5560701952644832,51
5,0.35,7.383490257440296,0.5559789134858085,51
5,0.351,7.385627290478373,0.5558775697405116,51
5,0.352,7.387729766242252,0.5557687251917801,51
5,0.353,7.389815161529695,0.5556514877654236,51
5,0.354,7.391866439422307,0.555529624632062,51
5,0.355,7.393866106865435,0.555398504224791,51
5,0.356,7.395831193485903,0.5552600255143706,51
5,0.357,7.397761698770817,0.5551142266844371,51
5,0.358,7.399657626549527,0.5549611469437786,51
5,0.359,7.401501950500476,0.5547962802789522,51
5,0.36,7.4033292014483365,0.5546288841813636,51
5,0.361,7.405121901231078,0.5544543277415382,51
5,0.362,7.406880071234082,0.5542726542220349,51
5,0.363,7.408587163406541,0.5540935558159538,51
5,0.364,7.4102952215565265,0.5539008187532338,51
5,0.365,7.4119518066722305,0.5536981710162966,51
5,0.366,7.41355741908244,0.5534832753577089,51
5,0.367,7.4151295867260005,0.5532700043136998,51
5,0.368,7.4166849208047125,0.5530467544064084,51
5,0.369,7.4182409699052165,0.5528199114016712,51
5,0.37,7.419711720962332,0.5525871260513697,51
5,0.371,7.421166284311289,0.5523404149422255,51
5,0.372,7.4226047269397935,0.5520927209351231,51
5,0.373,7.4239921414457655,0.5518360662255124,51
5,0.374,7.425363133383969,0.551571530073979,51
5,0.375,7.4266832646487275,0.5513018632383698,51
5,0.376,7.427987149307387,0.5510259514696081,51
5,0.377,7.429257852973985,0.5507459713878234,51
5,0.378,7.430460950371627,0.5504595793447883,51
5,0.379,7.4316310569496435,0.5501623248969137,51
5,0.38,7.432785297223792,0.5498613224056463,51
5,0.381,7.43390628165836,0.5495542105193396,51
5,0.382,7.43497708545872,0.5492386849599827,51
5,0.383,7.436015306124509,0.5489220319078006,51
5,0.384,7.4370380846037545,0.5485969602859218,51
5,0.385,7.437993978710639,0.5482590306518644,51
5,0.386,7.438952151010316,0.5479224975293426,51
5,0.387,7.439877741301857,0.5475802247520232,51
5,0.388,7.440770883676115,0.547232277505161,51
5,0.389,7.441631716007964,0.5468787216589175,51
5,0.39,7.4424953704070465,0.5465124519531289,51
5,0.391,7.4433279465825395,0.5461503471537645,51
5,0.392,7.444112122218018,0.5457821117611539,51
5,0.393,7.444865558033009,0.5453990052323373,51
5,0.394,7.445570928461907,0.5450183640368276,51
5,0.395,7.446262464657413,0.5446332366472149,51
5,0.396,7.446871745362905,0.5442473640523598,51
5,0.397,7.4474679768599685,0.5438535693030943,51
5,0.398,7.448033826197094,0.5434562903911434,51
5,0.399,7.44858649390661,0.54305006816139,51
5,0.4,7.449108665907634,0.5426390042415823,51
5,0.401,7.449635978005789,0.542217231633575,51
5,0.402,7.4501170775333465,0.5417974773897616,51
5,0.403,7.4505512470206385,0.5413723585701996,51
5,0.404,7.450956177667623,0.5409406172241842,51
5,0.405,7.451315034498234,0.5405035442018008,51
5,0.406,7.451662078113514,0.5400649692049736,51
5,0.407,7.451962985279285,0.5396214191518974,51
5,0.408,7.452252483981031,0.5391742852855292,51
5,0.409,7.452496257532058,0.5387223585439891,51
5,0.41,7.452729040379933,0.5382669801573822,51
5,0.411,7.452951051940495,0.5378048175585332,51
5,0.412,7.453145491796402,0.5373422378888346,51
5,0.413,7.453295562750864,0.5368711223647982,51
5,0.414,7.4533844593937735,0.5363967835224123,51
5,0.415,7.453480989850202,0.5359221819007088,51
5,0.416,7.453550399212588,0.5354439578144746,51
5,0.417,7.453610421069646,0.5349614193889608,51
5,0.418,7.453626778440164,0.5344761712450997,51
5,0.419,7.453617210606488,0.5339860461001082,51
5,0.42,7.453599459766835,0.5334968535935094,51
5,0.421,7.45355675292699,0.533008232003698,51
5,0.422,7.453471859437329,0.532510248860953,51
5,0.423,7.4533616090154595,0.5320092224281475,51
5,0.424,7.453226260121685,0.5315052360906397,51
5,0.425,7.453066073646764,0.5309983735579706,51
5,0.426,7.452881312864773,0.5304887188537719,51
5,0.427,7.452689738625328,0.5299749580924266,51
5,0.428,7.452440066275834,0.5294612952492761,51
5,0.429,7.452184119042395,0.528943694451158,51
5,0.43,7.451904674551844,0.5284236390496527,51
5,0.431,7.451584973325313,0.5278971852479103,51
5,0.432,7.451242776305907,0.5273704779248787,51
5,0.433,7.450912881227518,0.5268429484032316,51
5,0.434,7.450561051679374,0.5263153295527045,51
5,0.435,7.450170087941222,0.5257844410035477,51
5,0.436,7.449757310514258,0.5252516094802275,51
5,0.437,7.449323007253444,0.5247169217959943,51
5,0.438,7.44888496304334,0.5241812177095515,51
5,0.439,7.44840941195675,0.5236383015659615,51
5,0.44,7.447896647602589,0.5231007600037989,51
5,0.441,7.4473814838267325,0.5225639291031038,51
5,0.442,7.446846723021959,0.5220212400654564,51
5,0.443,7.446309699105624,0.5214732179731617,51
5,0.444,7.44573619492362,0.5209278485006141,51
5,0.445,7.445161042810354,0.5203844027288003,51
5,0.446,7.444532994202389,0.5198412560153494,51
5,0.447,7.443921402741911,0.5192923257888216,51
5,0.448,7.443274562251946,0.5187428180532102,51
5,0.449,7.442609815838391,0.5181925095544992,51
5,0.45,7.441927473293046,0.5176414885365347,51
5,0.451,7.441227845527465,0.5170898432916059,51
5,0.452,7.440563730238903,0.5165308098755473,51
5,0.453,7.43981485174173,0.5159757334688203,51
5,0.454,7.439067146593637,0.5154226254834607,51
5,0.455,7.438303435504739,0.5148692385092056,51
5,0.456,7.43752403528797,0.5143156608722528,51
5,0.457,7.436729263565534,0.5137619808766187,51
5,0.458,7.435919438715072,0.51320828679301,51
5,0.459,7.435112375055543,0.5126552819714735,51
5,0.46,7.43427387425061,0.5121018578172167,51
5,0.461,7.4333872224056075,0.5115518003307625,51
5,0.462,7.43252177731754,0.5109988964733245,51
5,0.463,7.431660365897515,0.5104503034450443,51
5,0.464,7.430752218924982,0.509897993590336,51
5,0.465,7.429849212704921,0.5093468979787144,51
5,0.466,7.4289337155848605,0.5087964988633233,51
5,0.467,7.428006052169635,0.5082468838867263,51
5,0.468,7.427066547275352,0.5076981405506726,51
5,0.469,7.426133021115662,0.5071463860255049,51
5,0.47,7.425171280705634,0.5065995461530337,51
5,0.471,7.424216181173396,0.5060565746877485,51
5,0.472,7.423233529860177,0.5055121624502842,51
5,0.473,7.422258182119278,0.5049677980023902,51
5,0.474,7.4212564061690145,0.5044273467711567,51
5,0.475,7.420263057653357,0.503887760333235,51
5,0.476,7.419260978982366,0.5033470791562888,51
5,0.477,7.418233473340756,0.502801953133981,51
5,0.478,7.417197901465592,0.5022665383061043,51
5,0.479,7.416154128777399,0.5017329375460508,51
5,0.48,7.415102941806769,0.5012057430071617,51
5,0.481,7.4140446661514705,0.5006760806238827,51
5,0.482,7.4129791664250595,0.5001484879361733,51
5,0.483,7.411889732957195,0.4996219962367513,51
5,0.484,7.410828703533835,0.4990974436873634,51
5,0.485,7.409727354191497,0.49857856174456855,51
5,0.486,7.408655056378514,0.49806245674353194,51
5,0.487,7.407560119693174,0.4975464554925351,51
5,0.488,7.406426292767281,0.497037050895859,51
5,0.489,7.405322934042196,0.49652640463074094,51
5,0.49,7.404215374708958,0.49601816910840657,51
5,0.491,7.403121430984567,0.49550986159549537,51
5,0.492,7.402006905041364,0.4950028479025962,51
5,0.493,7.400889611836967,0.4945022859294242,51
5,0.494,7.399804400251018,0.494005532676641,51
5,0.495,7.398699586918362,0.49351186039153283,51
5,0.496,7.397558005889086,0.4930197288728387,51
5,0.497,7.396449021890671,0.49252899611938916,51
5,0.498,7.395320937284532,0.4920457437736923,51
5,0.499,7.394191101175586,0.4915659276544141,51
5,0.5,7.393059826823337,0.4910896248294329,51
5,0.501,7.391927426084238,0.4906169118564237,51
5,0.502,7.390794209367244,0.490147864772703,51
5,0.503,7.389677980829496,0.48968700263667253,51
5,0.504,7.388562025029735,0.4892291979569765,51
5,0.505,7.387412129980428,0.48877263455715036,51
5,0.506,7.386280153230088,0.4883192072680829,51
5,0.507,7.385148902878633,0.4878698243513395,51
5,0.508,7.384036175804868,0.4874274975435619,51
5,0.509,7.382890719355226,0.48699020034264134,51
5,0.51,7.381764384731787,0.4865533586367526,51
5,0.511,7.380639973522189,0.4861208531796316,51
5,0.512,7.379517780689026,0.48569275433758113,51
5,0.513,7.378398099290078,0.48526913185276155,51
5,0.514,7.377264185951616,0.4848532496403266,51
5,0.515,7.3761688041257605,0.48444006609379325,51
5,0.516,7.375095218624961,0.4840322870533967,51
5,0.517,7.373991253166578,0.4836271800086706,51
5,0.518,7.372891261280779,0.48322689201513,51
5,0.519,7.371795525400084,0.4828314888724207,51
5,0.52,7.370704325797205,0.48244103569347496,51
5,0.521,7.369601366814615,0.4820497334467967,51
5,0.522,7.368504408407297,0.48167001402786114,51
5,0.523,7.367430287286565,0.48129477691413414,51
5,0.524,7.3663792757815205,0.48092761545958307,51
5,0.525,7.365300091325651,0.4805647368462578,51
5,0.526,7.364244554613045,0.48020530162886904,51
5,0.527,7.363195436136393,0.47985125170858445,51
5,0.528,7.362153459937242,0.47950499007274616,51
5,0.529,7.361118887095879,0.47916183572697035,51
5,0.53,7.360057446725929,0.4788187306212301,51
5,0.531,7.359038892543115,0.47849249908367,51
5,0.532,7.358063479073117,0.4781629931731897,51
5,0.533,7.357044927135152,0.4778433165033861,51
5,0.534,7.356052074126909,0.477528609936807,51
5,0.535,7.35508516775041,0.4772228657414275,51
5,0.536,7.354109934958889,0.4769199788212709,51
5,0.537,7.353126618328247,0.4766203601195229,51
5,0.538,7.352169976030745,0.47632948266314806,51
5,0.539,7.351205715683986,0.47604427616202005,51
5,0.54,7.35028608541216,0.47576464183576084,51
5,0.541,7.349359303913704,0.47549203787493055,51
5,0.542,7.348442635105156,0.47522562439361593,51
5,0.543,7.347553800793643,0.47497010907200515,51
5,0.544,7.346676001838259,0.47471838465403055,51
5,0.545,7.345791975710325,0.4744710073865215,51
5,0.546,7.344918975292846,0.4742300082488704,51
5,0.547,7.3440572160424065,0.4739954308812091,51
5,0.548,7.343189875968479,0.4737708619904021,51
5,0.549,7.342369178157083,0.4735473939684619,51
5,0.55,7.34154331608331,0.4733321859252153,51
5,0.551,7.340712493773087,0.4731266147733711,51
5,0.552,7.3398943960578125,0.47292428533017916,51
5,0.553,7.339106244222429,0.4727288820282087,51
5,0.554,7.33833073840556,0.47254018275775506,51
5,0.555,7.337585566125476,0.4723576225797747,51
5,0.556,7.336836398481573,0.47218244632288076,51
5,0.557,7.336100917016765,0.4720173669882471,51
5,0.558,7.335379305159913,0.47185588049566823,51
5,0.559,7.334688777938437,0.47170522188805974,51
5,0.56,7.333977960173431,0.4715584019865206,51
5,0.561,7.333281544656002,0.4714192625252681,51
5,0.562,7.332616726009476,0.4712855103993478,51
5,0.563,7.331966177581989,0.4711587591936171,51
5,0.564,7.33133006473794,0.47103903610731557,51
5,0.565,7.33072604484719,0.47092591682616597,51
5,0.566,7.33013725397197,0.47082601569040283,51
5,0.567,7.329529329952658,0.47072801966587546,51
5,0.568,7.328953978523951,0.4706368149059767,51
5,0.569,7.328393854364199,0.47055276607825297,51
5,0.57,7.327849104117223,0.47047589427378594,51
5,0.571,7.327319871145075,0.4704062195263695,51
5,0.572,7.326806295521127,0.47034376080571166,51
5,0.573,7.326291479536519,0.4702893287626103,51
5,0.574,7.325810535750958,0.47024214432934586,51
5,0.575,7.3253810901031375,0.4701947208247554,51
5,0.576,7.324933773363425,0.47016129380170774,51
5,0.577,7.324502779379177,0.4701351574976835,51
5,0.578,7.324088229710597,0.4701163243470522,51
5,0.579,7.323690242602111,0.4701048056720783,51
5,0.58,7.3233439234595705,0.4701045198220479,51
5,0.581,7.322980347763105,0.47010776171216206,51
5,0.582,7.322633693316318,0.4701183476861695,51
5,0.583,7.32232156087729,0.470141086539643,51
5,0.584,7.322009534589976,0.4701665131346482,51
5,0.585,7.321714748109728,0.47019930430864065,51
5,0.586,7.3214372973000605,0.4702394635413877,51
5,0.587,7.321177274721045,0.4702869931507485,51
5,0.588,7.320900700656769,0.4703452834003378,51
5,0.589,7.3206766977255855,0.4704074537418612,51
5,0.59,7.3204878538721525,0.47047894072921337,51
5,0.591,7.320299730913361,0.4705558896926062,51
5,0.592,7.320146935427624,0.47064303464186125,51
5,0.593,7.319977988425425,0.4707346746437603,51
5,0.594,7.319844513270574,0.4708337936291978,51
5,0.595,7.319746577496101,0.47094008046967833,51
5,0.596,7.3196672225370545,0.47105187993464326,51
5,0.597,7.319589026079698,0.47117296947644416,51
5,0.598,7.319529541642301,0.4713069358212996,51
5,0.599,7.319488824527022,0.47144266323817896,51
5,0.6,7.319466466314923,0.47158568824178915,51
5,0.601,7.319462516112953,0.47173599618423595,51
5,0.602,7.319442950835817,0.47189674846452456,51
5,0.603,7.319476849823243,0.4720614705213779,51
5,0.604,7.319512228112046,0.47222870136453243,51
5,0.605,7.319601136075406,0.47240545473451007,51
5,0.606,7.319709089525852,0.47259113977282313,51
5,0.607,7.319818635851688,0.4727847413112542,51
5,0.608,7.319947298362741,0.4729866129596116,51
5,0.609,7.3200951022469525,0.4731943895580999,51
5,0.61,7.3202791043098845,0.4734108469070049,51
5,0.611,7.320464805683699,0.4736328094823914,51
5,0.612,7.32066925721318,0.47386181097303803,51
5,0.613,7.320892472165553,0.4740978214687015,51
5,0.614,7.321117426244659,0.4743414705586689,51
5,0.615,7.3213961401493455,0.47458799123246126,51
5,0.616,7.3216941001603235,0.4748427387441314,51
5,0.617,7.3219938242808045,0.47510632483923926,51
5,0.618,7.322278276859454,0.47537801483682507,51
5,0.619,7.3226339856375455,0.4756552280652818,51
5,0.62,7.32299143545955,0.47593919360405634,51
5,0.621,7.323385607493173,0.47622692868126504,51
5,0.622,7.323799466921744,0.47652268026019384,51
5,0.623,7.324232550271704,0.4768245891769109,51
5,0.624,7.324650322461063,0.47713693581446764,51
5,0.625,7.3251218119177075,0.4774539709688995,51
5,0.626,7.325612478353614,0.4777790343142739,51
5,0.627,7.326104813396797,0.4781090922153484,51
5,0.628,7.326615824192656,0.4784455503364149,51
5,0.629,7.327162975847149,0.4787913662467201,51
5,0.63,7.3277117173918285,0.47914055807964895,51
5,0.631,7.328279047929924,0.4794959961921547,51
5,0.632,7.328865390106123,0.4798667692383701,51
5,0.633,7.329453668889356,0.48023504973435316,51
5,0.634,7.33007789889854,0.4806091025976504,51
5,0.635,7.330773486010103,0.480991934617091,51
5,0.636,7.33140275932963,0.4813791637374465,51
5,0.637,7.332068314471612,0.48176973365321213,51
5,0.638,7.3327525934757505,0.48217176968959746,51
5,0.639,7.333455531316326,0.4825721855516878,51
5,0.64,7.334194095168038,0.4829813710849859,51
5,0.641,7.334950731607935,0.483396208347666,51
5,0.642,7.335708345455705,0.4838186758378074,51
5,0.643,7.336501391862708,0.4842445504556154,51
5,0.644,7.33731231021174,0.4846758738141507,51
5,0.645,7.338158527924712,0.4851113877038371,51
5,0.646,7.339022951945454,0.48555079811968416,51
5,0.647,7.339870991860858,0.48599967472769545,51
5,0.648,7.340754126052004,0.4864519333996444,51
5,0.649,7.341654782778125,0.48690927391735467,51
5,0.65,7.34260787371226,0.4873761705832633,51
5,0.651,7.343561776882469,0.48784336593390815,51
5,0.652,7.344515960406402,0.48831562008448365,51
5,0.653,7.345504869275241,0.4887966732534816,51
5,0.654,7.346493898508425,0.489278496897282,51
5,0.655,7.347499993793281,0.48976493175835895,51
5,0.656,7.348540559448207,0.49025344093841755,51
5,0.657,7.349563949907534,0.4907511700837153,51
5,0.658,7.3506391184182505,0.4912490577147485,51
5,0.659,7.351731450335717,0.49175211195369417,51
5,0.66,7.352840859003854,0.49225771814570507,51
5,0.661,7.353967256061923,0.4927665822500261,51
5,0.662,7.35509305623861,0.49328257870313175,51
5,0.663,7.356235190688874,0.49380248694912016,51
5,0.664,7.357393554205635,0.49432621563382334,51
5,0.665,7.358551005248388,0.49485363778865776,51
5,0.666,7.359741953275894,0.4953847266167796,51
5,0.667,7.360931758162517,0.4959189230245023,51
5,0.668,7.362137791586536,0.4964601160783147,51
5,0.669,7.363377423750652,0.49700256281653316,51
5,0.67,7.364616010102613,0.4975502747942742,51
5,0.671,7.365870457484041,0.4980978941317888,51
5,0.672,7.367157671337267,0.49864851428276274,51
5,0.673,7.368477532639195,0.4992060752398554,51
5,0.674,7.369778368203772,0.49976367794793863,51
5,0.675,7.371112069653575,0.5003273989464578,51
5,0.676,7.372478514021266,0.5008881840847523,51
5,0.677,7.373895083985777,0.5014552332980597,51
5,0.678,7.375275134398245,0.5020222412105765,51
5,0.679,7.376669642630996,0.502591607387051,51
5,0.68,7.378078481182575,0.503163227938987,51
5,0.681,7.379484486681929,0.5037334817394148,51
5,0.682,7.380922047222276,0.5043093915347754,51
5,0.683,7.382373997018336,0.5048811577268442,51
5,0.684,7.3838402037401325,0.5054609371517904,51
5,0.685,7.385320073302996,0.5060424375439115,51
5,0.686,7.38681347113594,0.5066255519708691,51
5,0.687,7.388320261458707,0.5072101730588919,51
5,0.688,7.389840307311353,0.507796193018784,51
5,0.689,7.391373470583744,0.5083835036721779,51
5,0.69,7.392902577557776,0.508971145351445,51
5,0.691,7.394444971753502,0.5095621531832741,51
5,0.692,7.396017535137047,0.5101526577632092,51
5,0.693,7.397602630567064,0.5107440179691118,51
5,0.694,7.399183080639415,0.5113395658616259,51
5,0.695,7.400810755020057,0.5119313648021151,51
5,0.696,7.402450991045738,0.5125235693793725,51
5,0.697,7.4040866206306255,0.5131196878292744,51
5,0.698,7.405717498150636,0.5137152923675766,51
5,0.699,7.407395490951648,0.5143088632226852,51
5,0.7,7.409103429676952,0.5149058132335346,51
5,0.701,7.4107887051258095,0.5154996389853869,51
5,0.702,7.412502734467179,0.5160900336086404,51
5,0.703,7.414210851852063,0.5166833910475026,51
5,0.704,7.415929943541427,0.5172763901066956,51
5,0.705,7.417642826143274,0.5178668403734143,51
5,0.706,7.419383868431815,0.5184588406035836,51
5,0.707,7.421152920489866,0.5190539723694241,51
5,0.708,7.42295030421614,0.5196410241444657,51
5,0.709,7.424723867152981,0.5202306319306942,51
5,0.71,7.426525022700082,0.5208174907147161,51
5,0.711,7.4283191014782535,0.5214048898803901,51
5,0.712,7.430140481695841,0.5219899274035086,51
5,0.713,7.431954493328985,0.5225747151069653,51
5,0.714,7.433795514000508,0.5231568451563446,51
5,0.715,7.435628873159768,0.523738587265037,51
5,0.716,7.437471452721323,0.5243186495366835,51
5,0.717,7.439323560539632,0.5249027712295259,51
5,0.718,7.441185043683397,0.5254792012689842,51
5,0.719,7.4430552884611645,0.5260536314942121,51
5,0.72,7.444951636925155,0.5266237438376186,51
5,0.721,7.446856912840942,0.5271937935547736,51
5,0.722,7.448753479295012,0.5277615086557795,51
5,0.723,7.450658217540728,0.528326798228533,51
5,0.724,7.45255393971878,0.5288848859105785,51
5,0.725,7.454492505912325,0.5294442395784326,51
5,0.726,7.4564217495030345,0.5300017282401891,51
5,0.727,7.458358551862676,0.5305563739436638,51
5,0.728,7.460337750312353,0.5311058059970399,51
5,0.729,7.462290155547544,0.531654384206843,51
5,0.73,7.464249683911559,0.5321998140892746,51
5,0.731,7.466216182810163,0.5327419960636518,51
5,0.732,7.468189499708222,0.5332808313519816,51
5,0.733,7.470152447664588,0.5338078838571799,51
5,0.734,7.4721223581706795,0.53434072105876,51
5,0.735,7.474116563103325,0.5348678801170473,51
5,0.736,7.476117415924683,0.5353924708137809,51
5,0.737,7.478124305005993,0.535913230710762,51
5,0.738,7.480120045159941,0.5364331946173829,51
5,0.739,7.482139004212359,0.5369459280176774,51
5,0.74,7.4841810321368145,0.5374556393217025,51
5,0.741,7.48619442658722,0.5379618676839978,51
5,0.742,7.48823059110672,0.5384619892470716,51
5,0.743,7.490271881717555,0.538957737515221,51
5,0.744,7.4923181499696305,0.5394490252107296,51
5,0.745,7.494369247719155,0.5399357661671688,51
5,0.746,7.496425027146709,0.5404178753507034,51
5,0.747,7.498502836014744,0.540896538556739,51
5,0.748,7.5005855043820775,0.5413653032985938,51
5,0.749,7.502655402203532,0.5418329518395215,51
5,0.75,7.5047294181678295,0.5422956385162824,51
5,0.751,7.506807406897062,0.5427532842215195,51
5,0.752,7.508872188962616,0.5432095979774954,51
5,0.753,7.510975633444569,0.5436561046132502,51
5,0.754,7.513065583279006,0.5440980598671273,51
5,0.755,7.51517642518061,0.5445343074269374,51
5,0.756,7.517273498570779,0.5449655151863969,51
5,0.757,7.519374156956889,0.5453946470386969,51
5,0.758,7.521478259403544,0.5458147964214847,51
5,0.759,7.523568170546111,0.5462291582156141,51
5,0.76,7.525678269146573,0.5466380032693928,51
5,0.761,7.527790921228461,0.5470410942820398,51
5,0.762,7.529888954144854,0.5474360555987673,51
5,0.763,7.531989714167554,0.5478271860528557,51
5,0.764,7.534110087677593,0.5482126756792212,51
5,0.765,7.536232443594012,0.5485921621977397,51
5,0.766,7.538339612200571,0.5489649383752805,51
5,0.767,7.540465977220615,0.5493322547807188,51
5,0.768,7.542576875214947,0.5496929555970709,51
5,0.769,7.544706691438357,0.5500478567410928,51
5,0.77,7.546890284203514,0.5503920401447159,51
5,0.771,7.549023967804907,0.5507341952825971,51
5,0.772,7.551141681176587,0.551067381983267,51
5,0.773,7.553277813292723,0.5513967954377846,51
5,0.774,7.555415201264684,0.5517227536248541,51
5,0.775,7.557536683165791,0.5520415694585051,51
5,0.776,7.5596761901030884,0.5523514055188644,51
5,0.777,7.561816101337949,0.5526546346779133,51
5,0.778,7.563939257595782,0.5529525690798104,51
5,0.779,7.566080053136737,0.5532424400682163,51
5,0.78,7.568220869636562,0.5535255888915424,51
5,0.781,7.570361584734954,0.5538019802724925,51
5,0.782,7.572502076801079,0.5540715805502431,51
5,0.783,7.57464222493847,0.5543343576852132,51
5,0.784,7.576782369742202,0.5545886250057249,51
5,0.785,7.578922392064355,0.554837597492674,51
5,0.786,7.581044678530645,0.5550771228910407,51
5,0.787,7.58320112532627,0.5553154806991953,51
5,0.788,7.585340063531108,0.5555431850155937,51
5,0.789,7.587478412551767,0.5557644724291683,51
5,0.79,7.589598563093113,0.555980300090109,51
5,0.791,7.591734920190201,0.556187512940394,51
5,0.792,7.593887371571978,0.5563882736615223,51
5,0.793,7.596021287662762,0.5565814053568423,51
5,0.794,7.5981365579816815,0.5567699099648704,51
5,0.795,7.6002505566563014,0.5569487685225653,51
5,0.796,7.602380198088944,0.557120601528821,51
5,0.797,7.604507879374156,0.5572853369360026,51
5,0.798,7.606633493601271,0.5574429672381153,51
5,0.799,7.6087399001268565,0.5575939050775257,51
5,0.8,7.610879007117524,0.5577368265741823,51
5,0.801,7.612998696880714,0.5578731062364192,51
5,0.802,7.615116361283601,0.5580026800627573,51
5,0.803,7.6172318979687095,0.5581247723593503,51
5,0.804,7.619344744838793,0.5582397485246154,51
5,0.805,7.621454801292903,0.5583476125128719,51
5,0.806,7.623579923463284,0.5584474612185651,51
5,0.807,7.6256854944309245,0.5585412451512152,51
5,0.808,7.6277539213730545,0.558629856862674,51
5,0.809,7.62985414410206,0.5587094201734945,51
5,0.81,7.631951076545452,0.5587819143940495,51
5,0.811,7.634044623826877,0.558847353067803,51
5,0.812,7.636187177501356,0.558912334024967,51
5,0.813,7.638275550675221,0.558960743022733,51
5,0.814,7.640344181403759,0.5590017470563624,51
5,0.815,7.6424445320791925,0.5590420661872134,51
5,0.816,7.6445419954500125,0.5590657016007563,51
5,0.817,7.6466189999881635,0.559089185463827,51
5,0.818,7.6486920327122805,0.5591057481641338,51
5,0.819,7.650761007603685,0.5591154155256415,51
5,0.82,7.6527917703605715,0.5591179746490097,51
5,0.821,7.6548537337524065,0.5591133168743498,51
5,0.822,7.656911824124301,0.5591023778846238,51
5,0.823,7.658982993715406,0.559083270098421,51
5,0.824,7.661050138108256,0.5590561211481025,51
5,0.825,7.663078658564562,0.5590242515693477,51
5,0.826,7.665102993656082,0.5589833807017309,51
5,0.827,7.667140087619073,0.5589388515429997,51
5,0.828,7.669172367251157,0.5588877185140535,51
5,0.829,7.671182720719155,0.5588310457796993,51
5,0.83,7.673223084855016,0.5587679218861441,51
5,0.831,7.675224335992499,0.558698956068853,51
5,0.832,7.677255447170409,0.5586239903989386,51
5,0.833,7.679264791664955,0.5585451799581262,51
5,0.834,7.681269330897404,0.5584555455871502,51
5,0.835,7.683268531881393,0.5583596223051344,51
5,0.836,7.685262322939666,0.5582574596118677,51
5,0.837,7.687250632942166,0.5581491082770982,51
5,0.838,7.689233391296607,0.5580346203256478,51
5,0.839,7.691210988691472,0.5579167844498992,51
5,0.84,7.693200851087362,0.5577901512659591,51
5,0.841,7.695167931164415,0.5576577789891739,51
5,0.842,7.697129195676107,0.5575194942476287,51
5,0.843,7.699084577382377,0.5573753552430565,51
5,0.844,7.701051504766209,0.5572243728981872,51
5,0.845,7.7029953934804665,0.5570686592656693,51
5,0.846,7.704933212462484,0.5569072712520535,51
5,0.847,7.706864896619231,0.5567402715725122,51
5,0.848,7.708790381303493,0.5565677240413982,51
5,0.849,7.710692567815605,0.5563906010916432,51
5,0.85,7.712605910696197,0.5562071185062127,51
5,0.851,7.7144958171024145,0.556016009439539,51
5,0.852,7.716396742643086,0.5558219622273756,51
5,0.853,7.718291130002085,0.555622701608832,51
5,0.854,7.720178917469306,0.5554182976429941,51
5,0.855,7.722060043689081,0.5552088213696794,51
5,0.856,7.723934447648302,0.5549943447920818,51
5,0.857,7.725802068664414,0.554774940859336,51
5,0.858,7.727662846373304,0.5545506834490062,51
5,0.859,7.729516720717084,0.5543216473495027,51
5,0.86,7.73136363193177,0.5540879082424366,51
5,0.861,7.7332035205348895,0.5538495426849107,51
5,0.862,7.735036327312969,0.553606628091757,51
5,0.863,7.736861993308964,0.553359242717722,51
5,0.864,7.738680459809608,0.5531074656396069,51
5,0.865,7.740457599358409,0.5528463434547431,51
5,0.866,7.742262390350912,0.5525861524345048,51
5,0.867,7.74405978477142,0.5523218085140374,51
5,0.868,7.74583269077837,0.5520521203563411,51
5,0.869,7.747598535028835,0.5517804832224239,51
5,0.87,7.749374283844547,0.5515041949663535,51
5,0.871,7.751125351129397,0.5512253226629751,51
5,0.872,7.752886198963585,0.5509414546979257,51
5,0.873,7.754622241738739,0.5506561561381638,51
5,0.874,7.7563679419919085,0.5503650199222677,51
5,0.875,7.758088714540738,0.5500735206954872,51
5,0.876,7.759819022317508,0.5497754461998084,51
5,0.877,7.761541314991516,0.5494740751540083,51
5,0.878,7.763238503012028,0.5491680606773819,51
5,0.879,7.7649450496599774,0.5488603944323305,51
5,0.88,7.766643404910225,0.5485496987752764,51
5,0.881,7.768333513961747,0.5482360640069485,51
5,0.882,7.770015321985413,0.5479195809245486,51
5,0.883,7.771688774111574,0.5476003408036761,51
5,0.884,7.773336780930542,0.5472733297008859,51
5,0.885,7.774976771297106,0.5469486667465531,51
5,0.886,7.776625713496983,0.5466218788876257,51
5,0.887,7.778266057652007,0.54629269853645,51
5,0.888,7.779897749010818,0.5459612192182806,51
5,0.889,7.78150369820987,0.5456245058868565,51
5,0.89,7.7831013340782915,0.5452877646275426,51
5,0.891,7.784707624804722,0.5449500624646312,51
5,0.892,7.786305020342866,0.5446104363752939,51
5,0.893,7.787859396728334,0.5442702480614741,51
5,0.894,7.789439735435244,0.5439270056675699,51
5,0.895,7.791010991114209,0.5435821275159312,51
5,0.896,7.792573108666225,0.5432357095763374,51
5,0.897,7.79410899826465,0.5428907080858241,51
5,0.898,7.795653122648018,0.5425414270454657,51
5,0.899,7.7971708964965485,0.5421941412118666,51
5,0.9,7.798679747780665,0.541845249770851,51
5,0.901,7.800179609201955,0.541492776872919,51
5,0.902,7.801670413416717,0.541137317487533,51
5,0.903,7.803152093019868,0.5407823131079478,51
5,0.904,7.804624580529034,0.5404241274062108,51
5,0.905,7.806104842855946,0.5400680907378541,51
5,0.906,7.807575328473994,0.5397114863135912,51
5,0.907,7.809035980711171,0.5393544115218813,51
5,0.908,7.810486742500502,0.5389969637808577,51
5,0.909,7.811927556370343,0.5386392405204765,51
5,0.91,7.8133242954605215,0.5382841569682808,51
5,0.911,7.814745938120853,0.5379261092511898,51
5,0.912,7.816140401164158,0.5375665568997012,51
5,0.913,7.817542144246362,0.5372086938173892,51
5,0.914,7.818933613252608,0.5368510415688811,51
5,0.915,7.820314748831016,0.5364936973052066,51
5,0.916,7.821634387682691,0.5361346664386706,51
5,0.917,7.822996024465134,0.5357782977050136,51
5,0.918,7.824347113408015,0.5354225255517869,51
5,0.919,7.825687593932823,0.5350674466230935,51
5,0.92,7.827017404925338,0.5347131573750358,51
5,0.921,7.828336484727652,0.5343597540576569,51
5,0.922,7.829644771130265,0.5340073326968376,51
5,0.923,7.83092516687715,0.5336560890573089,51
5,0.924,7.8321950924749455,0.5333063180103093,51
5,0.925,7.833454472877012,0.5329557876239392,51
5,0.926,7.834720267197453,0.5326082725126706,51
5,0.927,7.835957881394349,0.5322603497295259,51
5,0.928,7.837201768869566,0.5319158924763339,51
5,0.929,7.838400300122539,0.531566651281804,51
5,0.93,7.839622445894218,0.5312257754419507,51
5,0.931,7.840816115183056,0.5308811998026314,51
5,0.932,7.842015759627927,0.5305442126504225,51
5,0.933,7.843203816897047,0.5302092334690554,51
5,0.934,7.844380219224543,0.5298763544117516,51
5,0.935,7.8455448981646825,0.5295456671624802,51
5,0.936,7.846697784586018,0.5292172629172298,51
5,0.937,7.847838808665604,0.5288912323652191,51
5,0.938,7.848950865396187,0.5285699590183117,51
5,0.939,7.850034332910351,0.5282499662540774,51
5,0.94,7.851123646470716,0.5279300438883804,51
5,0.941,7.852218262060819,0.5276143299569505,51
5,0.942,7.85328357761313,0.5273037318708882,51
5,0.943,7.854354038371211,0.5269936957296216,51
5,0.944,7.855412075519925,0.5266866556604499,51
5,0.945,7.856457614723446,0.5263826975361657,51
5,0.946,7.857490580880931,0.5260819065523021,51
5,0.947,7.858510898122085,0.5257843672077145,51
5,0.948,7.859501455315652,0.5254902989229121,51
5,0.949,7.860462624394877,0.525200974507181,51
5,0.95,7.861445868836108,0.5249136252478598,51
5,0.951,7.862399085459794,0.5246349494809665,51
5,0.952,7.863356713576118,0.5243547185878444,51
5,0.953,7.864301178376448,0.5240782357881117,51
5,0.954,7.86523239947237,0.5238055800305654,51
5,0.955,7.866150295652385,0.5235368294128082,51
5,0.956,7.8670547848784596,0.5232720611614169,51
5,0.957,7.867945784282636,0.5230113516120909,51
5,0.958,7.868823210163689,0.5227547761897828,51
5,0.959,7.869669943496709,0.5225051237390944,51
5,0.96,7.870520417233889,0.52225695764475,51
5,0.961,7.871340015688979,0.5220122520198192,51
5,0.962,7.872163170380878,0.5217728785160867,51
5,0.963,7.872972298665606,0.5215380043214125,51
5,0.964,7.87376731227605,0.5213076989096038,51
5,0.965,7.874548122079335,0.5210820307062572,51
5,0.966,7.875314638074025,0.520861067068947,51
5,0.967,7.8760497349002465,0.5206431218706997,51
5,0.968,7.876787839140972,0.5204318063508692,51
5,0.969,7.877511363194125,0.5202253901312063,51
5,0.97,7.878220213812602,0.5200239361051111,51
5,0.971,7.8789142968619315,0.5198275059999885,51
5,0.972,7.879576482830601,0.519635241009072,51
5,0.973,7.880241194131578,0.5194490781721194,51
5,0.974,7.880890838974607,0.5192681158718442,51
5,0.975,7.881525319906437,0.5190924110192021,51
5,0.976,7.882127504081516,0.5189200152965815,51
5,0.977,7.882731810563651,0.5187550592483797,51
5,0.978,7.883320644198446,0.5185955216605316,51
5,0.979,7.88387686966653,0.5184396520854584,51
5,0.98,7.884434903545521,0.5182911499577503,51
5,0.981,7.8849601136954295,0.5181462016167696,51
5,0.982,7.885486915103136,0.5180089348084017,51
5,0.983,7.885997708515212,0.5178773299760383,51
5,0.984,7.886475354491325,0.5177490752605419,51
5,0.985,7.886937230979226,0.5176270628849842,51
5,0.986,7.887383220004336,0.517510735044987,51
5,0.987,7.8878302373891485,0.5174023958962806,51
5,0.988,7.888243645441741,0.5173051001424389,51
5,0.989,7.888657853560741,0.5172083981310995,51
5,0.99,7.889055256868416,0.5171176405655922,51
5,0.991,7.889418710264339,0.5170284719922196,51
5,0.992,7.8897826204877495,0.5169498273461826,51
5,0.993,7.890129379990469,0.516877223641303,51
5,0.994,7.890458875477695,0.5168106909337052,51
5,0.995,7.890770992666337,0.5167502576918794,51
5,0.996,7.891065616283128,0.516695950782743,51
5,0.997,7.891342630062691,0.5166477954580758,51
5,0.998,7.89156784777129,0.5166072714982891,51
5,0.999,7.891810187812859,0.5165714715238023,51
6,0.0,6.767736562104321,0.6471981623411298,48
6,0.001,6.7677241797622365,0.6470179752673724,48
6,0.002,6.767733160835817,0.6468337137263509,48
6,0.003,6.767708880517063,0.6466402165241869,48
6,0.004,6.7676510022361,0.646436979216331,48
6,0.005,6.767596357348001,0.6462260807757009,48
6,0.006,6.7675270052797165,0.6460085904736425,48
6,0.007,6.76744310755209,0.6457798328843952,48
6,0.008,6.767326239955548,0.6455454429952687,48
6,0.009,6.7672132453862845,0.6452996339534377,48
6,0.01,6.76706760615458,0.6450494769363347,48
6,0.011,6.7669447595218655,0.6447865654357465,48
6,0.012,6.76677151803802,0.6445205478570297,48
6,0.013,6.766584246700066,0.6442466499409444,48
6,0.014,6.766383114930144,0.643964863150085,48
6,0.015,6.766168294858695,0.6436751800259075,48
6,0.016,6.765939961321454,0.6433775941947255,48
6,0.017,6.76569829185543,0.643072100373451,48
6,0.018,6.765443466693884,0.642758694375076,48
6,0.019,6.765175668760275,0.6424373731139029,48
6,0.02,6.76489508366122,0.6421081346105179,48
6,0.021,6.764601899678426,0.6417709779965153,48
6,0.022,6.764333485144223,0.6414211130025276,48
6,0.023,6.764016682778457,0.6410679860283104,48
6,0.024,6.763687887693706,0.6407069414612211,48
6,0.025,6.763347299362393,0.6403379828338739,48
6,0.026,6.762995119889088,0.6399611148080884,48
6,0.027,6.762631553996695,0.6395763431781192,48
6,0.028,6.762275397703917,0.6391823922681713,48
6,0.029,6.761890185482945,0.6387818015147335,48
6,0.03,6.761494229250832,0.6383733306403203,48
6,0.031,6.7611063330336245,0.6379549273700649,48
6,0.032,6.760690039263821,0.6375306601902037,48
6,0.033,6.760263667768954,0.6370985453475246,48
6,0.034,6.759827441740652,0.6366585965732605,48
6,0.035,6.75938158685586,0.6362108287475641,48
6,0.036,6.758944919946838,0.635759196940792,48
6,0.037,6.7584809961513885,0.6352959539890842,48
6,0.038,6.758026736589142,0.6348234660118408,48
6,0.039,6.757545701499513,0.6343446701877106,48
6,0.04,6.757056228366536,0.6338581489395805,48
6,0.041,6.756558557881623,0.6333639241003274,48
6,0.042,6.756071521750851,0.6328648237604569,48
6,0.043,6.7555586898399325,0.6323553186487443,48
6,0.044,6.755038409152982,0.6318381833322818,48
6,0.045,6.754529518484133,0.6313137371730378,48
6,0.046,6.753995594702579,0.6307814178829498,48
6,0.047,6.753492169113433,0.6302384671682689,48
6,0.048,6.7529647364538405,0.6296881788613904,48
6,0.049,6.752413079191857,0.6291331427158512,48
6,0.05,6.751855558479478,0.6285706474960727,48
6,0.051,6.751292438392471,0.6280007264139575,48
6,0.052,6.75072398503736,0.6274234138202333,48
6,0.053,6.750150466515014,0.6268387452022771,48
6,0.054,6.749572152883449,0.626246757181773,48
6,0.055,6.74898931611985,0.6256474875122053,48
6,0.056,6.748402230081818,0.625040975076192,48
6,0.057,6.747829759160151,0.6244244944461577,48
6,0.058,6.747235505412064,0.6238035540978331,48
6,0.059,6.7466378475283255,0.6231754932140458,48
6,0.06,6.746037066781111,0.6225403551533681,48
6,0.061,6.745433446124231,0.621898184388195,48
6,0.062,6.7448272701500835,0.621249026501198,48
6,0.063,6.744218825045903,0.6205929281816381,48
6,0.064,6.74360839854932,0.6199299372215431,48
6,0.065,6.743014868595555,0.6192600720660488,48
6,0.066,6.742401850445126,0.61858342623732,48
6,0.067,6.741787735645569,0.6179000367894112,48
6,0.068,6.741172817973967,0.6172099558485532,48
6,0.069,6.740557392531945,0.6165132366214975,48
6,0.07,6.739941755697482,0.6158099333908912,48
6,0.071,6.739326205076112,0.615100101510536,48
6,0.072,6.738729628143838,0.6143836545024809,48
6,0.073,6.738115649370649,0.613660915136211,48
6,0.074,6.737521257870441,0.6129309634762274,48
6,0.075,6.73692866920529,0.6121954823175424,48
6,0.076,6.736319610658164,0.611453820727605,48
6,0.077,6.73571248617861,0.610705982831409,48
6,0.078,6.735107601462478,0.6099520312770106,48
6,0.079,6.73450526304169,0.6091920297400752,48
6,0.08,6.733942955615508,0.6084303037715855,48
6,0.081,6.733366225036019,0.6076584393772089,48
6,0.082,6.732793492135968,0.6068805264817507,48
6,0.083,6.732225079527157,0.6060979602266836,48
6,0.084,6.731642722001937,0.6053088408395014,48
6,0.085,6.731064830618313,0.6045140783383471,48
6,0.086,6.730491717776613,0.6037137435064681,48
6,0.087,6.729923696306311,0.6029079081075996,48
6,0.088,6.729361079409874,0.6020966448794751,48
6,0.089,6.728804180606281,0.6012800275272484,48
6,0.09,6.728253313674163,0.6004581307168266,48
6,0.091,6.72772738128694,0.5996301466424722,48
6,0.092,6.727190022128809,0.5987979064523236,48
6,0.093,6.726678238537396,0.5979630280817131,48
6,0.094,6.726174258301039,0.5971250090242701,48
6,0.095,6.7256598199247435,0.5962780444968546,48
6,0.096,6.7251533375694175,0.5954262732150737,48
6,0.097,6.724673714817679,0.5945681202443616,48
6,0.098,6.724184590931155,0.5937069250454622,48
6,0.099,6.723704379799652,0.5928411679639944,48
6,0.1,6.723251984563839,0.5919687743770684,48
6,0.101,6.722791043872057,0.591094092683201,48
6,0.102,6.722339970829016,0.5902151024362843,48
6,0.103,6.721899078925784,0.5893318901947732,48
6,0.104,6.721468681122726,0.5884445433754709,48
6,0.105,6.721049089789742,0.5875531502454773,48
6,0.106,6.720659205338671,0.5866569141177094,48
6,0.107,6.720281252029082,0.5857552079189001,48
6,0.108,6.719896964089815,0.5848521414279937,48
6,0.109,6.719524750656561,0.5839453890363441,48
6,0.11,6.719164920843898,0.5830350431478618,48
6,0.111,6.718817782827838,0.5821211969676752,48
6,0.112,6.718502232478027,0.5812056140594151,48
6,0.113,6.718181900471126,0.5802850851953164,48
6,0.114,6.717875191238833,0.5793613409249185,48
6,0.115,6.717582408897372,0.5784344775728211,48
6,0.116,6.7173038563300835,0.5775045922199127,48
6,0.117,6.717039835127481,0.5765717826940543,48
6,0.118,6.716790645527357,0.5756361475606376,48
6,0.119,6.716556586354936,0.5746977861130126,48
6,0.12,6.716356543655411,0.5737570990704932,48
6,0.121,6.716154137807737,0.5728136091986269,48
6,0.122,6.715967762473203,0.5718676960953142,48
6,0.123,6.715797710525539,0.5709194618933374,48
6,0.124,6.715644273134259,0.5699690094039446,48
6,0.125,6.715507739705566,0.5690164421064144,48
6,0.126,6.715388397823396,0.5680618641374658,48
6,0.127,6.715286533190636,0.5671053802805021,48
6,0.128,6.715202429570508,0.566147095954689,48
6,0.129,6.715136368728145,0.5651871172038617,48
6,0.13,6.715088630372361,0.5642255506852538,48
6,0.131,6.715059492097641,0.5632625036580462,48
6,0.132,6.715049229326346,0.5622980839717279,48
6,0.133,6.71505811525115,0.5613324000542672,48
6,0.134,6.715086420777737,0.5603655609000844,48
6,0.135,6.715153003160043,0.5593976532616939,48
6,0.136,6.71522145311695,0.5584288149584025,48
6,0.137,6.715310133783933,0.5574591507515532,48
6,0.138,6.7154193066464325,0.5564887717447418,48
6,0.139,6.715567819318942,0.5555184876718612,48
6,0.14,6.715737841355296,0.5545497230764553,48
6,0.141,6.715911050375158,0.5535779787534058,48
6,0.142,6.716105797006918,0.5526059718902105,48
6,0.143,6.716322329965515,0.5516338160343517,48
6,0.144,6.716560895141122,0.5506616251677584,48
6,0.145,6.716821735545635,0.5496895136922576,48
6,0.146,6.71712367995183,0.5487161847005071,48
6,0.147,6.717448878706407,0.5477416076586066,48
6,0.148,6.7177789898592755,0.5467702853673488,48
6,0.149,6.718132344109357,0.5457994999250999,48
6,0.15,6.718509169885359,0.5448293674996117,48
6,0.151,6.7189096924375065,0.5438600045831128,48
6,0.152,6.719334133787128,0.5428915279757626,48
6,0.153,6.7198013013690066,0.5419244874893828,48
6,0.154,6.720274735155363,0.5409581394494591,48
6,0.155,6.720772746614984,0.53999302960807,48
6,0.156,6.721314133346567,0.5390282075388404,48
6,0.157,6.721862425346835,0.5380659232997255,48
6,0.158,6.722435923971247,0.5371052321389073,48
6,0.159,6.723034827876648,0.5361462525469286,48
6,0.16,6.723623133832377,0.5351898542784791,48
6,0.161,6.72425628555295,0.5342370879288169,48
6,0.162,6.724934459196969,0.5332840080074458,48
6,0.163,6.7256211520090545,0.5323345282028518,48
6,0.164,6.726371320420854,0.5313838936942356,48
6,0.165,6.7271484669893935,0.5304352697803416,48
6,0.166,6.727952778505404,0.5294899554126306,48
6,0.167,6.728747750287809,0.5285505683500643,48
6,0.168,6.729588324293398,0.5276118757182658,48
6,0.169,6.730474663892784,0.5266726233084679,48
6,0.17,6.73140743035792,0.5257378977537676,48
6,0.171,6.732313428343257,0.5248080836167317,48
6,0.172,6.733247584721101,0.5238790006937578,48
6,0.173,6.734228134668104,0.5229559126047656,48
6,0.174,6.735237123281824,0.5220446070879101,48
6,0.175,6.736274690862874,0.5211287700892627,48
6,0.176,6.7373228745944305,0.5202192681094001,48
6,0.177,6.738418482518161,0.5193109282120454,48
6,0.178,6.7395425649426235,0.5184065509446892,48
6,0.179,6.740695246052797,0.5175062537128128,48
6,0.18,6.741876645635731,0.5166101536239429,48
6,0.181,6.743086879048863,0.5157183674610484,48
6,0.182,6.7443079580464165,0.5148283989547563,48
6,0.183,6.745558565616984,0.5139460454155466,48
6,0.184,6.746856890956331,0.5130679340988501,48
6,0.185,6.7481844432569575,0.5121945996170696,48
6,0.186,6.749559904506504,0.5113295371152519,48
6,0.187,6.750965276633775,0.510472169302214,48
6,0.188,6.752382557213338,0.5096091755542204,48
6,0.189,6.753848514313465,0.5087557527156557,48
6,0.19,6.7553260587766415,0.5079084391282751,48
6,0.191,6.756815262019434,0.507067149520628,48
6,0.192,6.758334767316772,0.5062300600811978,48
6,0.193,6.759902723924278,0.5053994284131205,48
6,0.194,6.761500600874825,0.5045745917191614,48
6,0.195,6.7631284510916645,0.5037556594034842,48
6,0.196,6.7647863226757385,0.5029427401101575,48
6,0.197,6.76647425888601,0.5021359416918451,48
6,0.198,6.768174198977924,0.501334674362473,48
6,0.199,6.769941440887998,0.5005430027677472,48
6,0.2,6.771720749381756,0.4997552685140108,48
6,0.201,6.773530247871705,0.4989740796930261,48
6,0.202,6.775370445248392,0.49819540549901387,48
6,0.203,6.7772413561918645,0.4974274484152538,48
6,0.204,6.779124402014811,0.49666908501837176,48
6,0.205,6.781074852167943,0.4959123033338204,48
6,0.206,6.783056031535296,0.49516591369432517,48
6,0.207,6.785049359430527,0.494425834748048,48
6,0.208,6.787091514583492,0.49369241827174126,48
6,0.209,6.789145807435619,0.4929669413806669,48
6,0.21,6.791230318281193,0.4922489015113219,48
6,0.211,6.793345023248232,0.4915383919464516,48
6,0.212,6.795508482125523,0.4908395247878577,48
6,0.213,6.797702574221284,0.49014562449809196,48
6,0.214,6.79990868453843,0.4894583897957751,48
6,0.215,6.802163947008683,0.4887853578992882,48
6,0.216,6.8044316379774585,0.48811411271856275,48
6,0.217,6.806729803900496,0.4874581037097611,48
6,0.218,6.80905838733048,0.48680325728252843,48
6,0.219,6.8114359147499215,0.4861626090896861,48
6,0.22,6.813825643743496,0.4855242187983671,48
6,0.221,6.816227013313597,0.4848957991667855,48
6,0.222,6.8186585235544115,0.4842777313081791,48
6,0.223,6.821138180248679,0.48366466289697735,48
6,0.224,6.823666386930449,0.4830585744131628,48
6,0.225,6.82622496607219,0.4824642236994899,48
6,0.226,6.8287766574354825,0.4818773528826911,48
6,0.227,6.831376135900068,0.48129927612671414,48
6,0.228,6.834004708043891,0.4807301173670496,48
6,0.229,6.836662753668516,0.4801644532713314,48
6,0.23,6.839350158298142,0.4796135223422942,48
6,0.231,6.842084901880074,0.47907000013093387,48
6,0.232,6.844830184783178,0.4785372978942292,48
6,0.233,6.847603977266044,0.4780138206490994,48
6,0.234,6.850369947191843,0.4774991746973494,48
6,0.235,6.853219895895531,0.4769958927476417,48
6,0.236,6.856080316902968,0.4764949110397364,48
6,0.237,6.858987750481332,0.4760079180541713,48
6,0.238,6.861923468123623,0.47553167085075526,48
6,0.239,6.864868736703549,0.4750649210650029,48
6,0.24,6.867841493938918,0.4746077482479127,48
6,0.241,6.870878750924594,0.4741609024019146,48
6,0.242,6.873925574331355,0.4737196438656762,48
6,0.243,6.8769999003056625,0.4732923579914721,48
6,0.244,6.8801015613411804,0.47287238684833816,48
6,0.245,6.883211796754458,0.4724635902555319,48
6,0.246,6.8863485168453815,0.47206459116058525,48
6,0.247,6.889511528050263,0.47167541925712475,48
6,0.248,6.892682532963563,0.47129566173962917,48
6,0.249,6.895898004370836,0.4709262578124665,48
6,0.25,6.899157734956078,0.47056536437193786,48
6,0.251,6.902424837325608,0.4702157491817508,48
6,0.252,6.905717194348468,0.4698760744588242,48
6,0.253,6.909034585171226,0.46954635667789435,48
6,0.254,6.912340586101387,0.46923122821985364,48
6,0.255,6.915726907347398,0.468928439052983,48
6,0.256,6.919119462203356,0.4686287468214874,48
6,0.257,6.922536111738366,0.46833906144949566,48
6,0.258,6.925976613430347,0.46805938817972964,48
6,0.259,6.929440720338181,0.467789729993128,48
6,0.26,6.932928181131906,0.4675300876083621,48
6,0.261,6.9364025418383894,0.46728485143310394,48
6,0.262,6.939955482586122,0.4670490540203719,48
6,0.263,6.943512886794692,0.46681944119349167,48
6,0.264,6.94707448672629,0.46659906613339125,48
6,0.265,6.950676686134723,0.4663894357938546,48
6,0.266,6.954319209126464,0.4661874734539064,48
6,0.267,6.957965100195573,0.46599774253530285,48
6,0.268,6.961632174575045,0.4658179574743316,48
6,0.269,6.965357321647076,0.4656435688521489,48
6,0.27,6.969066898469376,0.4654835005411961,48
6,0.271,6.972796807828819,0.46533331045983567,48
6,0.272,6.97652865111592,0.4651950106095392,48
6,0.273,6.980280701516648,0.46505807826173656,48
6,0.274,6.984089327746446,0.46493616022990464,48
6,0.275,6.987898955082097,0.4648253109715454,48
6,0.276,6.9917273685446455,0.4647241828365479,48
6,0.277,6.995592838930061,0.46463388549935647,48
6,0.278,6.999476957859325,0.46455234128520695,48
6,0.279,7.00337941269461,0.46448494033311,48
6,0.28,7.007263199610662,0.464420460356955,48
6,0.281,7.011164662646448,0.4643685966646313,48
6,0.282,7.0151015538838015,0.4643251410015036,48
6,0.283,7.0190187481680235,0.4642895078596004,48
6,0.284,7.022989255308482,0.4642648864974097,48
6,0.285,7.026975553416007,0.46424958036061187,48
6,0.286,7.0309963728444345,0.4642469092555791,48
6,0.287,7.035033275902747,0.46425379255040317,48
6,0.288,7.039066843084206,0.46426602411711915,48
6,0.289,7.043133895170179,0.4642906258849223,48
6,0.29,7.047197886768413,0.46431922099573586,48
6,0.291,7.051276065697064,0.46435869954328485,48
6,0.292,7.055349478697626,0.46440897315455576,48
6,0.293,7.059454433904897,0.46446612823671407,48
6,0.294,7.063535774055051,0.4645343085507229,48
6,0.295,7.0676664773847335,0.4646088682343095,48
6,0.296,7.071808990974595,0.46469205735106067,48
6,0.297,7.075926738169691,0.46477992310659233,48
6,0.298,7.08007459012627,0.46487867283605083,48
6,0.299,7.084251661859503,0.4649874862398204,48
6,0.3,7.088457567634649,0.4651018135216243,48
6,0.301,7.092655243636792,0.46522712851215287,48
6,0.302,7.096862398341379,0.46536060462704626,48
6,0.303,7.10107863855882,0.46550216019603496,48
6,0.304,7.105340746017142,0.4656503515710641,48
6,0.305,7.10957497176474,0.46580778342515317,48
6,0.306,7.113835702935085,0.46597097237021495,48
6,0.307,7.118067762813215,0.4661485597230482,48
6,0.308,7.122325522196515,0.4663290272837333,48
6,0.309,7.126589986433508,0.46651705845372277,48
6,0.31,7.130860747450707,0.46671256326344374,48
6,0.311,7.135119295975753,0.46691660228109927,48
6,0.312,7.139401895606256,0.4671267454031047,48
6,0.313,7.143689543860311,0.46734408731984795,48
6,0.314,7.14798182506194,0.46756853421712763,48
6,0.315,7.152278321707979,0.4677999914258211,48
6,0.316,7.156578614527475,0.46803836346175015,48
6,0.317,7.16088277209104,0.4682843079750331,48
6,0.318,7.165172272912137,0.46853432474848283,48
6,0.319,7.169483369067496,0.4687947392700564,48
6,0.32,7.173797047249555,0.46905966398321514,48
6,0.321,7.178130980796461,0.46932730735640565,48
6,0.322,7.18244806705043,0.4696048816102021,48
6,0.323,7.1867478777349545,0.4698897840300582,48
6,0.324,7.191066659016442,0.4701796568752282,48
6,0.325,7.195385391700551,0.47047555348222464,48
6,0.326,7.199703644120763,0.4707773722101326,48
6,0.327,7.204039572200568,0.4710882744261067,48
6,0.328,7.208356066689267,0.4714016832174234,48
6,0.329,7.212652693089985,0.4717248002285582,48
6,0.33,7.216947592579743,0.4720496063765251,48
6,0.331,7.221240317074721,0.47237948054301665,48
6,0.332,7.2255856945068295,0.4727121712303871,48
6,0.333,7.229891348360009,0.47305246807122503,48
6,0.334,7.234156841598932,0.4734007749122021,48
6,0.335,7.238473676732635,0.47375492970921945,48
6,0.336,7.242731365035592,0.4741103807819587,48
6,0.337,7.247020919293914,0.4744705068654893,48
6,0.338,7.251305214007945,0.4748392477108579,48
6,0.339,7.255565712293649,0.4752089808489382,48
6,0.34,7.259856751265296,0.4755853039861867,48
6,0.341,7.2641226290814735,0.4759636207351641,48
6,0.342,7.2683629081521355,0.4763464106177291,48
6,0.343,7.272613826511084,0.4767331886660582,48
6,0.344,7.276893535399868,0.47712910995776414,48
6,0.345,7.281128246506099,0.47752402710536473,48
6,0.346,7.285354210901962,0.4779206669056916,48
6,0.347,7.2895709922721394,0.47832345042058405,48
6,0.348,7.293777665263989,0.47872989471552807,48
6,0.349,7.298010971753205,0.47914042935131335,48
6,0.35,7.30219712570604,0.4795538718400231,48
6,0.351,7.306390479952817,0.4799708864081723,48
6,0.352,7.31055392540538,0.4803909484067492,48
6,0.353,7.314705128415345,0.4808141662360658,48
6,0.354,7.318844146378216,0.4812385842782821,48
6,0.355,7.322952448982215,0.4816682781206861,48
6,0.356,7.3270657922836016,0.48210045184178374,48
6,0.357,7.331165158579394,0.4825353840370554,48
6,0.358,7.3352687084412125,0.4829710706492318,48
6,0.359,7.33935792795333,0.48341199753877695,48
6,0.36,7.343395715816133,0.4838523498486787,48
6,0.361,7.34743642241862,0.48429735953995723,48
6,0.362,7.3514429368841085,0.4847396117287985,48
6,0.363,7.35545151311405,0.4851891878738775,48
6,0.364,7.359443142151687,0.4856408505493095,48
6,0.365,7.363435993764752,0.4860963915390468,48
6,0.366,7.367392974990314,0.4865520107659778,48
6,0.367,7.371350357898659,0.4870063012544386,48
6,0.368,7.375271052819543,0.4874653660470211,48
6,0.369,7.3792099239405795,0.4879195822464979,48
6,0.37,7.38307511056399,0.48838032002040366,48
6,0.371,7.386957667030946,0.48884292919376776,48
6,0.372,7.390801922928542,0.4893077873257033,48
6,0.373,7.394607474129454,0.4897736527790786,48
6,0.374,7.39841059416185,0.4902409735283815,48
6,0.375,7.402193273505297,0.4907133849687094,48
6,0.376,7.405955114847004,0.49118296803026257,48
6,0.377,7.4096947444511345,0.4916534841498401,48
6,0.378,7.413411769852285,0.49212485081487417,48
6,0.379,7.417124389509513,0.4925932012673222,48
6,0.38,7.420777440898035,0.49306457744087423,48
6,0.381,7.4244253135883485,0.49353790904114575,48
6,0.382,7.4280490362878515,0.4940117682594089,48
6,0.383,7.431666817562157,0.4944851894286284,48
6,0.384,7.435241604375807,0.49495985463521175,48
6,0.385,7.43877302201696,0.495435209671688,48
6,0.386,7.44229737415624,0.49591037267575355,48
6,0.387,7.4457776038971,0.49638585245465683,48
6,0.388,7.44925002067098,0.4968612298807834,48
6,0.389,7.4527142612869275,0.497330818469927,48
6,0.39,7.4561151908463446,0.4978038935199665,48
6,0.391,7.459507227126249,0.4982789490708566,48
6,0.392,7.462890016309508,0.49875653945326176,48
6,0.393,7.4662265321835966,0.49923116351054164,48
6,0.394,7.469516427369517,0.4997067749387986,48
6,0.395,7.472796033377105,0.5001806167981901,48
6,0.396,7.476028321651768,0.5006551297206991,48
6,0.397,7.47924963046592,0.5011279152775212,48
6,0.398,7.482441037272512,0.5016000894730824,48
6,0.399,7.485602211584992,0.5020715894515961,48
6,0.4,7.488732826337916,0.5025423533337531,48
6,0.401,7.4918325579393015,0.5030123202170764,48
6,0.402,7.494901086322428,0.503481430175954,48
6,0.403,7.4979380949970675,0.5039496242613606,48
6,0.404,7.5009432711001445,0.5044168445002732,48
6,0.405,7.503916305445801,0.5048830338947954,48
6,0.406,7.50687548126718,0.5053511741384019,48
6,0.407,7.509783821438774,0.5058152091656632,48
6,0.408,7.512659127532843,0.5062780499107109,48
6,0.409,7.515501105856636,0.5067396433000647,48
6,0.41,7.518291367499511,0.5071998652266294,48
6,0.411,7.52106630238996,0.5076588035023512,48
6,0.412,7.523807040333392,0.5081163413824127,48
6,0.413,7.526513303883964,0.5085724296305945,48
6,0.414,7.529166720554312,0.5090267209814036,48
6,0.415,7.531804186419759,0.5094765156420079,48
6,0.416,7.534406848337546,0.5099280588546409,48
6,0.417,7.536973956816151,0.5103779620141037,48
6,0.418,7.539505256181196,0.5108261807357848,48
6,0.419,7.541982395924632,0.511271048378492,48
6,0.42,7.5444422943057665,0.5117157691392749,48
6,0.421,7.5468847092595785,0.5121562680815054,48
6,0.422,7.549272238436251,0.512597201844562,48
6,0.423,7.55160464922933,0.5130349792614467,48
6,0.424,7.553918389264266,0.5134721184441475,48
6,0.425,7.556194646570444,0.5139072823171987,48
6,0.426,7.558433202444552,0.5143404338542567,48
6,0.427,7.560633842794331,0.5147715369249226,48
6,0.428,7.562796358173862,0.5152005562896218,48
6,0.429,7.564920543818041,0.5156274575943809,48
6,0.43,7.566988100533699,0.5160558611296823,48
6,0.431,7.569035508742986,0.516478341784828,48
6,0.432,7.5710258903648295,0.5168986231365214,48
6,0.433,7.572977636540737,0.5173186806505615,48
6,0.434,7.574908653975501,0.5177343757553554,48
6,0.435,7.576818767477769,0.5181437201471376,48
6,0.436,7.578671131296782,0.5185546796546369,48
6,0.437,7.580520856851017,0.5189663608599002,48
6,0.438,7.582313021784354,0.519370270463197,48
6,0.439,7.584065583017304,0.5197736877912592,48
6,0.44,7.585759814933499,0.5201750280029545,48
6,0.441,7.587395573545038,0.5205685933469518,48
6,0.442,7.589009395659438,0.5209651122807485,48
6,0.443,7.590564459895067,0.5213596079149813,48
6,0.444,7.592115902233181,0.5217468273933797,48
6,0.445,7.593590236370262,0.5221345223816863,48
6,0.446,7.595060708276499,0.5225177719082088,48
6,0.447,7.5964719416785655,0.5229013864113226,48
6,0.448,7.5978419290562345,0.5232823811855173,48
6,0.449,7.599171058507808,0.523654098276361,48
6,0.45,7.600459234094302,0.5240298021660502,48
6,0.451,7.601724464548522,0.5244026613096252,48
6,0.452,7.6029485779727715,0.5247722694692989,48
6,0.453,7.604112918485741,0.5251398566904067,48
6,0.454,7.605217412091691,0.5255015793149679,48
6,0.455,7.606298665836319,0.5258637889455203,48
6,0.456,7.607338027953625,0.5262232508197051,48
6,0.457,7.608335440703892,0.5265799528609406,48
6,0.458,7.609254653406706,0.5269315842800515,48
6,0.459,7.610168970471519,0.5272828076329277,48
6,0.46,7.611059762082384,0.5276329241764662,48
6,0.461,7.611872217889647,0.5279815900250249,48
6,0.462,7.612661082650763,0.5283243495559017,48
6,0.463,7.613444920602201,0.5286571220741393,48
6,0.464,7.614150361780467,0.5289940498176011,48
6,0.465,7.61483218004236,0.5293337519975573,48
6,0.466,7.615453692220565,0.529665156143795,48
6,0.467,7.6160148962765355,0.5299957436703622,48
6,0.468,7.616571059994045,0.5303186912074233,48
6,0.469,7.61704882914485,0.5306361621969932,48
6,0.47,7.617502993333207,0.5309561710782549,48
6,0.471,7.617914984283399,0.5312733193782373,48
6,0.472,7.618303416498624,0.5315920896555326,48
6,0.473,7.6186316457386285,0.5319036626655372,48
6,0.474,7.618881609738103,0.5322136044882146,48
6,0.475,7.619126702211702,0.5325194208866376,48
6,0.476,7.619348382666309,0.5328209305107626,48
6,0.477,7.619510029220176,0.533120976172042,48
6,0.478,7.619648388910373,0.5334191344366359,48
6,0.479,7.619726850846399,0.5337134807354007,48
6,0.48,7.61976358435052,0.5340049727627025,48
6,0.481,7.619758664935919,0.5342936136773098,48
6,0.482,7.619730762129219,0.5345828254003655,48
6,0.483,7.619661875322838,0.5348706790531235,48
6,0.484,7.619552108634462,0.5351506259712384,48
6,0.485,7.619364883920169,0.5354269690026129,48
6,0.486,7.6191550789088245,0.5357017421157755,48
6,0.487,7.618904213308827,0.5359737007284855,48
6,0.488,7.618649578143613,0.5362393413945483,48
6,0.489,7.618318430936775,0.5365043288396708,48
6,0.49,7.617947094892081,0.5367678454030097,48
6,0.491,7.617535210851408,0.53702857311989,48
6,0.492,7.617064815231384,0.5372876740990263,48
6,0.493,7.616572724461219,0.5375427848235798,48
6,0.494,7.616040495950645,0.5377951382502791,48
6,0.495,7.615468770441212,0.5380422606989298,48
6,0.496,7.614857704472016,0.5382890402822628,48
6,0.497,7.614188871210207,0.5385323289521928,48
6,0.498,7.613499113249681,0.5387736995845747,48
6,0.499,7.612770014024466,0.539012368185373,48
6,0.5,7.6120017506054625,0.5392483475880604,48
6,0.501,7.611194504977337,0.5394816510609854,48
6,0.502,7.610348464006694,0.539712292300371,48
6,0.503,7.609445720266643,0.5399431466860535,48
6,0.504,7.608523146013468,0.540168438586498,48
6,0.505,7.6075628436934055,0.540389034408636,48
6,0.506,7.606546920774825,0.5406083403049783,48
6,0.507,7.605511775029757,0.540825905418884,48
6,0.508,7.604439034304277,0.5410408963384656,48
6,0.509,7.6033108206142535,0.5412506474583942,48
6,0.51,7.602164035424107,0.5414606130763138,48
6,0.511,7.600980320598315,0.5416680534960078,48
6,0.512,7.599741812044002,0.5418732732619428,48
6,0.513,7.598504013679151,0.5420773600345484,48
6,0.514,7.59719380641216,0.5422781859004419,48
6,0.515,7.595866213942867,0.5424757254576033,48
6,0.516,7.594502901006668,0.5426708319236057,48
6,0.517,7.593104125297739,0.5428635246001189,48
6,0.518,7.591652049587324,0.5430539973838454,48
6,0.519,7.5901655165438955,0.543241066927878,48
6,0.52,7.588662883686922,0.5434266628532171,48
6,0.521,7.587125837155786,0.5436099243541851,48
6,0.522,7.58555465579364,0.5437908721769308,48
6,0.523,7.5839496224038,0.5439695273264195,48
6,0.524,7.582329612389837,0.5441484823885182,48
6,0.525,7.5806401417333475,0.5443217708919423,48
6,0.526,7.578936279958605,0.5444937672926973,48
6,0.527,7.577199737059188,0.5446635599976721,48
6,0.528,7.5754308154115,0.5448311712070167,48
6,0.529,7.573629821026011,0.5449966233269661,48
6,0.53,7.571778964347363,0.5451595086549371,48
6,0.531,7.5698609367789516,0.5453279944550253,48
6,0.532,7.567967493647444,0.5454868902667255,48
6,0.533,7.566043189945419,0.5456437246697629,48
6,0.534,7.564070250915769,0.545795068416797,48
6,0.535,7.562049481639071,0.5459469444216916,48
6,0.536,7.56003597598469,0.5460978665866302,48
6,0.537,7.557992891358609,0.5462468170417469,48
6,0.538,7.555920565600988,0.546393819559881,48
6,0.539,7.553819339537583,0.5465388980228133,48
6,0.54,7.551689556915002,0.5466820764109204,48
6,0.541,7.549532543434624,0.5468166339918832,48
6,0.542,7.547348649054339,0.546956084811477,48
6,0.543,7.545137247921759,0.5470937041610224,48
6,0.544,7.542898695938902,0.547229516303567,48
6,0.545,7.540615252452149,0.5473660636016426,48
6,0.546,7.538342542886345,0.5474986652765716,48
6,0.547,7.536044255533123,0.5476339413556071,48
6,0.548,7.533702180489048,0.5477628157593363,48
6,0.549,7.531334785890407,0.5478900087545525,48
6,0.55,7.528924343831577,0.5480130791026838,48
6,0.551,7.526489804303826,0.5481385797083109,48
6,0.552,7.524049630125437,0.5482608918895362,48
6,0.553,7.521567511544748,0.5483809843280447,48
6,0.554,7.519080993861258,0.5485010423287232,48
6,0.555,7.5165718708353575,0.5486187405691767,48
6,0.556,7.514040037440555,0.5487349274631811,48
6,0.557,7.511485879912422,0.5488496270188292,48
6,0.558,7.5089097861235885,0.5489628631469228,48
6,0.559,7.506312145507933,0.5490746596497336,48
6,0.56,7.503711937676539,0.5491848248127067,48
6,0.561,7.501054780371771,0.5492963754332064,48
6,0.562,7.498414431100933,0.549404659198921,48
6,0.563,7.495681723785762,0.5495158537017969,48
6,0.564,7.493003770385545,0.5496207369235819,48
6,0.565,7.490307116957606,0.5497225599037008,48
6,0.566,7.487573587382641,0.5498247067926396,48
6,0.567,7.484821682206707,0.5499256005921764,48
6,0.568,7.482051803694269,0.5500252635021753,48
6,0.569,7.4792462557488015,0.5501282131277686,48
6,0.57,7.476424018701011,0.5502276123478844,48
6,0.571,7.4736035842312285,0.5503235241407594,48
6,0.572,7.470766769107608,0.5504182963969594,48
6,0.573,7.46791397923986,0.5505119499916598,48
6,0.574,7.465045620906172,0.5506045055272007,48
6,0.575,7.462162100672168,0.5506959833225814,48
6,0.576,7.4592638253096055,0.5507864034030573,48
6,0.577,7.4563697904071375,0.5508780803029645,48
6,0.578,7.453425628319458,0.5509664205097804,48
6,0.579,7.4504870106537355,0.5510551635845695,48
6,0.58,7.447535756353028,0.551141662208444,48
6,0.581,7.444571783583405,0.5512271996441764,48
6,0.582,7.441614088467929,0.5513107064501998,48
6,0.583,7.438626892177994,0.5514026505142696,48
6,0.584,7.435628701043226,0.5514853504309172,48
6,0.585,7.432619432458831,0.5515671636661578,48
6,0.586,7.429581883169216,0.5516437900812539,48
6,0.587,7.426571723522962,0.5517281774101043,48
6,0.588,7.423533605556194,0.5518076388261897,48
6,0.589,7.420486033561372,0.5518862761208992,48
6,0.59,7.417411312610418,0.5519673418142234,48
6,0.591,7.414346521626079,0.5520442908405672,48
6,0.592,7.411273474292199,0.5521204616770455,48
6,0.593,7.408192571798711,0.5521958680359619,48
6,0.594,7.405104214067887,0.5522705231739705,48
6,0.595,7.402008799672987,0.5523444398849875,48
6,0.596,7.398906725757026,0.5524176304933279,48
6,0.597,7.395780288809086,0.5524837826958815,48
6,0.598,7.392666558593898,0.5525557235449963,48
6,0.599,7.389529239920447,0.5526254814762608,48
6,0.6,7.386405399398535,0.5526960785364473,48
6,0.601,7.383276837658187,0.552765999357164,48
6,0.602,7.380125842953654,0.5528373297467755,48
6,0.603,7.37697137725938,0.5529048227655698,48
6,0.604,7.373813812050481,0.5529722974458428,48
6,0.605,7.370671616052732,0.5530395710761314,48
6,0.606,7.367526580290129,0.5531062115274903,48
6,0.607,7.364397670833221,0.553174193130525,48
6,0.608,7.361248587202443,0.5532396539738826,48
6,0.609,7.358097801298766,0.553304502739838,48
6,0.61,7.354945683316168,0.5533687447251565,48
6,0.611,7.351792600807599,0.553432384685953,48
6,0.612,7.3486208194662055,0.5534996309660658,48
6,0.613,7.345449277917505,0.5535654047968792,48
6,0.614,7.342315011338865,0.5536257889937991,48
6,0.615,7.3391631123767205,0.55368684691117,48
6,0.616,7.33601203421481,0.5537473230748096,48
6,0.617,7.332862127797828,0.553807218857853,48
6,0.618,7.329713740901003,0.5538665350841464,48
6,0.619,7.326567218057648,0.5539252720279094,48
6,0.62,7.323404801344684,0.5539822777096154,48
6,0.621,7.320282093014144,0.5540364146894248,48
6,0.622,7.317162752280204,0.5540938293076011,48
6,0.623,7.314028534257337,0.5541501760940569,48
6,0.624,7.310879767053795,0.554207798047804,48
6,0.625,7.307772039538011,0.5542634909568747,48
6,0.626,7.304650408578794,0.5543180184614858,48
6,0.627,7.301515191670389,0.554369038171451,48
6,0.628,7.298385279031382,0.5544265600522247,48
6,0.629,7.295316245068874,0.5544885817320954,48
6,0.63,7.292216456479275,0.5545409017472037,48
6,0.631,7.289122903884755,0.5545948669117772,48
6,0.632,7.286035886241099,0.5546459334602498,48
6,0.633,7.282955209060979,0.5546963745877128,48
6,0.634,7.2798630640263715,0.5547502342119877,48
6,0.635,7.276778314246624,0.5548015762871225,48
6,0.636,7.273719818751332,0.5548511107058605,48
6,0.637,7.270687856126749,0.5548996475391121,48
6,0.638,7.26762743662362,0.5549400461658437,48
6,0.639,7.264612193935556,0.5549873230395924,48
6,0.64,7.261606207990959,0.5550317980773954,48
6,0.641,7.258554965948311,0.5550810370655386,48
6,0.642,7.255531587326851,0.5551219961506337,48
6,0.643,7.252517724754511,0.5551680375530406,48
6,0.644,7.249531714165511,0.5552109030150085,48
6,0.645,7.246555211184525,0.5552530174212692,48
6,0.646,7.243588455212258,0.5552943672733784,48
6,0.647,7.240631680685515,0.5553349386383286,48
6,0.648,7.237667017887982,0.5553735421385161,48
6,0.649,7.234749955607435,0.5554131390782344,48
6,0.65,7.231825449256611,0.5554513245525545,48
6,0.651,7.228911812664442,0.5554886714939737,48
6,0.652,7.226027844023267,0.5555236915037879,48
6,0.653,7.223137072163712,0.5555592929428931,48
6,0.654,7.2202577955227305,0.5555940070713183,48
6,0.655,7.217390208094172,0.5556278168276771,48
6,0.656,7.214553087225866,0.5556620681831614,48
6,0.657,7.211728529448725,0.5556967887378768,48
6,0.658,7.20889813662282,0.5557278835729946,48
6,0.659,7.206080180900703,0.555758004505508,48
6,0.66,7.20325673068384,0.555786202005787,48
6,0.661,7.200464623743837,0.5558143514756306,48
6,0.662,7.1976673290411055,0.5558454182850051,48
6,0.663,7.194865475247323,0.555874295359107,48
6,0.664,7.192132559730212,0.5558995758575478,48
6,0.665,7.189413459202818,0.5559244932189399,48
6,0.666,7.186671633697785,0.5559445507859367,48
6,0.667,7.183961988166712,0.5559662045805881,48
6,0.668,7.181266058581289,0.5559867103589528,48
6,0.669,7.178602552573164,0.5560074579703393,48
6,0.67,7.175934907894818,0.556025653532822,48
6,0.671,7.173263721815778,0.5560434846858019,48
6,0.672,7.170644360981196,0.5560617001137645,48
6,0.673,7.168039757395825,0.556077686367822,48
6,0.674,7.165431426233275,0.5560909992202739,48
6,0.675,7.162819453435513,0.5561016335307796,48
6,0.676,7.160222495700737,0.5561145017918319,48
6,0.677,7.15765871461758,0.5561238577034743,48
6,0.678,7.155109590474098,0.55613185757328,48
6,0.679,7.152575186383906,0.5561384791951605,48
6,0.68,7.1500927369716685,0.5561427816091286,48
6,0.681,7.147607531406824,0.5561479010967365,48
6,0.682,7.145101039446551,0.5561494781789549,48
6,0.683,7.142628076430658,0.5561504027069374,48
6,0.684,7.140170088546856,0.556149839356368,48
6,0.685,7.137745693492255,0.5561532944306588,48
6,0.686,7.135300139813331,0.5561489963663788,48
6,0.687,7.132888219927281,0.5561439982848346,48
6,0.688,7.130491846657278,0.55614122389519,48
6,0.689,7.128111026391057,0.5561332417420236,48
6,0.69,7.125745270395541,0.55612363962557,48
6,0.691,7.12339457364114,0.5561123954482682,48
6,0.692,7.12105941481137,0.5561049774096865,48
6,0.693,7.118721678355185,0.5560945320883005,48
6,0.694,7.116417528509822,0.5560780798414624,48
6,0.695,7.114147427364486,0.5560514694727198,48
6,0.696,7.111874666509753,0.5560314428953115,48
6,0.697,7.1096168173699406,0.556009642618555,48
6,0.698,7.107373836026581,0.5559860471505201,48
6,0.699,7.105127573688009,0.5559635153079366,48
6,0.7,7.102914650720457,0.5559361834393267,48
6,0.701,7.1007164176618724,0.5559069949738549,48
6,0.702,7.098532808071655,0.5558759289976136,48
6,0.703,7.0963823385551565,0.555840286496491,48
6,0.704,7.094246844655202,0.5558067201534299,48
6,0.705,7.092090057467853,0.5557741157139718,48
6,0.706,7.0899485647203475,0.5557355849460515,48
6,0.707,7.087839870935447,0.555694869439305,48
6,0.708,7.085745289239764,0.555652155116171,48
6,0.709,7.083664715980873,0.5556074224447332,48
6,0.71,7.081598042068826,0.5555606521377461,48
6,0.711,7.079563741703492,0.5555139327375656,48
6,0.712,7.077525019584262,0.5554630704151174,48
6,0.713,7.07549984995564,0.5554101145572324,48
6,0.714,7.073488102635433,0.5553550469233846,48
6,0.715,7.071471543054661,0.5552959583691831,48
6,0.716,7.069486706309152,0.5552366516437574,48
6,0.717,7.067515347743444,0.5551716044096563,48
6,0.718,7.065539217862217,0.5551033783699472,48
6,0.719,7.0635948372429676,0.5550343143204723,48
6,0.72,7.06170063495852,0.5549692562603727,48
6,0.721,7.059782606248086,0.5548992774482236,48
6,0.722,7.057876780705759,0.5548270474236574,48
6,0.723,7.055964885616965,0.5547552716926653,48
6,0.724,7.054120595689644,0.5546836102434833,48
6,0.725,7.052251788445122,0.5546046134982514,48
6,0.726,7.050394475114046,0.5545233128787966,48
6,0.727,7.048530364834821,0.5544388152134055,48
6,0.728,7.046677837862133,0.5543540476426733,48
6,0.729,7.044873369318139,0.5542613910744538,48
6,0.73,7.0430438806490985,0.5541699889365668,48
6,0.731,7.041243938020895,0.5540769833328579,48
6,0.732,7.039454250667976,0.5539815930894878,48
6,0.733,7.037674601739429,0.5538838066296631,48
6,0.734,7.035904770118887,0.5537836127466719,48
6,0.735,7.034144530487378,0.5536810006060098,48
6,0.736,7.032375554244488,0.5535771621967654,48
6,0.737,7.030671460968133,0.5534696970196691,48
6,0.738,7.028940073819007,0.5533597585165839,48
6,0.739,7.027217350449884,0.5532473636252203,48
6,0.74,7.025503046359817,0.5531325034210814,48
6,0.741,7.023815501939992,0.5530195942001611,48
6,0.742,7.022117789716387,0.5528999074323894,48
6,0.743,7.0204277534279145,0.5527777343818995,48
6,0.744,7.018745134086757,0.552653067735715,48
6,0.745,7.017069669192583,0.5525259005636692,48
6,0.746,7.015401092804923,0.5523962263179029,48
6,0.747,7.013739135616253,0.5522640388321346,48
6,0.748,7.0121021137181,0.552127199124693,48
6,0.749,7.010453075849003,0.5519899346126218,48
6,0.75,7.008809842477814,0.5518501405618527,48
6,0.751,7.0071726214188,0.5517103666023705,48
6,0.752,7.005615483003958,0.5515682444092868,48
6,0.753,7.003990948854203,0.5514208519441529,48
6,0.754,7.002371616355624,0.551264354053472,48
6,0.755,7.000757194330633,0.5511121355380918,48
6,0.756,6.999165488380229,0.5509587028748736,48
6,0.757,6.997541427811163,0.5507990878543947,48
6,0.758,6.995939489185688,0.5506393088547695,48
6,0.759,6.994340783384388,0.5504769742438068,48
6,0.76,6.992726908514677,0.5503076028924693,48
6,0.761,6.991152824003765,0.5501355453738634,48
6,0.762,6.989562958846964,0.5499655135565023,48
6,0.763,6.9879751035257485,0.5497929178625656,48
6,0.764,6.9863889473888205,0.5496177585173253,48
6,0.765,6.984804177878953,0.5494400360817407,48
6,0.766,6.983239069309904,0.5492598368973173,48
6,0.767,6.981675218817134,0.5490731018730762,48
6,0.768,6.98013091000928,0.5488918188117544,48
6,0.769,6.978550572398386,0.5487038134599246,48
6,0.77,6.976970084634272,0.5485132502750169,48
6,0.771,6.97540771440485,0.5483248285298848,48
6,0.772,6.9738264639814815,0.5481292926541304,48
6,0.773,6.97226269800634,0.5479307825434284,48
6,0.774,6.97067990629229,0.5477240693627128,48
6,0.775,6.969095863244996,0.5475209414234509,48
6,0.776,6.967509753940136,0.547315274079427,48
6,0.777,6.9659212521699265,0.5471070715379333,48
6,0.778,6.9643300309814755,0.5468963382764455,48
6,0.779,6.962735762764918,0.5466830790371373,48
6,0.78,6.9611381193416095,0.5464672988213426,48
6,0.781,6.95953677205235,0.5462490028839757,48
6,0.782,6.957949980537922,0.546030989989724,48
6,0.783,6.956396506077701,0.5458080660732091,48
6,0.784,6.954802680898731,0.5455785699242837,48
6,0.785,6.953167699308804,0.5453476940471115,48
6,0.786,6.951546007914641,0.5451169778213798,48
6,0.787,6.9499186901195955,0.5448837854255223,48
6,0.788,6.948267319038696,0.5446479000503763,48
6,0.789,6.946628242905259,0.5444097728699218,48
6,0.79,6.944982546151067,0.5441691914594085,48
6,0.791,6.9432760944430205,0.5439321493061919,48
6,0.792,6.941637177986666,0.5436898553122551,48
6,0.793,6.939991130455705,0.5434443481920982,48
6,0.794,6.938319052557188,0.54319421242843,48
6,0.795,6.936657310182695,0.5429447551131508,48
6,0.796,6.934950807658968,0.5426914661052862,48
6,0.797,6.933272588688845,0.5424326622627934,48
6,0.798,6.931567560143044,0.5421717393650103,48
6,0.799,6.9298354051657505,0.5419103846478435,48
6,0.8,6.92809389542649,0.5416426312632638,48
6,0.801,6.926379392859972,0.5413767607490246,48
6,0.802,6.924636321194498,0.5411075764442881,48
6,0.803,6.9228643700376,0.5408391392438174,48
6,0.804,6.921081807126657,0.5405695739786075,48
6,0.805,6.919306412558995,0.5402932383550118,48
6,0.806,6.917519292695008,0.540014607862841,48
6,0.807,6.915720633926333,0.5397330407348803,48
6,0.808,6.913910135251257,0.5394500265224533,48
6,0.809,6.91205081007281,0.5391604203332347,48
6,0.81,6.9102343018109025,0.5388766970066384,48
6,0.811,6.908386463592201,0.5385871754468268,48
6,0.812,6.9065436916854255,0.538292589370288,48
6,0.813,6.90466902136098,0.537998529804757,48
6,0.814,6.902780265122307,0.537702259191626,48
6,0.815,6.9008776283251665,0.5373996065034656,48
6,0.816,6.898979418275894,0.5370944971284389,48
6,0.817,6.89706678017598,0.5367911929610415,48
6,0.818,6.895121351747594,0.5364855442306038,48
6,0.819,6.893160959943043,0.536178237580982,48
6,0.82,6.891166747011275,0.5358721280491505,48
6,0.821,6.889175612093047,0.5355584374321,48
6,0.822,6.887169193472473,0.5352471311030045,48
6,0.823,6.88514674266253,0.5349314657077664,48
6,0.824,6.883126103295445,0.5346102730456463,48
6,0.825,6.881070347636098,0.5342903335513843,48
6,0.826,6.879015914805575,0.5339662898264289,48
6,0.827,6.87690778487358,0.5336430229878495,48
6,0.828,6.874800491090859,0.5333168304473633,48
6,0.829,6.872657107798446,0.5329842522501959,48
6,0.83,6.870514076476867,0.5326540706586922,48
6,0.831,6.868352578114454,0.5323218745424794,48
6,0.832,6.866190974793997,0.5319857894317993,48
6,0.833,6.863992368240793,0.5316495642742294,48
6,0.834,6.861774638896698,0.5313113624787339,48
6,0.835,6.859537571974631,0.5309711970182817,48
6,0.836,6.857280956665199,0.5306290809439111,48
6,0.837,6.855004586199725,0.5302850273858574,48
6,0.838,6.852708257912261,0.5299390495548809,48
6,0.839,6.850391773300573,0.529591160743794,48
6,0.84,6.848036838943492,0.529241155928127,48
6,0.841,6.845661841427738,0.5288898136632757,48
6,0.842,6.843284682408225,0.5285362461795544,48
6,0.843,6.8408870820330945,0.5281812797314852,48
6,0.844,6.838468864317801,0.5278241483981462,48
6,0.845,6.836029368507675,0.5274651900177014,48
6,0.846,6.833568427947774,0.5271044185333443,48
6,0.847,6.831104469278195,0.5267398985529197,48
6,0.848,6.82858256051657,0.5263762062667766,48
6,0.849,6.826057324127196,0.5260100034966834,48
6,0.85,6.823510024051873,0.5256420426078572,48
6,0.851,6.820940517727364,0.5252723380498843,48
6,0.852,6.81834866744028,0.524900904391931,48
6,0.853,6.815734340373084,0.5245277563268308,48
6,0.854,6.813097408648901,0.5241529086753363,48
6,0.855,6.810437749375144,0.5237763763905313,48
6,0.856,6.807755244685925,0.523398174562401,48
6,0.857,6.805031682640679,0.5230176730833047,48
6,0.858,6.802303631274675,0.5226361709912333,48
6,0.859,6.7995523996297385,0.5222530464030969,48
6,0.86,6.796777890618401,0.5218683149644175,48
6,0.861,6.7939800123680065,0.5214819924839781,48
6,0.862,6.791158678255854,0.5210940949392001,48
6,0.863,6.7883138069431075,0.5207046384816474,48
6,0.864,6.785445322407429,0.520313639442646,48
6,0.865,6.782553153974367,0.5199211143390171,48
6,0.866,6.779637236347477,0.5195270798789154,48
6,0.867,6.776679410494573,0.5191332939907384,48
6,0.868,6.773716297685834,0.5187362392164374,48
6,0.869,6.770729260512044,0.518337727860428,48
6,0.87,6.767718255736237,0.5179377774210793,48
6,0.871,6.764665146482635,0.5175396048905112,48
6,0.872,6.761570377984544,0.5171381944118845,48
6,0.873,6.758488686618612,0.5167339225300767,48
6,0.874,6.755364775592727,0.5163317644003298,48
6,0.875,6.752235305936259,0.5159246982175096,48
6,0.876,6.749081680125074,0.5155163071454002,48
6,0.877,6.745903894924514,0.5151066102869478,48
6,0.878,6.742701952712248,0.5146956270147639,48
6,0.879,6.739475861492106,0.5142833769777032,48
6,0.88,6.736225634906613,0.5138698801074538,48
6,0.881,6.732951292248194,0.5134551566251279,48
6,0.882,6.72965285846908,0.5130392270478467,48
6,0.883,6.726312265047306,0.512623739843879,48
6,0.884,6.7229662240045185,0.5122054106026992,48
6,0.885,6.719596188903889,0.5117859400691972,48
6,0.886,6.716202207681392,0.5113653499746129,48
6,0.887,6.712784333956953,0.5109436623795327,48
6,0.888,6.709342627036572,0.5105208996802612,48
6,0.889,6.705877151913153,0.5100970846151293,48
6,0.89,6.702369880123432,0.5096733977017677,48
6,0.891,6.698839464614125,0.5092436793813757,48
6,0.892,6.695304074741322,0.5088169233302022,48
6,0.893,6.691745210084661,0.5083892075935244,48
6,0.894,6.688144865433492,0.5079586577227809,48
6,0.895,6.6845398160983125,0.5075291585814847,48
6,0.896,6.680911578894643,0.5070987728209196,48
6,0.897,6.677242165817694,0.506660735877986,48
6,0.898,6.673568369350037,0.5062288040428152,48
6,0.899,6.669871723441715,0.5057960614191208,48
6,0.9,6.666098058895987,0.5053655150150267,48
6,0.901,6.662357536694308,0.5049311610925745,48
6,0.902,6.65859453095662,0.5044960801858148,48
6,0.903,6.654791088261807,0.5040553083513215,48
6,0.904,6.650984035563515,0.5036189938727174,48
6,0.905,6.647154941163042,0.5031820349544261,48
6,0.906,6.643303967515643,0.5027444611531757,48
6,0.907,6.6394312825167505,0.5023063024593494,48
6,0.908,6.635518960336665,0.5018668503514582,48
6,0.909,6.631585756264524,0.5014304157083523,48
6,0.91,6.627649941685584,0.5009906474957918,48
6,0.911,6.623675018730772,0.5005529366235861,48
6,0.912,6.619679759251401,0.5001130349366002,48
6,0.913,6.615682451100679,0.49967189770529086,48
6,0.914,6.6116466127798175,0.49922477374873897,48
6,0.915,6.607572933266725,0.4987783079135215,48
6,0.916,6.603516392304631,0.49833644644449593,48
6,0.917,6.599440035179348,0.49789432127684746,48
6,0.918,6.595344089645848,0.4974519674174417,48
6,0.919,6.591228788508334,0.4970094203322125,48
6,0.92,6.587094369583718,0.4965667159465561,48
6,0.921,6.58294107566394,0.49612389064541734,48
6,0.922,6.578769154477122,0.4956809812730651,48
6,0.923,6.574560759504995,0.4952395173749897,48
6,0.924,6.57035282395228,0.4947965165643005,48
6,0.925,6.566127021696386,0.4943535456656528,48
6,0.926,6.561865520928052,0.4939099369823667,48
6,0.927,6.557605269425166,0.4934671636880972,48
6,0.928,6.553327955499223,0.49302453713393724,48
6,0.929,6.549033860775328,0.49258209734604685,48
6,0.93,6.54472327145231,0.49213988479608256,48
6,0.931,6.5403964782540465,0.491697940397926,48
6,0.932,6.536053776379721,0.49125630550405264,48
6,0.933,6.531695465453016,0.49081502190153314,48
6,0.934,6.527303750327675,0.4903756619403817,48
6,0.935,6.522915615045142,0.48993517045330154,48
6,0.936,6.518494684630006,0.4894924689610531,48
6,0.937,6.514077951872213,0.4890530489148988,48
6,0.938,6.509647149570889,0.4886141945629029,48
6,0.939,6.505184504161531,0.488176326254883,48
6,0.94,6.500727020976509,0.48773872679078145,48
6,0.941,6.496238346035739,0.4873028480586862,48
6,0.942,6.491737393681579,0.48686192982806165,48
6,0.943,6.487242592828495,0.4864266826340948,48
6,0.944,6.482735700720167,0.48599226990863587,48
6,0.945,6.4782170670015295,0.48555873829605545,48
6,0.946,6.4736689458207595,0.48512801773146835,48
6,0.947,6.469110270633192,0.484692978364965,48
6,0.948,6.4645594891388685,0.4842624266813712,48
6,0.949,6.459998377035287,0.48383294436075486,48
6,0.95,6.455427302085138,0.48340457973101714,48
6,0.951,6.4508285362140505,0.4829792575841729,48
6,0.952,6.446239129452898,0.48255320578598,48
6,0.953,6.441622771718104,0.4821300361650759,48
6,0.954,6.437016519578894,0.4817065412682763,48
6,0.955,6.43240216848634,0.48128441208063516,48
6,0.956,6.427743907243387,0.4808650809212688,48
6,0.957,6.423115477261489,0.48044577895691265,48
6,0.958,6.418480094471626,0.48002799486845893,48
6,0.959,6.4138381549038685,0.4796117791031392,48
6,0.96,6.409190057228557,0.4791971822915706,48
6,0.961,6.404536202681314,0.4787842552332993,48
6,0.962,6.399876994987331,0.4783730488820048,48
6,0.963,6.39519474114234,0.4779639958351653,48
6,0.964,6.390526525345989,0.4775563746202514,48
6,0.965,6.385854169915937,0.47715062799424107,48
6,0.966,6.381178088035951,0.4767468073668546,48
6,0.967,6.376498694984505,0.4763449642232558,48
6,0.968,6.371816408055004,0.47594515010737026,48
6,0.969,6.367131646475381,0.47554741660491723,48
6,0.97,6.362444831327047,0.47515181532616113,48
6,0.971,6.357756385463236,0.47475839788839297,48
6,0.972,6.353030535141553,0.4743691528969047,48
6,0.973,6.348341057962181,0.4739802161348106,48
6,0.974,6.343651204768352,0.47359361860307175,48
6,0.975,6.338961405215586,0.47320941176223,48
6,0.976,6.334272090302764,0.4728276469883936,48
6,0.977,6.32956559314464,0.472448609233702,48
6,0.978,6.324879022896968,0.4720718693259698,48
6,0.979,6.32017612651995,0.4717025337001968,48
6,0.98,6.315494015528962,0.4713309131056498,48
6,0.981,6.310796439064834,0.4709599760807923,48
6,0.982,6.306120510643729,0.47059386785904467,48
6,0.983,6.3014299812265895,0.470229944399216,48
6,0.984,6.296743866825644,0.46987105470951795,48
6,0.985,6.292080694726196,0.4695134995980549,48
6,0.986,6.287422317216396,0.46915889169104935,48
6,0.987,6.282751076489873,0.46880451604244167,48
6,0.988,6.278104089874575,0.4684560019578057,48
6,0.989,6.2734632107349455,0.46811058095000374,48
6,0.99,6.268810782065842,0.4677688611645714,48
6,0.991,6.264183921720375,0.4674297547981376,48
6,0.992,6.2595463841685826,0.46709702129918246,48
6,0.993,6.2549352872435415,0.46676435664437127,48
6,0.994,6.250332484349801,0.4664350241713836,48
6,0.995,6.245738417198479,0.46610906984698847,48
6,0.996,6.241135427880685,0.4657873110442349,48
6,0.997,6.236542533643505,0.4654687730768353,48
6,0.998,6.231978261800272,0.46515317773884357,48
6,0.999,6.227424463456704,0.4648411407573259,48
