trial_index,operand,number,onset_ms,spike_count,firing_rate_hz
0,1,7,6660.83333333333,15,16.666666666666668
0,2,8,7410.8,17,18.88888888888889
1,1,7,81376.2333333333,14,15.555555555555555
1,2,4,82126.2333333333,13,14.444444444444445
2,1,7,89626.1,14,15.555555555555555
2,2,6,90376.1,20,22.22222222222222
3,2,5,97592.6333333333,15,16.666666666666668
4,1,8,118708.933333333,24,26.666666666666664
5,1,4,124642.166666667,13,14.444444444444445
5,2,4,125392.166666667,17,18.88888888888889
6,2,2,131025.4,17,18.88888888888889
7,1,7,135775.333333333,14,15.555555555555555
7,2,3,136525.3,22,24.444444444444443
8,1,3,143491.866666667,29,32.22222222222222
8,2,2,144241.833333333,27,30.0
9,1,4,148841.766666667,18,20.0
9,2,4,149575.1,15,16.666666666666668
10,1,6,159591.6,15,16.666666666666668
10,2,4,160341.566666667,25,27.77777777777778
11,1,7,165208.166666667,25,27.77777777777778
11,2,3,165958.133333333,18,20.0
12,2,7,171991.366666667,26,28.88888888888889
13,1,7,185857.833333333,17,18.88888888888889
14,2,8,191957.7,10,11.11111111111111
15,1,9,198240.933333333,16,17.77777777777778
15,2,7,198990.933333333,18,20.0
16,1,7,207190.8,23,25.555555555555554
17,2,7,213324.033333333,22,24.444444444444443
18,1,1,218040.6,17,18.88888888888889
18,2,8,218790.6,25,27.77777777777778
19,1,3,236223.633333333,22,24.444444444444443
19,2,7,236973.633333333,18,20.0
20,1,3,245990.133333333,17,18.88888888888889
20,2,5,246740.133333333,22,24.444444444444443
21,1,7,261273.2,17,18.88888888888889
22,1,4,267923.1,13,14.444444444444445
22,2,7,268673.1,16,17.77777777777778
23,1,5,274639.633333333,19,21.11111111111111
23,2,2,275389.633333333,20,22.22222222222222
25,1,6,292772.666666667,32,35.55555555555556
25,2,9,293522.666666667,27,30.0
26,1,7,304105.833333333,24,26.666666666666664
26,2,3,304855.8,19,21.11111111111111
27,1,2,311672.366666667,35,38.888888888888886
27,2,6,312422.333333333,24,26.666666666666664
28,2,9,319755.566666667,18,20.0
29,2,6,325155.466666667,24,26.666666666666664
30,1,6,332372.0,20,22.22222222222222
30,2,3,333122.0,20,22.22222222222222
31,1,9,339938.566666667,29,32.22222222222222
32,1,4,344688.466666667,15,16.666666666666668
32,2,5,345438.466666667,16,17.77777777777778
33,1,5,354821.633333333,21,23.333333333333332
33,2,1,355571.633333333,28,31.11111111111111
34,2,2,361104.866666667,16,17.77777777777778
35,1,7,368321.4,20,22.22222222222222
35,2,3,369071.4,20,22.22222222222222
36,1,6,375954.6,25,27.77777777777778
36,2,3,376704.6,17,18.88888888888889
37,2,3,382054.5,22,24.444444444444443
38,1,2,389554.4,25,27.77777777777778
38,2,4,390304.366666667,21,23.333333333333332
39,1,3,395470.933333333,13,14.444444444444445
40,1,5,404604.133333333,25,27.77777777777778
40,2,8,405354.1,35,38.888888888888886
41,2,9,412770.633333333,19,21.11111111111111
42,1,8,417587.233333333,14,15.555555555555555
42,2,9,418337.233333333,18,20.0
43,1,6,424153.8,14,15.555555555555555
43,2,5,424903.766666667,11,12.222222222222221
44,1,3,431803.666666667,25,27.77777777777778
44,2,2,432553.666666667,32,35.55555555555556
45,1,8,438336.9,29,32.22222222222222
46,1,2,444970.1,23,25.555555555555554
46,2,3,445720.1,23,25.555555555555554
47,1,2,450970.0,12,13.333333333333332
47,2,5,451720.0,19,21.11111111111111
48,1,2,462336.466666667,26,28.88888888888889
48,2,1,463086.466666667,23,25.555555555555554
49,1,5,468036.366666667,20,22.22222222222222
49,2,2,468786.366666667,26,28.88888888888889
50,1,2,475002.933333333,18,20.0
51,1,7,481586.133333333,29,32.22222222222222
51,2,7,482336.133333333,32,35.55555555555556
52,2,4,486852.733333333,19,21.11111111111111
53,1,8,492235.966666667,11,12.222222222222221
53,2,4,492985.966666667,16,17.77777777777778
54,1,7,499369.166666667,21,23.333333333333332
54,2,6,500119.166666667,22,24.444444444444443
55,1,8,507819.033333333,16,17.77777777777778
55,2,7,508569.033333333,18,20.0
56,1,9,513885.6,17,18.88888888888889
56,2,1,514635.6,17,18.88888888888889
57,1,8,519885.5,14,15.555555555555555
58,1,6,530285.333333333,14,15.555555555555555
58,2,6,531035.3,16,17.77777777777778
59,1,4,536818.533333333,31,34.44444444444444
60,1,1,543968.433333333,20,22.22222222222222
60,2,1,544718.4,11,12.222222222222221
61,1,2,554151.6,36,40.0
61,2,4,554901.566666667,16,17.77777777777778
62,1,1,560234.833333333,15,16.666666666666668
62,2,2,560984.8,21,23.333333333333332
63,1,7,567568.033333333,15,16.666666666666668
63,2,7,568318.0,25,27.77777777777778
64,1,8,582534.433333333,39,43.333333333333336
64,2,8,583284.433333333,32,35.55555555555556
65,2,4,589867.666666667,15,16.666666666666668
66,1,9,597917.5,22,24.444444444444443
66,2,9,598667.5,22,24.444444444444443
67,1,7,604134.066666667,18,20.0
67,2,1,604884.066666667,22,24.444444444444443
68,2,3,610283.966666667,16,17.77777777777778
69,1,5,615167.233333333,20,22.22222222222222
70,2,1,621950.433333333,19,21.11111111111111
71,2,6,627183.666666667,17,18.88888888888889
72,1,3,634633.566666667,13,14.444444444444445
72,2,1,635383.533333333,16,17.77777777777778
74,1,8,646583.333333333,12,13.333333333333332
75,1,4,651799.933333333,13,14.444444444444445
75,2,9,652549.9,17,18.88888888888889
76,1,6,659516.466666667,19,21.11111111111111
76,2,7,660266.466666667,19,21.11111111111111
77,2,5,667799.666666667,28,31.11111111111111
78,1,8,673332.9,21,23.333333333333332
78,2,5,674099.566666667,16,17.77777777777778
79,1,1,681266.1,26,28.88888888888889
79,2,6,682016.066666667,15,16.666666666666668
80,1,3,686499.333333333,15,16.666666666666668
80,2,8,687249.333333333,17,18.88888888888889
81,1,3,693599.233333333,29,32.22222222222222
81,2,4,694349.2,34,37.77777777777778
82,2,2,700699.1,16,17.77777777777778
83,1,4,718682.133333333,16,17.77777777777778
83,2,7,719432.1,18,20.0
84,1,4,729648.6,19,21.11111111111111
84,2,2,730398.6,23,25.555555555555554
85,1,3,735881.833333333,24,26.666666666666664
85,2,4,736631.833333333,17,18.88888888888889
86,1,4,741998.4,19,21.11111111111111
86,2,8,742748.366666667,10,11.11111111111111
87,1,9,749931.6,23,25.555555555555554
87,2,4,750681.566666667,28,31.11111111111111
88,1,7,759231.433333333,18,20.0
88,2,7,759981.433333333,27,30.0
89,1,6,764764.666666667,25,27.77777777777778
89,2,9,765514.666666667,11,12.222222222222221
90,1,5,773631.2,19,21.11111111111111
90,2,1,774381.166666667,15,16.666666666666668
91,1,1,779447.766666667,9,10.0
91,2,8,780197.766666667,14,15.555555555555555
92,1,2,786964.3,14,15.555555555555555
93,1,7,796097.466666667,18,20.0
94,1,6,801180.733333333,28,31.11111111111111
94,2,3,801930.7,12,13.333333333333332
95,1,1,807613.966666667,17,18.88888888888889
95,2,5,808363.933333333,19,21.11111111111111
96,1,9,813063.866666667,16,17.77777777777778
96,2,2,813797.166666667,26,28.88888888888889
97,1,3,821247.066666667,30,33.333333333333336
97,2,4,821997.033333333,14,15.555555555555555
98,1,9,828330.266666667,32,35.55555555555556
98,2,5,829080.266666667,12,13.333333333333332
99,1,6,836730.133333333,17,18.88888888888889
99,2,8,837480.1,23,25.555555555555554
100,2,8,847346.6,14,15.555555555555555
101,1,9,862379.7,25,27.77777777777778
101,2,6,863129.666666667,24,26.666666666666664
102,1,6,873896.166666667,13,14.444444444444445
102,2,6,874646.133333333,14,15.555555555555555
103,1,9,878279.433333333,14,15.555555555555555
103,2,5,879029.4,31,34.44444444444444
104,1,4,886312.6,20,22.22222222222222
104,2,8,887062.6,17,18.88888888888889
105,1,9,893312.5,24,26.666666666666664
105,2,7,894062.466666667,17,18.88888888888889
106,1,3,907512.266666667,21,23.333333333333332
106,2,1,908262.233333333,23,25.555555555555554
107,1,6,913845.466666667,19,21.11111111111111
107,2,6,914595.466666667,21,23.333333333333332
108,1,3,918445.4,16,17.77777777777778
108,2,5,919178.7,15,16.666666666666668
109,1,2,926345.266666667,18,20.0
109,2,8,927095.233333333,7,7.777777777777778
110,1,7,934495.133333333,21,23.333333333333332
110,2,1,935245.1,20,22.22222222222222
111,1,5,947644.9,18,20.0
111,2,6,948394.9,17,18.88888888888889
112,1,1,955061.433333333,22,24.444444444444443
112,2,2,955811.433333333,18,20.0
113,1,2,964294.633333333,23,25.555555555555554
113,2,3,965044.6,28,31.11111111111111
114,1,4,971111.166666667,23,25.555555555555554
114,2,4,971861.166666667,22,24.444444444444443
115,1,7,977694.4,16,17.77777777777778
116,1,3,987510.9,13,14.444444444444445
116,2,5,988260.866666667,13,14.444444444444445
117,1,5,996027.4,13,14.444444444444445
117,2,8,996794.066666667,15,16.666666666666668
118,1,3,1005143.93333333,20,22.22222222222222
119,1,7,1015210.43333333,16,17.77777777777778
119,2,9,1015960.4,14,15.555555555555555
120,1,3,1021893.63333333,23,25.555555555555554
120,2,3,1022643.63333333,12,13.333333333333332
121,1,3,1033693.43333333,14,15.555555555555555
121,2,9,1034443.43333333,19,21.11111111111111
122,1,7,1045093.23333333,11,12.222222222222221
122,2,7,1045843.23333333,13,14.444444444444445
123,1,7,1050576.46666667,17,18.88888888888889
124,1,1,1055376.4,14,15.555555555555555
124,2,9,1056126.36666667,18,20.0
125,1,1,1060776.3,14,15.555555555555555
126,1,1,1067492.86666667,9,10.0
126,2,7,1068242.83333333,16,17.77777777777778
127,1,5,1072592.76666667,23,25.555555555555554
127,2,1,1073342.76666667,18,20.0
129,1,7,1082759.26666667,19,21.11111111111111
129,2,7,1083509.26666667,22,24.444444444444443
130,2,6,1088859.16666667,21,23.333333333333332
131,1,1,1093275.76666667,20,22.22222222222222
131,2,7,1094025.73333333,22,24.444444444444443
132,1,2,1100508.96666667,24,26.666666666666664
132,2,2,1101258.93333333,20,22.22222222222222
133,1,2,1108925.5,12,13.333333333333332
133,2,2,1109675.46666667,18,20.0
134,1,3,1114208.73333333,23,25.555555555555554
135,1,1,1119258.63333333,26,28.88888888888889
135,2,1,1120008.63333333,20,22.22222222222222
136,1,3,1123858.56666667,24,26.666666666666664
137,2,4,1131075.1,23,25.555555555555554
138,1,6,1138325.0,9,10.0
138,2,5,1139074.96666667,17,18.88888888888889
139,2,7,1145608.2,8,8.88888888888889
140,1,4,1151208.1,16,17.77777777777778
140,2,4,1151958.1,13,14.444444444444445
141,2,8,1157941.3,15,16.666666666666668
142,1,4,1162174.6,18,20.0
142,2,9,1162924.56666667,19,21.11111111111111
143,1,4,1169441.13333333,24,26.666666666666664
144,1,1,1175341.03333333,26,28.88888888888889
144,2,2,1176091.0,14,15.555555555555555
145,1,5,1181874.23333333,27,30.0
145,2,3,1182624.23333333,16,17.77777777777778
146,1,6,1188424.13333333,21,23.333333333333332
146,2,6,1189174.13333333,21,23.333333333333332
147,1,8,1193674.03333333,38,42.22222222222222
147,2,8,1194424.03333333,28,31.11111111111111
148,1,9,1198307.3,22,24.444444444444443
148,2,6,1199057.26666667,13,14.444444444444445
149,1,9,1208190.46666667,17,18.88888888888889
151,1,8,1226156.83333333,23,25.555555555555554
152,1,9,1231540.06666667,19,21.11111111111111
152,2,7,1232290.06666667,12,13.333333333333332
153,1,4,1240123.23333333,15,16.666666666666668
153,2,4,1240873.23333333,17,18.88888888888889
154,1,8,1248606.43333333,14,15.555555555555555
154,2,8,1249356.43333333,20,22.22222222222222
155,1,5,1257822.93333333,11,12.222222222222221
155,2,6,1258572.93333333,14,15.555555555555555
156,2,4,1266022.8,23,25.555555555555554
157,1,5,1270206.06666667,15,16.666666666666668
157,2,7,1270956.06666667,21,23.333333333333332
158,1,2,1280805.9,20,22.22222222222222
159,1,7,1285755.8,15,16.666666666666668
159,2,3,1286505.8,16,17.77777777777778
160,1,9,1291655.7,29,32.22222222222222
161,1,8,1296038.96666667,19,21.11111111111111
161,2,9,1296788.96666667,18,20.0
162,1,4,1306655.46666667,14,15.555555555555555
162,2,2,1307405.43333333,11,12.222222222222221
163,1,5,1313005.33333333,14,15.555555555555555
163,2,4,1313755.33333333,17,18.88888888888889
164,1,7,1317488.6,22,24.444444444444443
164,2,1,1318238.56666667,18,20.0
165,1,3,1323238.5,18,20.0
166,2,3,1328055.06666667,24,26.666666666666664
167,1,7,1341271.53333333,22,24.444444444444443
168,1,4,1348021.4,20,22.22222222222222
168,2,2,1348771.4,17,18.88888888888889
169,1,6,1353771.3,10,11.11111111111111
170,2,2,1359521.2,21,23.333333333333332
171,1,8,1365037.8,19,21.11111111111111
171,2,5,1365787.76666667,17,18.88888888888889
172,1,3,1371971.0,18,20.0
172,2,3,1372721.0,12,13.333333333333332
173,2,9,1376854.26666667,11,12.222222222222221
175,2,5,1388854.03333333,23,25.555555555555554
176,1,1,1393670.63333333,16,17.77777777777778
176,2,6,1394420.63333333,19,21.11111111111111
177,1,8,1400270.53333333,27,30.0
177,2,4,1401020.5,23,25.555555555555554
178,1,8,1406403.76666667,19,21.11111111111111
178,2,4,1407153.73333333,21,23.333333333333332
179,2,6,1412786.96666667,11,12.222222222222221
180,1,9,1417686.9,19,21.11111111111111
180,2,4,1418436.86666667,29,32.22222222222222
181,1,2,1424353.43333333,17,18.88888888888889
181,2,2,1425103.43333333,22,24.444444444444443
182,1,2,1429770.03333333,18,20.0
182,2,9,1430520.0,23,25.555555555555554
183,1,8,1435486.6,24,26.666666666666664
183,2,3,1436236.56666667,18,20.0
184,2,7,1443386.46666667,16,17.77777777777778
185,1,7,1449703.0,25,27.77777777777778
185,2,5,1450453.0,33,36.666666666666664
186,1,7,1459019.53333333,23,25.555555555555554
186,2,9,1459769.5,23,25.555555555555554
187,2,3,1468952.66666667,22,24.444444444444443
189,1,3,1495718.9,11,12.222222222222221
189,2,8,1496468.86666667,21,23.333333333333332
190,1,2,1503502.1,18,20.0
190,2,8,1504252.06666667,22,24.444444444444443
191,1,4,1511901.93333333,12,13.333333333333332
191,2,3,1512651.93333333,23,25.555555555555554
192,1,2,1519568.46666667,13,14.444444444444445
192,2,2,1520318.46666667,15,16.666666666666668
193,1,1,1524618.4,14,15.555555555555555
193,2,1,1525368.4,10,11.11111111111111
194,1,7,1529784.96666667,20,22.22222222222222
194,2,2,1530534.96666667,21,23.333333333333332
195,1,3,1535168.23333333,15,16.666666666666668
195,2,2,1535918.2,13,14.444444444444445
196,1,1,1542701.43333333,21,23.333333333333332
196,2,5,1543451.4,29,32.22222222222222
197,2,9,1548118.0,16,17.77777777777778
198,1,5,1557984.5,26,28.88888888888889
198,2,8,1558734.5,21,23.333333333333332
199,1,9,1565367.7,21,23.333333333333332
199,2,2,1566117.7,24,26.666666666666664
200,2,4,1572500.9,15,16.666666666666668
201,1,7,1576750.83333333,23,25.555555555555554
201,2,9,1577500.83333333,19,21.11111111111111
202,1,9,1590217.26666667,17,18.88888888888889
202,2,2,1590967.26666667,16,17.77777777777778
203,1,4,1598383.8,19,21.11111111111111
203,2,7,1599133.8,22,24.444444444444443
204,1,8,1607300.33333333,17,18.88888888888889
204,2,5,1608050.3,19,21.11111111111111
205,1,2,1616350.16666667,33,36.666666666666664
205,2,1,1617100.16666667,23,25.555555555555554
206,1,5,1621583.4,13,14.444444444444445
206,2,1,1622333.4,18,20.0
207,1,8,1626466.66666667,12,13.333333333333332
208,1,2,1632016.56666667,19,21.11111111111111
208,2,7,1632766.56666667,19,21.11111111111111
209,2,1,1638916.43333333,22,24.444444444444443
210,1,7,1644766.33333333,22,24.444444444444443
210,2,4,1645516.33333333,14,15.555555555555555
211,1,5,1650832.9,19,21.11111111111111
211,2,2,1651582.9,14,15.555555555555555
212,1,2,1656432.83333333,17,18.88888888888889
213,2,2,1663016.03333333,18,20.0
214,1,4,1669815.93333333,19,21.11111111111111
214,2,1,1670565.9,22,24.444444444444443
215,2,3,1676582.46666667,10,11.11111111111111
216,1,9,1683632.36666667,15,16.666666666666668
216,2,7,1684382.33333333,14,15.555555555555555
217,1,6,1697465.46666667,20,22.22222222222222
217,2,6,1698215.43333333,12,13.333333333333332
218,1,1,1702665.36666667,17,18.88888888888889
218,2,7,1703415.33333333,15,16.666666666666668
219,1,2,1708515.26666667,25,27.77777777777778
220,1,8,1713648.5,22,24.444444444444443
220,2,5,1714398.5,25,27.77777777777778
221,1,5,1720848.4,15,16.666666666666668
222,1,1,1726631.63333333,26,28.88888888888889
222,2,3,1727381.6,22,24.444444444444443
223,1,9,1733931.5,11,12.222222222222221
223,2,6,1734681.46666667,19,21.11111111111111
224,1,1,1743114.66666667,15,16.666666666666668
224,2,5,1743864.66666667,24,26.666666666666664
225,2,5,1750914.53333333,12,13.333333333333332
226,1,6,1756331.1,15,16.666666666666668
226,2,8,1757081.1,14,15.555555555555555
228,1,4,1771614.16666667,21,23.333333333333332
228,2,7,1772364.16666667,30,33.333333333333336
229,1,2,1777197.43333333,17,18.88888888888889
229,2,9,1777947.4,27,30.0
230,1,7,1793547.13333333,11,12.222222222222221
230,2,2,1794297.13333333,17,18.88888888888889
231,2,8,1809246.86666667,12,13.333333333333332
232,1,9,1813946.8,31,34.44444444444444
233,1,8,1820346.7,17,18.88888888888889
233,2,5,1821096.66666667,22,24.444444444444443
234,1,1,1829829.86666667,22,24.444444444444443
234,2,9,1830579.83333333,7,7.777777777777778
235,2,9,1836779.73333333,25,27.77777777777778
236,1,2,1842262.96666667,18,20.0
236,2,2,1843012.96666667,12,13.333333333333332
237,1,7,1845829.6,14,15.555555555555555
237,2,5,1846579.56666667,20,22.22222222222222
238,1,5,1852429.46666667,13,14.444444444444445
238,2,5,1853179.46666667,25,27.77777777777778
239,1,1,1857429.4,11,12.222222222222221
239,2,1,1858179.36666667,15,16.666666666666668
240,2,2,1862779.3,17,18.88888888888889
241,2,2,1868412.53333333,20,22.22222222222222
242,1,7,1875179.1,13,14.444444444444445
242,2,2,1875929.06666667,14,15.555555555555555
244,1,2,1886028.9,14,15.555555555555555
244,2,1,1886778.9,17,18.88888888888889
245,1,6,1892745.46666667,20,22.22222222222222
245,2,3,1893495.43333333,21,23.333333333333332
246,1,2,1898778.66666667,19,21.11111111111111
246,2,5,1899528.66666667,18,20.0
247,1,1,1904695.26666667,16,17.77777777777778
247,2,7,1905445.23333333,15,16.666666666666668
248,1,6,1910495.16666667,23,25.555555555555554
248,2,3,1911245.13333333,42,46.666666666666664
249,1,9,1916461.73333333,19,21.11111111111111
249,2,1,1917211.7,22,24.444444444444443
250,1,3,1921144.96666667,20,22.22222222222222
250,2,8,1921894.96666667,15,16.666666666666668
251,1,1,1927411.53333333,12,13.333333333333332
251,2,3,1928161.53333333,32,35.55555555555556
252,1,2,1935661.4,12,13.333333333333332
253,1,1,1947077.86666667,18,20.0
253,2,3,1947827.83333333,17,18.88888888888889
254,1,7,1958161.0,22,24.444444444444443
254,2,2,1958911.0,21,23.333333333333332
255,1,8,1964027.56666667,7,7.777777777777778
255,2,9,1964777.56666667,11,12.222222222222221
256,2,8,1977694.0,28,31.11111111111111
257,1,2,1982727.23333333,27,30.0
257,2,4,1983477.23333333,28,31.11111111111111
258,1,2,1986843.83333333,19,21.11111111111111
259,1,6,1991827.1,28,31.11111111111111
259,2,6,1992577.1,22,24.444444444444443
260,1,2,1996177.03333333,15,16.666666666666668
260,2,4,1996927.0,25,27.77777777777778
261,1,5,2001926.93333333,20,22.22222222222222
261,2,6,2002676.9,16,17.77777777777778
262,2,2,2012310.06666667,20,22.22222222222222
263,1,1,2016726.66666667,18,20.0
264,1,5,2023326.56666667,17,18.88888888888889
264,2,9,2024076.53333333,22,24.444444444444443
265,1,6,2028976.46666667,22,24.444444444444443
265,2,1,2029726.43333333,17,18.88888888888889
266,2,4,2037292.96666667,13,14.444444444444445
267,1,9,2045426.2,17,18.88888888888889
268,1,7,2049776.1,15,16.666666666666668
268,2,4,2050526.1,13,14.444444444444445
269,1,3,2056442.66666667,22,24.444444444444443
269,2,9,2057192.63333333,17,18.88888888888889
270,1,5,2062375.9,23,25.555555555555554
270,2,1,2063125.86666667,15,16.666666666666668
271,2,5,2068642.43333333,15,16.666666666666668
272,1,4,2073575.7,30,33.333333333333336
273,1,3,2079025.6,19,21.11111111111111
273,2,8,2079775.6,20,22.22222222222222
274,1,3,2085742.16666667,18,20.0
274,2,2,2086492.13333333,27,30.0
275,2,2,2092392.03333333,21,23.333333333333332
276,1,4,2095308.66666667,16,17.77777777777778
276,2,2,2096058.63333333,23,25.555555555555554
277,2,4,2103525.2,27,30.0
278,1,6,2111325.06666667,14,15.555555555555555
278,2,9,2112075.03333333,20,22.22222222222222
279,1,8,2120458.23333333,19,21.11111111111111
279,2,5,2121208.23333333,24,26.666666666666664
280,1,6,2130158.06666667,22,24.444444444444443
280,2,7,2130908.06666667,17,18.88888888888889
281,1,3,2140907.9,12,13.333333333333332
281,2,4,2141657.86666667,10,11.11111111111111
282,1,5,2147174.43333333,26,28.88888888888889
282,2,1,2147924.43333333,22,24.444444444444443
283,1,1,2152591.03333333,16,17.77777777777778
283,2,4,2153341.0,18,20.0
284,2,4,2161774.2,11,12.222222222222221
285,1,1,2166290.8,26,28.88888888888889
285,2,9,2167040.76666667,28,31.11111111111111
286,1,6,2171924.03333333,27,30.0
287,1,8,2179257.23333333,16,17.77777777777778
288,1,4,2188407.06666667,11,12.222222222222221
288,2,4,2189157.06666667,14,15.555555555555555
289,1,4,2195956.93333333,17,18.88888888888889
289,2,6,2196706.93333333,19,21.11111111111111
290,1,7,2207956.73333333,18,20.0
290,2,2,2208706.73333333,17,18.88888888888889
291,1,1,2215156.63333333,18,20.0
291,2,4,2215906.6,20,22.22222222222222
292,1,6,2220023.2,16,17.77777777777778
292,2,7,2220773.2,20,22.22222222222222
293,1,7,2230139.7,17,18.88888888888889
293,2,4,2230889.66666667,24,26.666666666666664
294,1,5,2239139.53333333,32,35.55555555555556
294,2,1,2239889.53333333,21,23.333333333333332
295,1,2,2243689.46666667,24,26.666666666666664
295,2,8,2244439.46666667,18,20.0
296,1,6,2250156.0,19,21.11111111111111
297,1,4,2254472.6,21,23.333333333333332
297,2,5,2255222.6,15,16.666666666666668
298,1,4,2261772.5,18,20.0
298,2,2,2262522.46666667,14,15.555555555555555
