trial,tCue1,tCue2,tCue3,presentationEnd,tPress1,tPress2,tPress3,keyPress1,keyPress2,keyPress3,choiceEnd,timeFeedback,cue1,cue2,operation,operationFirst,correctAnsw,givenAnsw,correct,correctFb,toExclude,operand1_time,operation_time,operand2_time
1,5910.83333333333,6660.83333333333,7410.8,8177.46666666667,72843.0666666667,78309.6333333333,,Home,5.0,,80376.2666666667,80876.2333333333,7,8,-,1,-1,5,0,1,0,6660.83333333333,5910.83333333333,7410.8
2,81376.2333333333,82126.2333333333,82876.2333333333,83626.2,86309.5,86642.8,,1,1.0,,87876.1333333333,88376.1,7,4,+,0,11,11,1,1,0,81376.2333333333,82876.2333333333,82126.2333333333
3,88876.1333333333,89626.1,90376.1,91126.0666666667,94109.3666666667,,,1,,,95076.0,95592.6666666667,7,6,-,1,1,1,1,1,0,89626.1,88876.1333333333,90376.1
4,96092.6666666667,96842.6333333333,97592.6333333333,98342.6333333333,104792.5,105425.833333333,113942.366666667,1,5.0,DELETE,117708.966666667,118208.933333333,10,5,-,1,5,15,0,1,0,96842.6333333333,96092.6666666667,97592.6333333333
5,118708.933333333,119458.933333333,120208.933333333,120958.9,122258.9,,,0,,,122892.2,123392.2,8,0,-,0,8,0,0,1,0,118708.933333333,120208.933333333,119458.933333333
6,123892.2,124642.166666667,125392.166666667,126142.166666667,127858.8,,,8,,,128525.433333333,129025.433333333,4,4,+,1,8,8,1,1,0,124642.166666667,123892.2,125392.166666667
7,129525.433333333,130275.433333333,131025.4,131775.4,133008.7,133408.7,,1,2.0,,134008.7,134525.333333333,10,2,+,1,12,12,1,1,0,130275.433333333,129525.433333333,131025.4
8,135025.333333333,135775.333333333,136525.3,137275.3,141858.566666667,,,4,,,142491.866666667,142991.866666667,7,3,-,1,4,4,1,1,0,135775.333333333,135025.333333333,136525.3
9,143491.866666667,144241.833333333,144991.833333333,145741.833333333,147108.466666667,,,1,,,147825.133333333,148325.1,3,2,-,0,1,1,1,1,0,143491.866666667,144991.833333333,144241.833333333
10,148841.766666667,149575.1,150341.733333333,151091.733333333,157291.633333333,,,8,,,157858.3,158341.6,4,4,+,0,8,8,1,1,0,148841.766666667,150341.733333333,149575.1
11,158841.6,159591.6,160341.566666667,161091.566666667,163274.866666667,163608.2,,1,0.0,,164208.166666667,164708.166666667,6,4,+,1,10,10,1,1,0,159591.6,158841.6,160341.566666667
12,165208.166666667,165958.133333333,166708.133333333,167458.133333333,169508.1,169824.766666667,,1,0.0,,170224.733333333,170724.733333333,7,3,+,0,10,10,1,1,0,165208.166666667,166708.133333333,165958.133333333
13,171241.4,171991.366666667,172741.366666667,173491.366666667,183007.866666667,,,7,,,184091.166666667,184591.166666667,0,7,+,0,7,7,1,1,0,171241.4,172741.366666667,171991.366666667
14,185107.833333333,185857.833333333,186607.8,187357.8,188674.433333333,189291.1,,1,7.0,,190207.733333333,190707.733333333,7,10,+,1,17,17,1,1,0,185857.833333333,185107.833333333,186607.8
15,191207.733333333,191957.7,192707.7,193457.7,195824.333333333,196574.3,,1,8.0,,197240.966666667,197740.933333333,10,8,+,0,18,18,1,1,0,191207.733333333,192707.7,191957.7
16,198240.933333333,198990.933333333,199740.9,200490.9,203790.866666667,204557.5,,1,6.0,,205424.166666667,205924.133333333,9,7,+,0,16,16,1,1,0,198240.933333333,199740.9,198990.933333333
17,206440.8,207190.8,207940.766666667,208690.766666667,210407.4,210924.066666667,,1,7.0,,211574.033333333,212074.033333333,7,10,+,1,17,17,1,1,0,207190.8,206440.8,207940.766666667
18,212574.033333333,213324.033333333,214074.0,214824.0,215790.633333333,,,0,,,216290.633333333,216790.633333333,0,7,-,0,-7,0,0,1,0,212574.033333333,214074.0,213324.033333333
19,217290.633333333,218040.6,218790.6,219540.566666667,225473.833333333,,,9,,,235240.333333333,235740.3,1,8,+,1,9,9,1,1,0,218040.6,217290.633333333,218790.6
20,236223.633333333,236973.633333333,237723.6,238473.6,243590.166666667,,,4,,,244240.166666667,244740.166666667,3,7,-,0,-4,4,0,1,0,236223.633333333,237723.6,236973.633333333
21,245240.166666667,245990.133333333,246740.133333333,247490.1,259489.9,,,3,,,260273.233333333,260773.2,3,5,-,1,-2,3,0,1,0,245990.133333333,245240.166666667,246740.133333333
22,261273.2,262023.2,262773.2,263523.166666667,265456.466666667,,,7,,,266173.133333333,266673.1,7,0,+,0,7,7,1,1,0,261273.2,262773.2,262023.2
23,267173.133333333,267923.1,268673.1,269423.066666667,271539.7,271789.7,,1,1.0,,272889.666666667,273389.666666667,4,7,+,1,11,11,1,1,0,267923.1,267173.133333333,268673.1
24,273889.666666667,274639.633333333,275389.633333333,276139.633333333,277922.933333333,,,3,,,278639.6,279139.566666667,5,2,-,1,3,3,1,1,0,274639.633333333,273889.666666667,275389.633333333
25,279639.566666667,280389.566666667,281139.533333333,281889.533333333,290339.4,,,0,,,291022.7,291522.7,0,10,-,0,-10,0,0,1,0,279639.566666667,281139.533333333,280389.566666667
26,292022.7,292772.666666667,293522.666666667,294272.666666667,301539.2,,,3,,,302355.833333333,302855.833333333,6,9,-,1,-3,3,0,1,0,292772.666666667,292022.7,293522.666666667
27,303355.833333333,304105.833333333,304855.8,305605.8,309755.733333333,,,4,,,310655.7,311172.366666667,7,3,-,1,4,4,1,1,0,304105.833333333,303355.833333333,304855.8
28,311672.366666667,312422.333333333,313172.333333333,313922.333333333,316488.966666667,,,8,,,317255.6,317755.566666667,2,6,+,0,8,8,1,1,0,311672.366666667,313172.333333333,312422.333333333
29,318255.6,319005.566666667,319755.566666667,320505.533333333,322072.2,,,9,,,322638.833333333,323155.5,0,9,+,1,9,9,1,1,0,319005.566666667,318255.6,319755.566666667
30,323655.5,324405.466666667,325155.466666667,325905.466666667,330088.733333333,,,6,,,330605.366666667,331122.033333333,0,6,-,1,-6,6,0,1,0,324405.466666667,323655.5,325155.466666667
31,331622.033333333,332372.0,333122.0,333872.0,337605.266666667,,,3,,,338188.566666667,338688.566666667,6,3,-,1,3,3,1,1,0,332372.0,331622.033333333,333122.0
32,339188.566666667,339938.566666667,340688.533333333,341438.533333333,342838.5,,,1,,,343688.5,344188.466666667,9,10,-,1,-1,1,0,1,0,339938.566666667,339188.566666667,340688.533333333
33,344688.466666667,345438.466666667,346188.433333333,346938.433333333,352971.666666667,,,9,,,353821.633333333,354321.633333333,4,5,+,0,9,9,1,1,0,344688.466666667,346188.433333333,345438.466666667
34,354821.633333333,355571.633333333,356321.6,357071.6,358588.233333333,,,6,,,359354.9,359854.866666667,5,1,+,0,6,6,1,1,0,354821.633333333,356321.6,355571.633333333
35,360354.866666667,361104.866666667,361854.833333333,362604.833333333,365804.766666667,,,0,,,366571.433333333,367071.4,0,2,-,0,-2,0,0,1,0,360354.866666667,361854.833333333,361104.866666667
36,367571.433333333,368321.4,369071.4,369821.366666667,374087.966666667,374387.966666667,,1,0.0,,374954.633333333,375454.6,7,3,+,1,10,10,1,1,0,368321.4,367571.433333333,369071.4
37,375954.6,376704.6,377454.566666667,378204.566666667,379787.866666667,,,3,,,380287.866666667,380787.833333333,6,3,-,0,3,3,1,1,0,375954.6,377454.566666667,376704.6
38,381304.533333333,382054.5,382804.5,383554.466666667,387704.4,,,7,,,388554.4,389054.366666667,10,3,-,0,7,7,1,1,0,381304.533333333,382804.5,382054.5
39,389554.4,390304.366666667,391054.333333333,391804.333333333,393154.3,,,2,,,393720.966666667,394220.966666667,2,4,-,0,-2,2,0,1,0,389554.4,391054.333333333,390304.366666667
40,394720.966666667,395470.933333333,396237.6,396987.566666667,401737.5,402420.833333333,,1,3.0,,402837.466666667,403354.133333333,3,10,+,1,13,13,1,1,0,395470.933333333,394720.966666667,396237.6
41,403854.133333333,404604.133333333,405354.1,406104.1,409087.366666667,409587.366666667,,1,3.0,,410254.033333333,410770.666666667,5,8,+,1,13,13,1,1,0,404604.133333333,403854.133333333,405354.1
42,411270.7,412020.666666667,412770.633333333,413520.633333333,415937.266666667,,,0,,,416587.233333333,417087.233333333,0,9,-,1,-9,0,0,1,0,412020.666666667,411270.7,412770.633333333
43,417587.233333333,418337.233333333,419087.2,419837.2,421703.833333333,,,1,,,422403.8,422903.8,8,9,-,0,-1,1,0,1,0,417587.233333333,419087.2,418337.233333333
44,423403.8,424153.8,424903.766666667,425653.766666667,429753.7,,,1,,,430803.666666667,431303.666666667,6,5,-,1,1,1,1,1,0,424153.8,423403.8,424903.766666667
45,431803.666666667,432553.666666667,433303.633333333,434053.633333333,436653.566666667,,,5,,,437336.9,437836.9,3,2,+,0,5,5,1,1,0,431803.666666667,433303.633333333,432553.666666667
46,438336.9,439086.866666667,439836.866666667,440603.5,442536.8,,,8,,,443970.133333333,444470.1,8,0,+,0,8,8,1,1,0,438336.9,439836.866666667,439086.866666667
47,444970.1,445720.1,446470.066666667,447220.066666667,448553.366666667,,,1,,,449220.033333333,449720.0,2,3,-,0,-1,1,0,1,0,444970.1,446470.066666667,445720.1
48,450220.033333333,450970.0,451720.0,452469.966666667,459536.533333333,,,7,,,460586.5,461086.5,2,5,+,1,7,7,1,1,0,450970.0,450220.033333333,451720.0
49,461586.5,462336.466666667,463086.466666667,463853.133333333,466169.733333333,,,1,,,467036.4,467536.4,2,1,-,1,1,1,1,1,0,462336.466666667,461586.5,463086.466666667
50,468036.366666667,468786.366666667,469536.366666667,470286.333333333,472569.633333333,,,7,,,473252.966666667,473752.933333333,5,2,+,0,7,7,1,1,0,468036.366666667,469536.366666667,468786.366666667
51,474252.933333333,475002.933333333,475752.9,476502.9,479102.866666667,,,2,,,479836.166666667,480336.166666667,2,0,+,1,2,2,1,1,0,475002.933333333,474252.933333333,475752.9
52,480836.166666667,481586.133333333,482336.133333333,483086.133333333,484519.433333333,,,0,,,485086.1,485602.733333333,7,7,-,1,0,0,1,1,0,481586.133333333,480836.166666667,482336.133333333
53,486102.733333333,486852.733333333,487602.7,488352.7,489519.366666667,489852.666666667,,1,4.0,,490469.333333333,490986.0,10,4,+,0,14,14,1,1,0,486102.733333333,487602.7,486852.733333333
54,491486.0,492235.966666667,492985.966666667,493735.933333333,496352.566666667,497002.566666667,,1,2.0,,497619.2,498119.2,8,4,+,1,12,12,1,1,0,492235.966666667,491486.0,492985.966666667
55,498619.2,499369.166666667,500119.166666667,500869.166666667,505602.433333333,506319.066666667,,1,3.0,,506819.033333333,507319.033333333,7,6,+,1,13,13,1,1,0,499369.166666667,498619.2,500119.166666667
56,507819.033333333,508569.033333333,509319.0,510069.0,512052.3,,,1,,,512885.633333333,513385.6,8,7,-,0,1,1,1,1,0,507819.033333333,509319.0,508569.033333333
57,513885.6,514635.6,515385.566666667,516135.566666667,518118.866666667,,,8,,,518868.866666667,519385.5,9,1,-,0,8,8,1,1,0,513885.6,515385.566666667,514635.6
58,519885.5,520635.5,521385.466666667,522135.466666667,527768.7,,,2,,,528552.033333333,529035.333333333,8,10,-,0,-2,2,0,1,0,519885.5,521385.466666667,520635.5
59,529535.333333333,530285.333333333,531035.3,531785.3,534251.933333333,534551.933333333,,1,2.0,,535068.566666667,535568.566666667,6,6,+,1,12,12,1,1,0,530285.333333333,529535.333333333,531035.3
60,536068.566666667,536818.533333333,537568.533333333,538318.533333333,541685.133333333,542001.8,,1,0.0,,542968.433333333,543468.433333333,4,10,-,1,-6,10,0,1,0,536818.533333333,536068.566666667,537568.533333333
61,543968.433333333,544718.4,545468.4,546218.4,552334.966666667,,,2,,,553151.6,553651.6,1,1,+,0,2,2,1,1,0,543968.433333333,545468.4,544718.4
62,554151.6,554901.566666667,555651.566666667,556401.533333333,557751.533333333,,,2,,,558484.833333333,558984.833333333,2,4,-,0,-2,2,0,1,0,554151.6,555651.566666667,554901.566666667
63,559484.833333333,560234.833333333,560984.8,561734.8,565834.733333333,,,1,,,566568.033333333,567068.033333333,1,2,-,1,-1,1,0,1,0,560234.833333333,559484.833333333,560984.8
64,567568.033333333,568318.0,569068.0,569818.0,572001.3,577784.533333333,,1,4.0,,580784.466666667,581284.466666667,7,7,+,0,14,14,1,1,0,567568.033333333,569068.0,568318.0
65,581784.466666667,582534.433333333,583284.433333333,584034.4,586584.366666667,587251.033333333,,1,8.0,,588101.0,588617.666666667,8,8,+,1,16,18,0,1,0,582534.433333333,581784.466666667,583284.433333333
66,589117.666666667,589867.666666667,590617.633333333,591367.633333333,596067.533333333,,,6,,,596900.866666667,597417.5,10,4,-,0,6,6,1,1,0,589117.666666667,590617.633333333,589867.666666667
67,597917.5,598667.5,599417.5,600167.466666667,601534.1,602067.433333333,,1,8.0,,603117.433333333,603634.066666667,9,9,+,0,18,18,1,1,0,597917.5,599417.5,598667.5
68,604134.066666667,604884.066666667,605634.033333333,606384.033333333,607850.666666667,,,8,,,608534.0,609033.966666667,7,1,+,0,8,8,1,1,0,604134.066666667,605634.033333333,604884.066666667
69,609534.0,610283.966666667,611033.966666667,611783.933333333,613600.566666667,,,0,,,614150.566666667,614650.566666667,0,3,-,0,-3,0,0,1,0,609534.0,611033.966666667,610283.966666667
70,615167.233333333,615917.2,616667.2,617417.166666667,618783.833333333,,,5,,,619450.466666667,619950.466666667,5,0,+,0,5,5,1,1,0,615167.233333333,616667.2,615917.2
71,620450.466666667,621200.466666667,621950.433333333,622700.433333333,624100.4,,,9,,,624683.733333333,625183.7,10,1,-,1,9,9,1,1,0,621200.466666667,620450.466666667,621950.433333333
72,625683.7,626433.7,627183.666666667,627933.666666667,633166.933333333,,,0,,,633633.566666667,634133.566666667,0,6,-,1,-6,0,0,1,0,626433.7,625683.7,627183.666666667
73,634633.566666667,635383.533333333,636133.533333333,636883.5,638116.833333333,,,4,,,638750.133333333,639250.133333333,3,1,+,0,4,4,1,1,0,634633.566666667,636133.533333333,635383.533333333
74,639750.133333333,640500.133333333,641250.1,642000.1,644033.4,644350.066666667,,2,0.0,,644833.366666667,645333.366666667,10,10,+,1,20,20,1,1,0,640500.133333333,639750.133333333,641250.1
75,645833.366666667,646583.333333333,647333.333333333,648083.333333333,650166.633333333,,,8,,,650783.266666667,651283.266666667,8,0,-,1,8,8,1,1,0,646583.333333333,645833.366666667,647333.333333333
76,651799.933333333,652549.9,653299.9,654049.9,657033.166666667,658016.5,,1,3.0,,658516.466666667,659016.466666667,4,9,+,0,13,13,1,1,0,651799.933333333,653299.9,652549.9
77,659516.466666667,660266.466666667,661016.433333333,661766.433333333,665199.7,665616.366666667,,1,3.0,,666049.666666667,666549.666666667,6,7,+,0,13,13,1,1,0,659516.466666667,661016.433333333,660266.466666667
78,667049.666666667,667799.666666667,668549.633333333,669299.633333333,670999.6,,,5,,,671582.933333333,672082.9,0,5,+,0,5,5,1,1,0,667049.666666667,668549.633333333,667799.666666667
79,672599.6,673332.9,674099.566666667,674849.533333333,679816.133333333,,,3,,,680266.1,680766.1,8,5,-,1,3,3,1,1,0,673332.9,672599.6,674099.566666667
80,681266.1,682016.066666667,682766.066666667,683516.066666667,684982.7,,,5,,,685482.7,685999.333333333,1,6,-,0,-5,5,0,1,0,681266.1,682766.066666667,682016.066666667
81,686499.333333333,687249.333333333,687999.333333333,688749.3,690999.266666667,691282.6,,1,1.0,,691849.233333333,692349.233333333,3,8,+,0,11,11,1,1,0,686499.333333333,687999.333333333,687249.333333333
82,692849.233333333,693599.233333333,694349.2,695099.2,697249.166666667,,,1,,,698199.133333333,698699.133333333,3,4,-,1,-1,1,0,1,0,693599.233333333,692849.233333333,694349.2
83,699199.133333333,699949.1,700699.1,701449.1,717232.166666667,,,0,,,717682.133333333,718182.133333333,10,2,+,1,12,0,0,1,0,699949.1,699199.133333333,700699.1
84,718682.133333333,719432.1,720182.1,720932.1,727115.333333333,,,4,,,727898.633333333,728398.633333333,4,7,-,0,-3,4,0,1,0,718682.133333333,720182.1,719432.1
85,728898.633333333,729648.6,730398.6,731148.566666667,734415.2,,,2,,,734881.833333333,735381.833333333,4,2,-,1,2,2,1,1,0,729648.6,728898.633333333,730398.6
86,735881.833333333,736631.833333333,737381.8,738131.8,739565.1,,,1,,,740248.433333333,740748.4,3,4,-,0,-1,1,0,1,0,735881.833333333,737381.8,736631.833333333
87,741248.4,741998.4,742748.366666667,743498.366666667,747448.3,747764.966666667,,1,2.0,,748164.966666667,748664.933333333,4,8,+,1,12,12,1,1,0,741998.4,741248.4,742748.366666667
88,749181.6,749931.6,750681.566666667,751431.566666667,757198.133333333,757531.466666667,,1,3.0,,758231.466666667,758731.433333333,9,4,+,1,13,13,1,1,0,749931.6,749181.6,750681.566666667
89,759231.433333333,759981.433333333,760731.4,761481.4,762781.366666667,763164.7,,1,4.0,,763764.7,764264.666666667,7,7,+,0,14,14,1,1,0,759231.433333333,760731.4,759981.433333333
90,764764.666666667,765514.666666667,766264.633333333,767014.633333333,771081.233333333,771447.9,,1,5.0,,771881.233333333,772381.2,6,9,+,0,15,15,1,1,0,764764.666666667,766264.633333333,765514.666666667
91,772881.2,773631.2,774381.166666667,775131.166666667,777181.133333333,,,6,,,777697.8,778197.766666667,5,1,+,1,6,6,1,1,0,773631.2,772881.2,774381.166666667
92,778697.766666667,779447.766666667,780197.766666667,780947.733333333,784564.333333333,,,7,,,785197.666666667,785697.633333333,1,8,-,1,-7,7,0,1,0,779447.766666667,778697.766666667,780197.766666667
93,786214.3,786964.3,787714.3,788464.266666667,793864.2,,,0,,,794347.5,794847.5,2,0,-,1,2,0,0,1,0,786964.3,786214.3,787714.3
94,795347.5,796097.466666667,796847.466666667,797597.466666667,798797.433333333,799330.733333333,,1,7.0,,800180.733333333,800680.733333333,7,10,+,1,17,17,1,1,0,796097.466666667,795347.5,796847.466666667
95,801180.733333333,801930.7,802680.7,803430.666666667,806030.633333333,,,9,,,806613.966666667,807113.933333333,6,3,+,0,9,9,1,1,0,801180.733333333,802680.7,801930.7
96,807613.966666667,808363.933333333,809130.6,809880.566666667,811580.533333333,,,6,,,812047.2,812547.2,1,5,+,0,6,6,1,1,0,807613.966666667,809130.6,808363.933333333
97,813063.866666667,813797.166666667,814563.833333333,815313.8,819347.1,,,7,,,820247.066666667,820747.033333333,9,2,-,0,7,7,1,1,0,813063.866666667,814563.833333333,813797.166666667
98,821247.066666667,821997.033333333,822747.033333333,823513.666666667,825946.966666667,,,7,,,826563.633333333,827080.266666667,3,4,+,0,7,7,1,1,0,821247.066666667,822747.033333333,821997.033333333
99,827580.266666667,828330.266666667,829080.266666667,829830.233333333,834580.166666667,834963.466666667,,1,4.0,,835713.466666667,836230.133333333,9,5,+,1,14,14,1,1,0,828330.266666667,827580.266666667,829080.266666667
100,836730.133333333,837480.1,838230.1,838980.066666667,844346.666666667,,,2,,,844846.633333333,845346.633333333,6,8,-,0,-2,2,0,1,0,836730.133333333,838230.1,837480.1
101,845846.633333333,846596.633333333,847346.6,848113.266666667,858429.766666667,,,0,,,861396.366666667,861879.666666667,10,8,+,1,18,0,0,1,0,846596.633333333,845846.633333333,847346.6
102,862379.7,863129.666666667,863879.666666667,864629.633333333,871746.2,,,3,,,872146.166666667,872646.166666667,9,6,-,0,3,3,1,1,0,862379.7,863879.666666667,863129.666666667
103,873146.166666667,873896.166666667,874646.133333333,875396.133333333,876729.433333333,,,0,,,877279.433333333,877779.4,6,6,-,1,0,0,1,1,0,873896.166666667,873146.166666667,874646.133333333
104,878279.433333333,879029.4,879779.4,880529.366666667,883646.0,884012.633333333,,1,4.0,,884562.633333333,885062.633333333,9,5,+,0,14,14,1,1,0,878279.433333333,879779.4,879029.4
105,885562.633333333,886312.6,887062.6,887812.566666667,890829.2,,,4,,,891545.866666667,892062.5,4,8,-,1,-4,4,0,1,0,886312.6,885562.633333333,887062.6
106,892562.5,893312.5,894062.466666667,894812.466666667,905745.633333333,,,2,,,906512.266666667,907012.266666667,9,7,+,1,16,2,0,1,0,893312.5,892562.5,894062.466666667
107,907512.266666667,908262.233333333,909012.233333333,909762.2,911512.2,,,4,,,912095.5,912595.5,3,1,+,0,4,4,1,1,0,907512.266666667,909012.233333333,908262.233333333
108,913095.5,913845.466666667,914595.466666667,915345.433333333,916995.433333333,,,0,,,917428.733333333,917928.733333333,6,6,-,1,0,0,1,1,0,913845.466666667,913095.5,914595.466666667
109,918445.4,919178.7,919945.366666667,920695.366666667,923895.3,,,2,,,924578.633333333,925095.266666667,3,5,-,0,-2,2,0,1,0,918445.4,919945.366666667,919178.7
110,925595.266666667,926345.266666667,927095.233333333,927845.233333333,932828.5,933145.133333333,,1,0.0,,933495.133333333,933995.133333333,2,8,-,1,-6,10,0,1,0,926345.266666667,925595.266666667,927095.233333333
111,934495.133333333,935245.1,935995.1,936745.066666667,945444.933333333,,,0,,,945894.933333333,946394.9,7,1,+,0,8,0,0,1,0,934495.133333333,935995.1,935245.1
112,946894.9,947644.9,948394.9,949144.866666667,953461.466666667,,,1,,,954061.466666667,954561.433333333,5,6,-,1,-1,1,0,1,0,947644.9,946894.9,948394.9
113,955061.433333333,955811.433333333,956561.4,957311.4,962844.633333333,,,0,,,963277.966666667,963794.6,1,2,-,0,-1,0,0,1,0,955061.433333333,956561.4,955811.433333333
114,964294.633333333,965044.6,965794.6,966544.566666667,968811.2,,,5,,,969361.2,969861.166666667,2,3,+,0,5,5,1,1,0,964294.633333333,965794.6,965044.6
115,970361.166666667,971111.166666667,971861.166666667,972611.133333333,976127.766666667,,,8,,,976694.4,977194.4,4,4,+,1,8,8,1,1,0,971111.166666667,970361.166666667,971861.166666667
116,977694.4,978444.366666667,979194.366666667,979944.366666667,986160.933333333,,,3,,,986494.233333333,986994.233333333,7,10,-,0,-3,3,0,1,0,977694.4,979194.366666667,978444.366666667
117,987510.9,988260.866666667,989010.866666667,989760.866666667,993677.466666667,,,2,,,994277.433333333,994777.433333333,3,5,-,0,-2,2,0,1,0,987510.9,989010.866666667,988260.866666667
118,995277.433333333,996027.4,996794.066666667,997544.066666667,1003043.96666667,,,3,,,1003393.93333333,1003893.93333333,5,8,-,1,-3,3,0,1,0,996027.4,995277.433333333,996794.066666667
119,1004393.93333333,1005143.93333333,1005893.9,1006643.9,1012310.46666667,1012843.8,,1,3.0,,1013460.43333333,1013960.43333333,3,10,-,1,-7,13,0,1,0,1005143.93333333,1004393.93333333,1005893.9
120,1014460.43333333,1015210.43333333,1015960.4,1016710.4,1020110.33333333,1020427.0,,1,5.0,,1020893.63333333,1021393.63333333,7,9,+,1,16,15,0,1,0,1015210.43333333,1014460.43333333,1015960.4
121,1021893.63333333,1022643.63333333,1023393.6,1024143.6,1031526.8,,,0,,,1031943.46666667,1032443.46666667,3,3,+,0,6,0,0,1,0,1021893.63333333,1023393.6,1022643.63333333
122,1032943.43333333,1033693.43333333,1034443.43333333,1035193.4,1043659.93333333,,,6,,,1044093.23333333,1044593.23333333,3,9,-,1,-6,6,0,1,0,1033693.43333333,1032943.43333333,1034443.43333333
123,1045093.23333333,1045843.23333333,1046593.2,1047343.2,1048409.86666667,,,0,,,1048826.5,1049326.5,7,7,-,0,0,0,1,1,0,1045093.23333333,1046593.2,1045843.23333333
124,1049826.5,1050576.46666667,1051326.46666667,1052076.46666667,1053793.1,,,7,,,1054376.4,1054876.4,7,0,+,1,7,7,1,1,0,1050576.46666667,1049826.5,1051326.46666667
125,1055376.4,1056126.36666667,1056876.36666667,1057626.36666667,1059043.0,1059376.33333333,,1,0.0,,1059776.33333333,1060276.3,1,9,+,0,10,10,1,1,0,1055376.4,1056876.36666667,1056126.36666667
126,1060776.3,1061526.3,1062276.26666667,1063026.26666667,1065026.23333333,,,1,,,1065742.9,1066242.86666667,1,0,+,0,1,1,1,1,0,1060776.3,1062276.26666667,1061526.3
127,1066742.86666667,1067492.86666667,1068242.83333333,1068992.83333333,1071026.13333333,,,8,,,1071592.76666667,1072092.76666667,1,7,+,1,8,8,1,1,0,1067492.86666667,1066742.86666667,1068242.83333333
128,1072592.76666667,1073342.76666667,1074092.73333333,1074842.73333333,1076092.73333333,,,6,,,1076559.36666667,1077059.36666667,5,1,+,0,6,6,1,1,0,1072592.76666667,1074092.73333333,1073342.76666667
129,1077559.36666667,1078309.33333333,1079059.33333333,1079825.96666667,1081225.96666667,,,0,,,1081759.26666667,1082259.26666667,0,0,-,0,0,0,1,1,0,1077559.36666667,1079059.33333333,1078309.33333333
130,1082759.26666667,1083509.26666667,1084259.23333333,1085009.23333333,1085909.2,,,0,,,1086359.2,1086859.2,7,7,-,0,0,0,1,1,0,1082759.26666667,1084259.23333333,1083509.26666667
131,1087359.2,1088109.16666667,1088859.16666667,1089609.16666667,1090842.46666667,1091759.1,,1,6.0,,1092259.1,1092775.76666667,10,6,+,1,16,16,1,1,0,1088109.16666667,1087359.2,1088859.16666667
132,1093275.76666667,1094025.73333333,1094775.73333333,1095525.7,1098259.0,,,6,,,1098759.0,1099258.96666667,1,7,-,0,-6,6,0,1,0,1093275.76666667,1094775.73333333,1094025.73333333
133,1099759.0,1100508.96666667,1101258.93333333,1102008.93333333,1106742.2,,,0,,,1107175.5,1107675.5,2,2,+,1,4,0,0,1,0,1100508.96666667,1099759.0,1101258.93333333
134,1108175.5,1108925.5,1109675.46666667,1110425.46666667,1111975.43333333,,,0,,,1112442.1,1112958.73333333,2,2,-,1,0,0,1,1,0,1108925.5,1108175.5,1109675.46666667
135,1113458.73333333,1114208.73333333,1114958.73333333,1115708.7,1117275.33333333,1117708.66666667,,1,3.0,,1118242.0,1118758.63333333,3,10,+,1,13,13,1,1,0,1114208.73333333,1113458.73333333,1114958.73333333
136,1119258.63333333,1120008.63333333,1120758.6,1121508.6,1122425.26666667,,,0,,,1122858.56666667,1123358.56666667,1,1,-,0,0,0,1,1,0,1119258.63333333,1120758.6,1120008.63333333
137,1123858.56666667,1124608.56666667,1125358.53333333,1126108.53333333,1127658.5,1128208.5,,1,3.0,,1128575.13333333,1129075.13333333,3,10,+,0,13,13,1,1,0,1123858.56666667,1125358.53333333,1124608.56666667
138,1129575.13333333,1130325.13333333,1131075.1,1131825.1,1136941.7,,,6,,,1137325.0,1137825.0,10,4,-,1,6,6,1,1,0,1130325.13333333,1129575.13333333,1131075.1
139,1138325.0,1139074.96666667,1139824.96666667,1140591.6,1143074.9,1143324.9,,1,1.0,,1143841.56666667,1144358.2,6,5,+,0,11,11,1,1,0,1138325.0,1139824.96666667,1139074.96666667
140,1144858.2,1145608.2,1146358.16666667,1147108.16666667,1148458.16666667,1148858.13333333,,1,7.0,,1149441.46666667,1149958.1,10,7,+,0,17,17,1,1,0,1144858.2,1146358.16666667,1145608.2
141,1150458.13333333,1151208.1,1151958.1,1152708.06666667,1155624.7,,,8,,,1156191.33333333,1156691.33333333,4,4,+,1,8,8,1,1,0,1151208.1,1150458.13333333,1151958.1
142,1157191.33333333,1157941.3,1158691.3,1159441.3,1160257.93333333,1160691.26666667,,1,8.0,,1161174.6,1161674.56666667,10,8,+,0,18,18,1,1,0,1157191.33333333,1158691.3,1157941.3
143,1162174.6,1162924.56666667,1163674.56666667,1164424.53333333,1167457.83333333,1168074.46666667,,1,3.0,,1168441.13333333,1168941.13333333,4,9,+,0,13,13,1,1,0,1162174.6,1163674.56666667,1162924.56666667
144,1169441.13333333,1170191.1,1170941.1,1171691.06666667,1173207.73333333,,,0,,,1173591.03333333,1174091.03333333,4,0,-,0,4,0,0,1,0,1169441.13333333,1170941.1,1170191.1
145,1174591.03333333,1175341.03333333,1176091.0,1176841.0,1179607.63333333,,,1,,,1180124.26666667,1180624.26666667,1,2,-,1,-1,1,0,1,0,1175341.03333333,1174591.03333333,1176091.0
146,1181124.26666667,1181874.23333333,1182624.23333333,1183374.2,1186074.16666667,,,8,,,1186657.5,1187174.13333333,5,3,+,1,8,8,1,1,0,1181874.23333333,1181124.26666667,1182624.23333333
147,1187674.13333333,1188424.13333333,1189174.13333333,1189924.1,1191757.4,1192240.73333333,,1,2.0,,1192657.4,1193174.03333333,6,6,+,1,12,12,1,1,0,1188424.13333333,1187674.13333333,1189174.13333333
148,1193674.03333333,1194424.03333333,1195174.0,1195924.0,1196890.66666667,,,0,,,1197290.63333333,1197807.3,8,8,-,0,0,0,1,1,0,1193674.03333333,1195174.0,1194424.03333333
149,1198307.3,1199057.26666667,1199807.26666667,1200557.26666667,1206757.16666667,,,3,,,1207207.13333333,1207690.46666667,9,6,-,0,3,3,1,1,0,1198307.3,1199807.26666667,1199057.26666667
150,1208190.46666667,1208940.43333333,1209690.43333333,1210457.1,1212207.06666667,,,9,,,1212723.7,1213223.7,9,0,+,0,9,9,1,1,0,1208190.46666667,1209690.43333333,1208940.43333333
151,1213740.36666667,1214473.7,1215240.33333333,1215990.33333333,1224640.2,,,0,,,1225156.83333333,1225656.83333333,10,0,-,0,10,0,0,1,0,1213740.36666667,1215240.33333333,1214473.7
152,1226156.83333333,1226906.8,1227656.8,1228406.8,1229523.43333333,1229890.1,,1,8.0,,1230523.4,1231023.4,8,10,+,0,18,18,1,1,0,1226156.83333333,1227656.8,1226906.8
153,1231540.06666667,1232290.06666667,1233040.03333333,1233790.03333333,1237473.3,1237973.3,,1,6.0,,1238373.26666667,1238873.26666667,9,7,+,0,16,16,1,1,0,1231540.06666667,1233040.03333333,1232290.06666667
154,1239373.26666667,1240123.23333333,1240873.23333333,1241623.23333333,1246256.46666667,,,4,,,1247606.46666667,1248106.43333333,4,4,-,1,0,4,0,1,0,1240123.23333333,1239373.26666667,1240873.23333333
155,1248606.43333333,1249356.43333333,1250106.43333333,1250856.4,1255573.0,,,0,,,1256056.3,1256572.96666667,8,8,-,0,0,0,1,1,0,1248606.43333333,1250106.43333333,1249356.43333333
156,1257072.96666667,1257822.93333333,1258572.93333333,1259322.93333333,1263672.86666667,,,1,,,1264256.16666667,1264772.83333333,5,6,-,1,-1,1,0,1,0,1257822.93333333,1257072.96666667,1258572.93333333
157,1265272.83333333,1266022.8,1266772.8,1267522.8,1267989.43333333,,,0,,,1268439.43333333,1268956.1,0,4,-,0,-4,0,0,1,0,1265272.83333333,1266772.8,1266022.8
158,1269456.1,1270206.06666667,1270956.06666667,1271706.03333333,1278455.93333333,1278705.93333333,,1,2.0,,1279055.93333333,1279555.9,5,7,-,1,-2,12,0,1,0,1270206.06666667,1269456.1,1270956.06666667
159,1280055.9,1280805.9,1281555.86666667,1282305.86666667,1283572.5,,,2,,,1284005.83333333,1284505.83333333,2,0,+,1,2,2,1,1,0,1280805.9,1280055.9,1281555.86666667
160,1285005.83333333,1285755.8,1286505.8,1287255.76666667,1289939.06666667,1290205.73333333,,1,0.0,,1290655.73333333,1291155.7,7,3,+,1,10,10,1,1,0,1285755.8,1285005.83333333,1286505.8
161,1291655.7,1292405.7,1293155.66666667,1293905.66666667,1294655.66666667,,,0,,,1295038.96666667,1295538.96666667,9,0,-,0,9,0,0,1,0,1291655.7,1293155.66666667,1292405.7
162,1296038.96666667,1296788.96666667,1297538.93333333,1298288.93333333,1303572.16666667,1304372.16666667,,1,7.0,,1304888.8,1305405.46666667,8,9,+,0,17,17,1,1,0,1296038.96666667,1297538.93333333,1296788.96666667
163,1305905.46666667,1306655.46666667,1307405.43333333,1308155.43333333,1310772.06666667,,,9,,,1311255.36666667,1311755.36666667,4,2,+,1,6,9,0,1,0,1306655.46666667,1305905.46666667,1307405.43333333
164,1312255.36666667,1313005.33333333,1313755.33333333,1314505.33333333,1315821.96666667,,,1,,,1316471.93333333,1316988.6,5,4,-,1,1,1,1,1,0,1313005.33333333,1312255.36666667,1313755.33333333
165,1317488.6,1318238.56666667,1318988.56666667,1319738.56666667,1321088.53333333,,,6,,,1321471.86666667,1321988.5,7,1,-,0,6,6,1,1,0,1317488.6,1318988.56666667,1318238.56666667
166,1322488.53333333,1323238.5,1323988.5,1324738.46666667,1325888.46666667,,,0,,,1326288.43333333,1326805.1,3,0,-,1,3,0,0,1,0,1323238.5,1322488.53333333,1323988.5
167,1327305.1,1328055.06666667,1328805.06666667,1329555.06666667,1339854.9,,,0,,,1340271.53333333,1340771.53333333,0,3,-,0,-3,0,0,1,0,1327305.1,1328805.06666667,1328055.06666667
168,1341271.53333333,1342021.5,1342771.5,1343521.5,1344971.46666667,1345421.46666667,,1,7.0,,1346271.43333333,1346771.43333333,7,10,+,0,17,17,1,1,0,1341271.53333333,1342771.5,1342021.5
169,1347271.43333333,1348021.4,1348771.4,1349521.4,1351388.03333333,,,2,,,1352021.33333333,1352521.33333333,4,2,-,1,2,2,1,1,0,1348021.4,1347271.43333333,1348771.4
170,1353021.33333333,1353771.3,1354521.3,1355271.3,1357337.93333333,,,6,,,1357771.23333333,1358271.23333333,6,0,+,1,6,6,1,1,0,1353771.3,1353021.33333333,1354521.3
171,1358771.23333333,1359521.2,1360287.86666667,1361037.86666667,1362321.16666667,1362904.5,,1,2.0,,1363271.13333333,1363787.8,10,2,+,0,12,12,1,1,0,1358771.23333333,1360287.86666667,1359521.2
172,1364287.8,1365037.8,1365787.76666667,1366537.76666667,1370237.7,1370654.36666667,,1,3.0,,1370954.36666667,1371471.0,8,5,+,1,13,13,1,1,0,1365037.8,1364287.8,1365787.76666667
173,1371971.0,1372721.0,1373470.96666667,1374220.96666667,1374720.96666667,,,0,,,1375104.3,1375604.26666667,3,3,-,0,0,0,1,1,0,1371971.0,1373470.96666667,1372721.0
174,1376104.26666667,1376854.26666667,1377604.23333333,1378354.23333333,1379604.2,1381470.83333333,,1,9.0,,1381954.16666667,1382454.13333333,10,9,+,0,19,19,1,1,0,1376104.26666667,1377604.23333333,1376854.26666667
175,1382970.83333333,1383720.8,1384470.8,1385220.76666667,1386487.43333333,,,0,,,1387104.06666667,1387604.06666667,10,0,-,0,10,0,0,1,0,1382970.83333333,1384470.8,1383720.8
176,1388104.06666667,1388854.03333333,1389604.03333333,1390354.03333333,1392254.0,,,5,,,1392670.63333333,1393170.63333333,0,5,-,0,-5,5,0,1,0,1388104.06666667,1389604.03333333,1388854.03333333
177,1393670.63333333,1394420.63333333,1395170.6,1395920.6,1398120.56666667,,,5,,,1398503.86666667,1399020.53333333,1,6,-,0,-5,5,0,1,0,1393670.63333333,1395170.6,1394420.63333333
178,1399520.53333333,1400270.53333333,1401020.5,1401770.5,1404753.76666667,1405037.1,,1,2.0,,1405403.76666667,1405903.73333333,8,4,+,1,12,12,1,1,0,1400270.53333333,1399520.53333333,1401020.5
179,1406403.76666667,1407153.73333333,1407920.4,1408670.36666667,1410453.66666667,,,4,,,1411037.0,1411537.0,8,4,-,0,4,4,1,1,0,1406403.76666667,1407920.4,1407153.73333333
180,1412037.0,1412786.96666667,1413536.96666667,1414286.93333333,1415570.26666667,,,6,,,1415936.9,1416436.9,0,6,+,0,6,6,1,1,0,1412037.0,1413536.96666667,1412786.96666667
181,1416936.9,1417686.9,1418436.86666667,1419186.86666667,1421886.83333333,,,5,,,1422586.8,1423086.8,9,4,-,1,5,5,1,1,0,1417686.9,1416936.9,1418436.86666667
182,1423603.46666667,1424353.43333333,1425103.43333333,1425853.4,1428236.7,,,4,,,1428770.03333333,1429270.03333333,2,2,+,1,4,4,1,1,0,1424353.43333333,1423603.46666667,1425103.43333333
183,1429770.03333333,1430520.0,1431270.0,1432019.96666667,1433886.6,1434169.96666667,,1,0.0,,1434486.6,1434986.6,2,9,+,0,11,10,0,1,0,1429770.03333333,1431270.0,1430520.0
184,1435486.6,1436236.56666667,1436986.56666667,1437736.53333333,1440219.83333333,1440503.16666667,,1,1.0,,1440886.5,1441386.46666667,8,3,+,0,11,11,1,1,0,1435486.6,1436986.56666667,1436236.56666667
185,1441886.46666667,1442636.46666667,1443386.46666667,1444136.43333333,1448169.7,,,7,,,1448703.03333333,1449203.0,0,7,-,1,-7,7,0,1,0,1442636.46666667,1441886.46666667,1443386.46666667
186,1449703.0,1450453.0,1451202.96666667,1451952.96666667,1456819.56666667,,,2,,,1457269.53333333,1457769.53333333,7,5,-,0,2,2,1,1,0,1449703.0,1451202.96666667,1450453.0
187,1458269.53333333,1459019.53333333,1459769.5,1460519.5,1466136.06666667,1466802.7,,1,6.0,,1467202.7,1467702.7,7,9,+,1,16,16,1,1,0,1459019.53333333,1458269.53333333,1459769.5
188,1468202.7,1468952.66666667,1469702.66666667,1470452.66666667,1479252.5,,,0,,,1479669.16666667,1480169.13333333,10,3,+,0,13,0,0,1,0,1468202.7,1469702.66666667,1468952.66666667
189,1480669.16666667,1481419.13333333,1482169.13333333,1482919.1,1493918.93333333,,,0,,,1494718.9,1495218.9,0,0,-,0,0,0,1,1,0,1480669.16666667,1482169.13333333,1481419.13333333
190,1495718.9,1496468.86666667,1497218.86666667,1497968.86666667,1501952.13333333,,,5,,,1502502.1,1503002.1,3,8,-,0,-5,5,0,1,0,1495718.9,1497218.86666667,1496468.86666667
191,1503502.1,1504252.06666667,1505002.06666667,1505752.06666667,1509668.66666667,,,6,,,1510151.96666667,1510651.96666667,2,8,-,0,-6,6,0,1,0,1503502.1,1505002.06666667,1504252.06666667
192,1511151.96666667,1511901.93333333,1512651.93333333,1513401.93333333,1517185.2,,,7,,,1517801.83333333,1518301.83333333,4,3,+,1,7,7,1,1,0,1511901.93333333,1511151.96666667,1512651.93333333
193,1518818.5,1519568.46666667,1520318.46666667,1521068.46666667,1523018.43333333,,,4,,,1523618.4,1524118.4,2,2,+,1,4,4,1,1,0,1519568.46666667,1518818.5,1520318.46666667
194,1524618.4,1525368.4,1526118.36666667,1526868.36666667,1527601.66666667,,,0,,,1528035.0,1528535.0,1,1,-,0,0,0,1,1,0,1524618.4,1526118.36666667,1525368.4
195,1529035.0,1529784.96666667,1530534.96666667,1531284.96666667,1533634.93333333,,,5,,,1534168.23333333,1534668.23333333,7,2,-,1,5,5,1,1,0,1529784.96666667,1529035.0,1530534.96666667
196,1535168.23333333,1535918.2,1536668.2,1537418.16666667,1540418.13333333,,,5,,,1540934.76666667,1541451.43333333,3,2,+,0,5,5,1,1,0,1535168.23333333,1536668.2,1535918.2
197,1541951.43333333,1542701.43333333,1543451.4,1544201.4,1545551.36666667,,,4,,,1546351.36666667,1546868.0,1,5,-,1,-4,4,0,1,0,1542701.43333333,1541951.43333333,1543451.4
198,1547368.03333333,1548118.0,1548868.0,1549617.96666667,1556434.53333333,,,0,,,1556984.5,1557484.5,0,9,+,0,9,0,0,1,0,1547368.03333333,1548868.0,1548118.0
199,1557984.5,1558734.5,1559484.46666667,1560234.46666667,1562901.06666667,1563251.06666667,,1,3.0,,1563617.73333333,1564117.7,5,8,+,0,13,13,1,1,0,1557984.5,1559484.46666667,1558734.5
200,1564617.73333333,1565367.7,1566117.7,1566867.66666667,1569384.3,1569667.63333333,,1,0.0,,1570000.96666667,1570500.93333333,9,2,+,1,11,10,0,1,0,1565367.7,1564617.73333333,1566117.7
201,1571000.93333333,1571750.93333333,1572500.9,1573250.9,1574717.53333333,1575034.2,,1,4.0,,1575750.86666667,1576250.83333333,10,4,+,1,14,14,1,1,0,1571750.93333333,1571000.93333333,1572500.9
202,1576750.83333333,1577500.83333333,1578250.83333333,1579000.8,1588783.96666667,,,2,,,1589200.63333333,1589717.3,7,9,-,0,-2,2,0,1,0,1576750.83333333,1578250.83333333,1577500.83333333
203,1590217.26666667,1590967.26666667,1591717.26666667,1592467.23333333,1596050.53333333,,,7,,,1596633.83333333,1597133.83333333,9,2,-,0,7,7,1,1,0,1590217.26666667,1591717.26666667,1590967.26666667
204,1597633.83333333,1598383.8,1599133.8,1599883.76666667,1604800.36666667,1605083.7,,1,1.0,,1605550.33333333,1606050.33333333,4,7,-,1,-3,11,0,1,0,1598383.8,1597633.83333333,1599133.8
205,1606550.33333333,1607300.33333333,1608050.3,1608800.3,1613750.23333333,1614100.2,,1,3.0,,1614600.2,1615100.16666667,8,5,+,1,13,13,1,1,0,1607300.33333333,1606550.33333333,1608050.3
206,1615600.16666667,1616350.16666667,1617100.16666667,1617850.13333333,1619433.43333333,,,3,,,1619833.43333333,1620333.43333333,2,1,+,1,3,3,1,1,0,1616350.16666667,1615600.16666667,1617100.16666667
207,1620833.43333333,1621583.4,1622333.4,1623083.36666667,1624283.36666667,,,6,,,1624716.7,1625216.66666667,5,1,+,1,6,6,1,1,0,1621583.4,1620833.43333333,1622333.4
208,1625716.66666667,1626466.66666667,1627216.63333333,1627966.63333333,1629783.26666667,,,8,,,1630266.6,1630766.56666667,8,0,+,1,8,8,1,1,0,1626466.66666667,1625716.66666667,1627216.63333333
209,1631266.6,1632016.56666667,1632766.56666667,1633533.2,1635966.5,,,5,,,1636416.5,1636916.46666667,2,7,-,1,-5,5,0,1,0,1632016.56666667,1631266.6,1632766.56666667
210,1637416.46666667,1638166.46666667,1638916.43333333,1639666.43333333,1642516.4,,,9,,,1643016.36666667,1643516.36666667,10,1,-,1,9,9,1,1,0,1638166.46666667,1637416.46666667,1638916.43333333
211,1644016.36666667,1644766.33333333,1645516.33333333,1646266.33333333,1649032.93333333,1649316.26666667,,1,1.0,,1649816.26666667,1650316.23333333,7,4,+,1,11,11,1,1,0,1644766.33333333,1644016.36666667,1645516.33333333
212,1650832.9,1651582.9,1652332.9,1653082.86666667,1654832.83333333,,,7,,,1655432.83333333,1655932.8,5,2,+,0,7,7,1,1,0,1650832.9,1652332.9,1651582.9
213,1656432.83333333,1657182.8,1657932.8,1658682.76666667,1660099.43333333,,,2,,,1660516.06666667,1661016.06666667,2,0,+,0,2,2,1,1,0,1656432.83333333,1657932.8,1657182.8
214,1661516.06666667,1662266.03333333,1663016.03333333,1663766.03333333,1668282.63333333,,,8,,,1668815.93333333,1669315.93333333,10,2,-,1,8,8,1,1,0,1662266.03333333,1661516.06666667,1663016.03333333
215,1669815.93333333,1670565.9,1671315.9,1672065.86666667,1673265.86666667,,,5,,,1674082.5,1674582.5,4,1,+,0,5,5,1,1,0,1669815.93333333,1671315.9,1670565.9
216,1675082.5,1675832.5,1676582.46666667,1677349.13333333,1681865.73333333,,,7,,,1682632.36666667,1683132.36666667,10,3,-,1,7,7,1,1,0,1675832.5,1675082.5,1676582.46666667
217,1683632.36666667,1684382.33333333,1685132.33333333,1685882.3,1695215.5,,,2,,,1695715.46666667,1696215.46666667,9,7,-,0,2,2,1,1,0,1683632.36666667,1685132.33333333,1684382.33333333
218,1696715.46666667,1697465.46666667,1698215.43333333,1698965.43333333,1700232.06666667,1700548.73333333,,1,2.0,,1700915.4,1701415.36666667,6,6,+,1,12,12,1,1,0,1697465.46666667,1696715.46666667,1698215.43333333
219,1701915.36666667,1702665.36666667,1703415.33333333,1704165.33333333,1706165.3,,,8,,,1706765.3,1707265.26666667,1,7,+,1,8,8,1,1,0,1702665.36666667,1701915.36666667,1703415.33333333
220,1707765.3,1708515.26666667,1709265.23333333,1710015.23333333,1711365.2,,,2,,,1711898.53333333,1712398.53333333,2,0,+,1,2,2,1,1,0,1708515.26666667,1707765.3,1709265.23333333
221,1712898.53333333,1713648.5,1714398.5,1715165.13333333,1718681.76666667,1719398.4,,1,3.0,,1719831.73333333,1720348.4,8,5,+,1,13,13,1,1,0,1713648.5,1712898.53333333,1714398.5
222,1720848.4,1721598.36666667,1722348.36666667,1723098.33333333,1724331.66666667,,,5,,,1724881.63333333,1725381.63333333,5,0,+,0,5,5,1,1,0,1720848.4,1722348.36666667,1721598.36666667
223,1725881.63333333,1726631.63333333,1727381.6,1728148.26666667,1731764.86666667,,,2,,,1732181.5,1732681.5,1,3,-,1,-2,2,0,1,0,1726631.63333333,1725881.63333333,1727381.6
224,1733181.5,1733931.5,1734681.46666667,1735431.46666667,1740414.73333333,1740848.03333333,,1,5.0,,1741364.7,1741864.7,9,6,+,1,15,15,1,1,0,1733931.5,1733181.5,1734681.46666667
225,1742364.7,1743114.66666667,1743864.66666667,1744614.63333333,1747864.6,,,4,,,1748397.9,1748914.56666667,1,5,-,1,-4,4,0,1,0,1743114.66666667,1742364.7,1743864.66666667
226,1749414.56666667,1750164.56666667,1750914.53333333,1751664.53333333,1754081.16666667,,,5,,,1754581.13333333,1755081.13333333,10,5,-,1,5,5,1,1,0,1750164.56666667,1749414.56666667,1750914.53333333
227,1755581.13333333,1756331.1,1757081.1,1757831.1,1764164.33333333,1764580.96666667,,1,4.0,,1765064.3,1765564.26666667,6,8,+,1,14,14,1,1,0,1756331.1,1755581.13333333,1757081.1
228,1766064.26666667,1766814.26666667,1767564.26666667,1768314.23333333,1768997.56666667,1769364.23333333,,2,0.0,,1769864.2,1770364.2,10,10,+,0,20,20,1,1,0,1766064.26666667,1767564.26666667,1766814.26666667
229,1770864.2,1771614.16666667,1772364.16666667,1773114.16666667,1774980.8,,,5,,,1775447.43333333,1775947.43333333,4,7,-,1,-3,5,0,1,0,1771614.16666667,1770864.2,1772364.16666667
230,1776447.43333333,1777197.43333333,1777947.4,1778697.4,1791847.16666667,1792130.5,,1,1.0,,1792547.16666667,1793047.13333333,2,9,-,1,-7,11,0,1,0,1777197.43333333,1776447.43333333,1777947.4
231,1793547.13333333,1794297.13333333,1795047.13333333,1795797.1,1806896.93333333,1807146.9,,1,2.0,,1807496.9,1807996.9,7,2,+,0,9,12,0,1,0,1793547.13333333,1795047.13333333,1794297.13333333
232,1808496.9,1809246.86666667,1809996.86666667,1810746.83333333,1812446.83333333,,,8,,,1812946.8,1813446.8,0,8,+,0,8,8,1,1,0,1808496.9,1809996.86666667,1809246.86666667
233,1813946.8,1814696.76666667,1815446.76666667,1816196.76666667,1818113.4,,,1,,,1818596.7,1819096.7,9,10,-,0,-1,1,0,1,0,1813946.8,1815446.76666667,1814696.76666667
234,1819596.7,1820346.7,1821096.66666667,1821846.66666667,1828096.56666667,1828429.86666667,,1,3.0,,1828813.2,1829329.86666667,8,5,-,1,3,13,0,1,0,1820346.7,1819596.7,1821096.66666667
235,1829829.86666667,1830579.83333333,1831329.83333333,1832079.83333333,1834479.8,,,8,,,1835029.76666667,1835529.76666667,1,9,-,0,-8,8,0,1,0,1829829.86666667,1831329.83333333,1830579.83333333
236,1836029.76666667,1836779.73333333,1837529.73333333,1838279.7,1839496.36666667,1840029.66666667,,1,9.0,,1840496.33333333,1840996.33333333,10,9,+,0,19,19,1,1,0,1836029.76666667,1837529.73333333,1836779.73333333
237,1841513.0,1842262.96666667,1843012.96666667,1843762.96666667,1844396.26666667,,,0,,,1844829.6,1845329.6,2,2,-,1,0,0,1,1,0,1842262.96666667,1841513.0,1843012.96666667
238,1845829.6,1846579.56666667,1847329.56666667,1848079.53333333,1850746.16666667,1851029.5,,1,2.0,,1851412.83333333,1851929.46666667,7,5,+,0,12,12,1,1,0,1845829.6,1847329.56666667,1846579.56666667
239,1852429.46666667,1853179.46666667,1853929.43333333,1854679.43333333,1855229.43333333,,,0,,,1855662.73333333,1856179.4,5,5,-,0,0,0,1,1,0,1852429.46666667,1853929.43333333,1853179.46666667
240,1856679.4,1857429.4,1858179.36666667,1858929.36666667,1860462.66666667,,,0,,,1861029.33333333,1861529.3,1,1,-,1,0,0,1,1,0,1857429.4,1856679.4,1858179.36666667
241,1862029.3,1862779.3,1863529.26666667,1864279.26666667,1865495.93333333,,,2,,,1865912.56666667,1866412.56666667,0,2,+,0,2,2,1,1,0,1862029.3,1863529.26666667,1862779.3
242,1866912.56666667,1867662.53333333,1868412.53333333,1869179.2,1872729.13333333,,,8,,,1873429.1,1873929.1,10,2,-,1,8,8,1,1,0,1867662.53333333,1866912.56666667,1868412.53333333
243,1874429.1,1875179.1,1875929.06666667,1876679.06666667,1879529.0,,,9,,,1880079.0,1880579.0,7,2,+,1,9,9,1,1,0,1875179.1,1874429.1,1875929.06666667
244,1881079.0,1881828.96666667,1882578.96666667,1883328.93333333,1884245.6,1884578.93333333,,1,0.0,,1885028.9,1885528.9,10,0,+,0,10,10,1,1,0,1881079.0,1882578.96666667,1881828.96666667
245,1886028.9,1886778.9,1887528.86666667,1888278.86666667,1890528.83333333,,,1,,,1890995.46666667,1891495.46666667,2,1,-,0,1,1,1,1,0,1886028.9,1887528.86666667,1886778.9
246,1891995.46666667,1892745.46666667,1893495.43333333,1894245.43333333,1896462.06666667,,,9,,,1897012.03333333,1897528.7,6,3,+,1,9,9,1,1,0,1892745.46666667,1891995.46666667,1893495.43333333
247,1898028.7,1898778.66666667,1899528.66666667,1900278.66666667,1902995.26666667,,,7,,,1903695.26666667,1904195.23333333,2,5,+,1,7,7,1,1,0,1898778.66666667,1898028.7,1899528.66666667
248,1904695.26666667,1905445.23333333,1906195.23333333,1906945.2,1908111.86666667,,,8,,,1908728.5,1909228.5,1,7,+,0,8,8,1,1,0,1904695.26666667,1906195.23333333,1905445.23333333
249,1909745.16666667,1910495.16666667,1911245.13333333,1911995.13333333,1914878.4,,,9,,,1915445.06666667,1915961.7,6,3,+,1,9,9,1,1,0,1910495.16666667,1909745.16666667,1911245.13333333
250,1916461.73333333,1917211.7,1917961.7,1918711.66666667,1919395.0,1919728.33333333,,1,0.0,,1920144.96666667,1920644.96666667,9,1,+,0,10,10,1,1,0,1916461.73333333,1917961.7,1917211.7
251,1921144.96666667,1921894.96666667,1922644.93333333,1923394.93333333,1925794.9,,,5,,,1926411.53333333,1926911.53333333,3,8,-,0,-5,5,0,1,0,1921144.96666667,1922644.93333333,1921894.96666667
252,1927411.53333333,1928161.53333333,1928911.5,1929661.5,1934194.73333333,,,0,,,1934644.73333333,1935161.4,1,3,-,0,-2,0,0,1,0,1927411.53333333,1928911.5,1928161.53333333
253,1935661.4,1936411.36666667,1937161.36666667,1937911.33333333,1940927.96666667,,,8,,,1946094.53333333,1946594.53333333,2,10,-,0,-8,8,0,1,0,1935661.4,1937161.36666667,1936411.36666667
254,1947077.86666667,1947827.83333333,1948577.83333333,1949327.8,1956761.03333333,,,0,,,1957161.0,1957661.0,1,3,-,0,-2,0,0,1,0,1947077.86666667,1948577.83333333,1947827.83333333
255,1958161.0,1958911.0,1959660.96666667,1960410.96666667,1962577.6,,,9,,,1963027.56666667,1963527.56666667,7,2,+,0,9,9,1,1,0,1958161.0,1959660.96666667,1958911.0
256,1964027.56666667,1964777.56666667,1965527.53333333,1966277.53333333,1973960.73333333,1974427.4,,1,7.0,,1975194.03333333,1975694.03333333,8,9,+,0,17,17,1,1,0,1964027.56666667,1965527.53333333,1964777.56666667
257,1976194.03333333,1976944.03333333,1977694.0,1978444.0,1980260.63333333,,,8,,,1980977.26666667,1981477.26666667,0,8,+,1,8,8,1,1,0,1976944.03333333,1976194.03333333,1977694.0
258,1981977.26666667,1982727.23333333,1983477.23333333,1984227.23333333,1985377.2,,,2,,,1985843.86666667,1986343.83333333,2,4,-,1,-2,2,0,1,0,1982727.23333333,1981977.26666667,1983477.23333333
259,1986843.83333333,1987593.83333333,1988343.83333333,1989093.8,1990177.13333333,1990460.46666667,,1,2.0,,1990827.1,1991327.1,2,10,+,0,12,12,1,1,0,1986843.83333333,1988343.83333333,1987593.83333333
260,1991827.1,1992577.1,1993327.06666667,1994077.06666667,1994793.7,,,0,,,1995177.03333333,1995677.03333333,6,6,-,0,0,0,1,1,0,1991827.1,1993327.06666667,1992577.1
261,1996177.03333333,1996927.0,1997693.66666667,1998443.63333333,2000510.3,,,2,,,2000926.93333333,2001426.93333333,2,4,-,0,-2,2,0,1,0,1996177.03333333,1997693.66666667,1996927.0
262,2001926.93333333,2002676.9,2003426.9,2004176.86666667,2009893.46666667,,,3,,,2010543.43333333,2011060.1,5,6,-,0,-1,3,0,1,0,2001926.93333333,2003426.9,2002676.9
263,2011560.1,2012310.06666667,2013060.06666667,2013810.06666667,2015026.7,2015326.7,,1,2.0,,2015726.66666667,2016226.66666667,10,2,+,0,12,12,1,1,0,2011560.1,2013060.06666667,2012310.06666667
264,2016726.66666667,2017476.66666667,2018226.63333333,2018976.63333333,2020776.6,2021093.26666667,,1,1.0,,2021576.56666667,2022076.56666667,1,10,+,0,11,11,1,1,0,2016726.66666667,2018226.63333333,2017476.66666667
265,2022576.56666667,2023326.56666667,2024076.53333333,2024826.53333333,2027426.5,,,4,,,2027976.46666667,2028476.46666667,5,9,-,1,-4,4,0,1,0,2023326.56666667,2022576.56666667,2024076.53333333
266,2028976.46666667,2029726.43333333,2030476.43333333,2031243.1,2035159.7,,,0,,,2035526.33333333,2036043.0,6,1,+,0,7,0,0,1,0,2028976.46666667,2030476.43333333,2029726.43333333
267,2036543.0,2037292.96666667,2038042.96666667,2038792.96666667,2044009.53333333,,,0,,,2044426.2,2044926.16666667,0,4,+,0,4,0,0,1,0,2036543.0,2038042.96666667,2037292.96666667
268,2045426.2,2046176.16666667,2046926.16666667,2047676.13333333,2048376.13333333,,,0,,,2048776.13333333,2049276.1,9,0,-,0,9,0,0,1,0,2045426.2,2046926.16666667,2046176.16666667
269,2049776.1,2050526.1,2051276.06666667,2052026.06666667,2054792.7,2055026.03333333,,1,1.0,,2055442.66666667,2055942.66666667,7,4,+,0,11,11,1,1,0,2049776.1,2051276.06666667,2050526.1
270,2056442.66666667,2057192.63333333,2057942.63333333,2058692.63333333,2060725.93333333,2060975.93333333,,1,2.0,,2061375.9,2061875.9,3,9,+,0,12,12,1,1,0,2056442.66666667,2057942.63333333,2057192.63333333
271,2062375.9,2063125.86666667,2063875.86666667,2064642.53333333,2065709.16666667,,,6,,,2066142.5,2066642.46666667,5,1,+,0,6,6,1,1,0,2062375.9,2063875.86666667,2063125.86666667
272,2067142.46666667,2067892.46666667,2068642.43333333,2069392.43333333,2071009.06666667,2071375.73333333,,1,5.0,,2071825.73333333,2072325.7,10,5,+,1,15,15,1,1,0,2067892.46666667,2067142.46666667,2068642.43333333
273,2072825.7,2073575.7,2074325.66666667,2075075.66666667,2077525.63333333,,,4,,,2078025.63333333,2078525.6,4,0,+,1,4,4,1,1,0,2073575.7,2072825.7,2074325.66666667
274,2079025.6,2079775.6,2080525.56666667,2081275.56666667,2083525.53333333,,,5,,,2083992.2,2084492.16666667,3,8,-,0,-5,5,0,1,0,2079025.6,2080525.56666667,2079775.6
275,2084992.16666667,2085742.16666667,2086492.13333333,2087242.13333333,2089425.43333333,,,5,,,2089875.43333333,2090392.06666667,3,2,+,1,5,5,1,1,0,2085742.16666667,2084992.16666667,2086492.13333333
276,2090892.06666667,2091642.06666667,2092392.03333333,2093142.03333333,2093892.03333333,,,0,,,2094308.66666667,2094808.66666667,0,2,-,1,-2,0,0,1,0,2091642.06666667,2090892.06666667,2092392.03333333
277,2095308.66666667,2096058.63333333,2096808.63333333,2097558.63333333,2101375.23333333,,,6,,,2101758.53333333,2102258.53333333,4,2,+,0,6,6,1,1,0,2095308.66666667,2096808.63333333,2096058.63333333
278,2102775.2,2103525.2,2104275.16666667,2105025.16666667,2109841.76666667,,,6,,,2110325.06666667,2110825.06666667,10,4,-,0,6,6,1,1,0,2102775.2,2104275.16666667,2103525.2
279,2111325.06666667,2112075.03333333,2112825.03333333,2113575.0,2117858.26666667,2118258.26666667,,1,5.0,,2118708.26666667,2119208.23333333,6,9,+,0,15,15,1,1,0,2111325.06666667,2112825.03333333,2112075.03333333
280,2119708.26666667,2120458.23333333,2121208.23333333,2121958.2,2127774.76666667,2128074.76666667,,1,3.0,,2128408.1,2128908.06666667,8,5,+,1,13,13,1,1,0,2120458.23333333,2119708.26666667,2121208.23333333
281,2129408.1,2130158.06666667,2130908.06666667,2131658.03333333,2138524.6,2138857.9,,1,3.0,,2139157.9,2139657.9,6,7,+,1,13,13,1,1,0,2130158.06666667,2129408.1,2130908.06666667
282,2140157.9,2140907.9,2141657.86666667,2142407.86666667,2145591.13333333,,,7,,,2146174.46666667,2146674.43333333,3,4,+,1,7,7,1,1,0,2140907.9,2140157.9,2141657.86666667
283,2147174.43333333,2147924.43333333,2148674.4,2149424.4,2151107.7,,,4,,,2151591.03333333,2152091.03333333,5,1,-,0,4,4,1,1,0,2147174.43333333,2148674.4,2147924.43333333
284,2152591.03333333,2153341.0,2154091.0,2154840.96666667,2159624.23333333,,,5,,,2160024.2,2160524.2,1,4,+,0,5,5,1,1,0,2152591.03333333,2154091.0,2153341.0
285,2161024.2,2161774.2,2162524.16666667,2163274.16666667,2164474.13333333,2164807.46666667,,1,4.0,,2165290.8,2165790.8,10,4,+,0,14,14,1,1,0,2161024.2,2162524.16666667,2161774.2
286,2166290.8,2167040.76666667,2167790.76666667,2168540.73333333,2169507.4,2169807.4,,1,0.0,,2170157.36666667,2170657.36666667,1,9,+,0,10,10,1,1,0,2166290.8,2167790.76666667,2167040.76666667
287,2171174.03333333,2171924.03333333,2172674.0,2173424.0,2177740.6,,,4,,,2178257.23333333,2178757.23333333,6,10,-,1,-4,4,0,1,0,2171924.03333333,2171174.03333333,2172674.0
288,2179257.23333333,2180007.23333333,2180757.2,2181507.2,2186273.76666667,,,2,,,2186657.1,2187157.1,8,10,-,0,-2,2,0,1,0,2179257.23333333,2180757.2,2180007.23333333
289,2187657.1,2188407.06666667,2189157.06666667,2189907.03333333,2194556.96666667,,,0,,,2194956.96666667,2195456.93333333,4,4,+,1,8,0,0,1,0,2188407.06666667,2187657.1,2189157.06666667
290,2195956.93333333,2196706.93333333,2197456.93333333,2198206.9,2206206.76666667,,,2,,,2206956.76666667,2207456.73333333,4,6,-,0,-2,2,0,1,0,2195956.93333333,2197456.93333333,2196706.93333333
291,2207956.73333333,2208706.73333333,2209456.7,2210206.7,2213589.96666667,,,5,,,2214139.96666667,2214656.63333333,7,2,-,0,5,5,1,1,0,2207956.73333333,2209456.7,2208706.73333333
292,2215156.63333333,2215906.6,2216656.6,2217406.56666667,2218656.56666667,,,3,,,2219023.2,2219523.2,1,4,-,0,-3,3,0,1,0,2215156.63333333,2216656.6,2215906.6
293,2220023.2,2220773.2,2221523.16666667,2222289.83333333,2227706.4,2228039.73333333,,1,3.0,,2228389.73333333,2228889.7,6,7,+,0,13,13,1,1,0,2220023.2,2221523.16666667,2220773.2
294,2229389.7,2230139.7,2230889.66666667,2231639.66666667,2236989.6,,,3,,,2237389.56666667,2237889.56666667,7,4,-,1,3,3,1,1,0,2230139.7,2229389.7,2230889.66666667
295,2238389.56666667,2239139.53333333,2239889.53333333,2240639.5,2242239.5,,,6,,,2242689.46666667,2243189.46666667,5,1,+,1,6,6,1,1,0,2239139.53333333,2238389.56666667,2239889.53333333
296,2243689.46666667,2244439.46666667,2245189.43333333,2245939.43333333,2247706.06666667,2248039.4,,1,0.0,,2248406.03333333,2248906.03333333,2,8,+,0,10,10,1,1,0,2243689.46666667,2245189.43333333,2244439.46666667
297,2249406.03333333,2250156.0,2250906.0,2251656.0,2252305.96666667,,,0,,,2252722.63333333,2253222.63333333,6,0,-,1,6,0,0,1,0,2250156.0,2249406.03333333,2250906.0
298,2253722.63333333,2254472.6,2255222.6,2255972.6,2260305.86666667,,,9,,,2260755.83333333,2261272.5,4,5,+,1,9,9,1,1,0,2254472.6,2253722.63333333,2255222.6
299,2261772.5,2262522.46666667,2263272.46666667,2264022.46666667,2266089.06666667,,,5,,,2266505.73333333,2267005.73333333,4,2,+,0,6,5,0,1,0,2261772.5,2263272.46666667,2262522.46666667
300,2267505.73333333,2268255.7,2269005.7,2269755.7,2272305.66666667,,,0,,,2272772.3,2273288.93333333,0,0,+,0,0,0,1,1,0,2267505.73333333,2269005.7,2268255.7
