subject,neuron_id,region,best_bin_ms,n_temporal_bins,best_gamma,n_folds,observed_accuracy,mean_shuffle_accuracy,n_shuffles_ge_observed,p_value,number_coding,runtime_sec
YFF,8,ent,60.0,15.0,0.2,7.0,0.14678899082568808,0.109954128440367,34.0,0.17412935323383086,False,4.902514696121216
YFF,9,hpc,900.0,1.0,0.2,7.0,0.1651376146788991,0.10555045871559633,9.0,0.04975124378109453,True,4.729883909225464
YFF,10,hpc,75.0,12.0,0.8,7.0,0.1926605504587156,0.10830275229357798,5.0,0.029850746268656716,True,5.093260049819946
YFF,11,hpc,300.0,3.0,0.5,7.0,0.13761467889908258,0.10279816513761468,34.0,0.17412935323383086,False,3.517442226409912
YFF,12,hpc,90.0,10.0,0.5,7.0,0.12844036697247707,0.1098165137614679,61.0,0.30845771144278605,False,5.13534951210022
YFF,13,hpc,100.0,9.0,0.2,7.0,0.2018348623853211,0.11330275229357799,1.0,0.009950248756218905,True,5.1864013671875
YFF,14,hpc,60.0,15.0,0.8,7.0,0.12844036697247707,0.10821100917431192,69.0,0.3482587064676617,False,5.2146618366241455
YFF,15,hpc,60.0,15.0,0.2,7.0,0.11009174311926606,0.11701834862385323,126.0,0.6318407960199005,False,4.890066146850586
YFF,16,hpc,150.0,6.0,0.2,7.0,0.1743119266055046,0.11077981651376147,10.0,0.05472636815920398,False,4.334985256195068
YFF,26,hpc,60.0,15.0,0.2,7.0,0.14678899082568808,0.11477064220183487,40.0,0.20398009950248755,False,5.256898880004883
YFF,27,hpc,75.0,12.0,0.5,7.0,0.11926605504587157,0.09830275229357799,56.0,0.2835820895522388,False,5.105596542358398
YFF,28,hpc,180.0,5.0,0.5,7.0,0.1926605504587156,0.11155963302752295,1.0,0.009950248756218905,True,5.008589506149292
YFF,29,hpc,75.0,12.0,0.2,7.0,0.11009174311926606,0.09756880733944956,75.0,0.3781094527363184,False,5.402856826782227
YFF,30,hpc,60.0,15.0,0.2,7.0,0.1926605504587156,0.11151376146788991,4.0,0.024875621890547265,True,4.280941486358643
YFF,31,hpc,150.0,6.0,0.5,7.0,0.09174311926605505,0.10160550458715598,136.0,0.681592039800995,False,5.072775602340698
YFF,32,hpc,300.0,3.0,0.5,7.0,0.2018348623853211,0.10403669724770644,2.0,0.014925373134328358,True,5.284403324127197
YFF,33,hpc,180.0,5.0,0.8,7.0,0.1926605504587156,0.10825688073394496,6.0,0.03482587064676617,True,4.660092353820801
YFF,34,hpc,180.0,5.0,0.2,7.0,0.2018348623853211,0.10573394495412845,2.0,0.014925373134328358,True,4.7354230880737305
YFF,35,hpc,150.0,6.0,0.2,7.0,0.1834862385321101,0.1131651376146789,12.0,0.06467661691542288,False,4.676780462265015
YFF,36,hpc,150.0,6.0,0.2,7.0,0.08256880733944955,0.09720183486238533,141.0,0.7064676616915423,False,4.74530029296875
YFF,37,hpc,60.0,15.0,0.8,7.0,0.1651376146788991,0.11403669724770643,21.0,0.10945273631840796,False,4.954900741577148
YFF,38,hpc,60.0,15.0,0.8,7.0,0.1651376146788991,0.11032110091743119,17.0,0.08955223880597014,False,4.850219011306763
YFF,39,hpc,150.0,6.0,0.8,7.0,0.25688073394495414,0.10830275229357798,0.0,0.004975124378109453,True,4.467158794403076
YFF,40,hpc,100.0,9.0,0.5,7.0,0.1559633027522936,0.11288990825688075,25.0,0.12935323383084577,False,4.617798566818237
YFF,41,hpc,150.0,6.0,0.2,7.0,0.09174311926605505,0.10087155963302752,132.0,0.6616915422885572,False,4.4268903732299805
YFF,42,hpc,90.0,10.0,0.8,7.0,0.14678899082568808,0.11206422018348623,35.0,0.1791044776119403,False,4.652178764343262
YFF,43,hpc,450.0,2.0,0.8,7.0,0.11926605504587157,0.10637614678899084,85.0,0.42786069651741293,False,4.5187225341796875
YFF,44,hpc,150.0,6.0,0.8,7.0,0.14678899082568808,0.10610091743119267,31.0,0.15920398009950248,False,4.578813314437866
YFF,45,hpc,900.0,1.0,0.2,7.0,0.13761467889908258,0.10192660550458715,30.0,0.15422885572139303,False,4.2859787940979
YFF,46,hpc,180.0,5.0,0.5,7.0,0.1559633027522936,0.11155963302752295,26.0,0.13432835820895522,False,4.697329044342041
YFF,47,hpc,225.0,4.0,0.8,7.0,0.13761467889908258,0.10004587155963303,26.0,0.13432835820895522,False,3.6932218074798584
YFF,48,hpc,900.0,1.0,0.2,7.0,0.1559633027522936,0.10885321100917432,20.0,0.1044776119402985,False,3.014172077178955
YFF,49,hpc,60.0,15.0,0.5,7.0,0.08256880733944955,0.10573394495412845,166.0,0.8308457711442786,False,4.74175500869751
YFF,50,hpc,300.0,3.0,0.5,7.0,0.1926605504587156,0.10807339449541285,1.0,0.009950248756218905,True,4.762806177139282
YFF,51,hpc,100.0,9.0,0.2,7.0,0.13761467889908258,0.10871559633027524,42.0,0.21393034825870647,False,3.7686173915863037
YFF,52,hpc,300.0,3.0,0.5,7.0,0.1651376146788991,0.1098165137614679,11.0,0.05970149253731343,False,4.291159391403198
YFF,53,hpc,60.0,15.0,0.2,7.0,0.14678899082568808,0.10403669724770642,19.0,0.09950248756218906,False,4.368649005889893
YFI,0,hpc,90.0,10.0,0.8,8.0,0.14563106796116504,0.11169902912621357,39.0,0.19900497512437812,False,4.123385429382324
YFI,1,hpc,60.0,15.0,0.2,8.0,0.17475728155339806,0.11048543689320386,10.0,0.05472636815920398,False,4.20965051651001
YFI,2,hpc,450.0,2.0,0.8,8.0,0.13592233009708737,0.10980582524271842,55.0,0.27860696517412936,False,3.931521415710449
YFI,3,hpc,900.0,1.0,0.2,8.0,0.1650485436893204,0.10747572815533978,18.0,0.0945273631840796,False,3.8320086002349854
YFI,4,hpc,180.0,5.0,0.8,8.0,0.14563106796116504,0.10645631067961162,35.0,0.1791044776119403,False,3.9030561447143555
YFI,5,hpc,60.0,15.0,0.5,8.0,0.1553398058252427,0.11601941747572812,33.0,0.1691542288557214,False,4.173780202865601
YFI,6,hpc,90.0,10.0,0.5,8.0,0.13592233009708737,0.11033980582524268,54.0,0.2736318407960199,False,4.086379289627075
YFI,7,hpc,60.0,15.0,0.8,8.0,0.20388349514563106,0.11300970873786405,1.0,0.009950248756218905,True,4.77272367477417
YFI,8,hpc,300.0,3.0,0.5,8.0,0.13592233009708737,0.1069902912621359,47.0,0.23880597014925373,False,4.062161207199097
YFI,18,hpc,60.0,15.0,0.8,8.0,0.1553398058252427,0.11029126213592232,25.0,0.12935323383084577,False,4.266482353210449
YFI,19,hpc,180.0,5.0,0.2,8.0,0.1650485436893204,0.10878640776699026,20.0,0.1044776119402985,False,4.130665302276611
YFI,20,hpc,150.0,6.0,0.8,8.0,0.1941747572815534,0.10878640776699028,2.0,0.014925373134328358,True,4.457988500595093
YFI,21,hpc,75.0,12.0,0.5,8.0,0.13592233009708737,0.11252427184466017,54.0,0.2736318407960199,False,4.377457618713379
YFI,22,hpc,300.0,3.0,0.2,8.0,0.11650485436893204,0.10839805825242717,92.0,0.4626865671641791,False,3.8471457958221436
YFI,23,hpc,300.0,3.0,0.5,8.0,0.1941747572815534,0.10645631067961162,3.0,0.01990049751243781,True,3.9971487522125244
YFI,24,hpc,90.0,10.0,0.5,8.0,0.1650485436893204,0.11393203883495144,25.0,0.12935323383084577,False,4.2287702560424805
YFI,25,hpc,90.0,10.0,0.8,8.0,0.1650485436893204,0.11019417475728155,21.0,0.10945273631840796,False,3.891554117202759
YFI,26,hpc,60.0,15.0,0.5,8.0,0.18446601941747573,0.11388349514563105,12.0,0.06467661691542288,False,4.991806983947754
YFI,27,hpc,180.0,5.0,0.5,8.0,0.13592233009708737,0.10262135922330094,47.0,0.23880597014925373,False,4.34611439704895
YFI,28,hpc,90.0,10.0,0.5,8.0,0.14563106796116504,0.11087378640776696,38.0,0.19402985074626866,False,4.085128307342529
YFI,29,hpc,900.0,1.0,0.2,8.0,0.21359223300970873,0.10815533980582522,0.0,0.004975124378109453,True,3.7720539569854736
YFI,30,ent,900.0,1.0,0.2,8.0,0.21359223300970873,0.10378640776699026,3.0,0.01990049751243781,True,3.995260715484619
YFI,31,ent,100.0,9.0,0.8,8.0,0.1553398058252427,0.11058252427184463,24.0,0.12437810945273632,False,4.636411190032959
YFI,32,ent,450.0,2.0,0.5,8.0,0.14563106796116504,0.11019417475728152,43.0,0.21890547263681592,False,4.125250816345215
YFI,33,ent,225.0,4.0,0.2,8.0,0.17475728155339806,0.108252427184466,9.0,0.04975124378109453,True,3.760711431503296
YFI,34,ent,90.0,10.0,0.8,8.0,0.17475728155339806,0.10999999999999999,9.0,0.04975124378109453,True,3.6309986114501953
YFI,35,ent,900.0,1.0,0.2,8.0,0.1650485436893204,0.11189320388349513,22.0,0.11442786069651742,False,3.5942094326019287
YFI,36,ent,90.0,10.0,0.5,8.0,0.1941747572815534,0.10956310679611647,4.0,0.024875621890547265,True,3.7065510749816895
YFI,37,ent,60.0,15.0,0.5,8.0,0.14563106796116504,0.11082524271844658,38.0,0.19402985074626866,False,3.899085760116577
YFJ,9,hpc,100.0,9.0,0.8,4.0,0.19298245614035087,0.11087719298245613,1.0,0.009950248756218905,True,3.4203200340270996
YFJ,10,hpc,180.0,5.0,0.2,4.0,0.11403508771929824,0.10618421052631578,91.0,0.4577114427860697,False,3.455531597137451
YFJ,11,hpc,450.0,2.0,0.5,4.0,0.18421052631578946,0.10381578947368421,2.0,0.014925373134328358,True,3.2716517448425293
YFJ,12,hpc,75.0,12.0,0.2,4.0,0.16666666666666666,0.11030701754385965,18.0,0.0945273631840796,False,3.3377983570098877
YFJ,13,hpc,300.0,3.0,0.5,4.0,0.14035087719298245,0.10416666666666664,31.0,0.15920398009950248,False,3.3818371295928955
YFJ,14,hpc,60.0,15.0,0.2,4.0,0.16666666666666666,0.13460526315789473,56.0,0.2835820895522388,False,3.396491289138794
YFJ,15,hpc,75.0,12.0,0.2,4.0,0.15789473684210525,0.1093859649122807,20.0,0.1044776119402985,False,3.4421589374542236
YFJ,16,hpc,100.0,9.0,0.2,4.0,0.11403508771929824,0.10109649122807017,70.0,0.35323383084577115,False,3.454583168029785
YFJ,17,hpc,450.0,2.0,0.5,4.0,0.14035087719298245,0.08526315789473683,8.0,0.04477611940298507,True,3.148170232772827
YFJ,18,hpc,180.0,5.0,0.2,4.0,0.12280701754385964,0.1082017543859649,78.0,0.39303482587064675,False,3.3872241973876953
YFJ,19,hpc,100.0,9.0,0.5,4.0,0.21929824561403508,0.10846491228070175,0.0,0.004975124378109453,True,3.524030923843384
YFJ,20,hpc,150.0,6.0,0.5,4.0,0.10526315789473684,0.08960526315789474,63.0,0.31840796019900497,False,3.3015177249908447
YFJ,21,hpc,60.0,15.0,0.8,4.0,0.18421052631578946,0.11521929824561404,5.0,0.029850746268656716,True,3.3907344341278076
YFJ,22,hpc,60.0,15.0,0.2,4.0,0.19298245614035087,0.11513157894736842,5.0,0.029850746268656716,True,3.433805227279663
YFJ,23,hpc,450.0,2.0,0.5,4.0,0.14912280701754385,0.10083333333333332,17.0,0.08955223880597014,False,3.4946954250335693
YFJ,24,hpc,300.0,3.0,0.8,4.0,0.14912280701754385,0.1069736842105263,26.0,0.13432835820895522,False,3.4068214893341064
YFJ,25,hpc,90.0,10.0,0.5,4.0,0.15789473684210525,0.11491228070175438,31.0,0.15920398009950248,False,3.3410956859588623
YFJ,26,hpc,60.0,15.0,0.2,4.0,0.14912280701754385,0.1126315789473684,29.0,0.14925373134328357,False,3.4488253593444824
YFJ,27,hpc,75.0,12.0,0.8,4.0,0.14912280701754385,0.11359649122807017,35.0,0.1791044776119403,False,3.5218100547790527
YFJ,28,hpc,300.0,3.0,0.5,4.0,0.15789473684210525,0.10872807017543859,9.0,0.04975124378109453,True,3.3200020790100098
YFJ,37,hpc,90.0,10.0,0.8,4.0,0.19298245614035087,0.11223684210526315,1.0,0.009950248756218905,True,3.5052216053009033
YFJ,38,hpc,450.0,2.0,0.8,4.0,0.13157894736842105,0.09271929824561403,38.0,0.19402985074626866,False,3.3439412117004395
YFJ,39,hpc,900.0,1.0,0.2,4.0,0.15789473684210525,0.10364035087719298,14.0,0.07462686567164178,False,3.1681220531463623
YFJ,40,hpc,225.0,4.0,0.2,4.0,0.13157894736842105,0.10960526315789472,60.0,0.3034825870646766,False,3.339259147644043
YFJ,41,hpc,100.0,9.0,0.8,4.0,0.18421052631578946,0.11403508771929825,7.0,0.03980099502487562,True,3.393298864364624
YFJ,42,hpc,100.0,9.0,0.8,4.0,0.14912280701754385,0.11333333333333333,35.0,0.1791044776119403,False,3.3682525157928467
YFJ,43,hpc,180.0,5.0,0.8,4.0,0.14912280701754385,0.10662280701754386,25.0,0.12935323383084577,False,3.3626482486724854
YFJ,44,hpc,225.0,4.0,0.8,4.0,0.19298245614035087,0.11078947368421051,2.0,0.014925373134328358,True,3.3663742542266846
YFJ,45,hpc,450.0,2.0,0.8,4.0,0.12280701754385964,0.0856140350877193,28.0,0.14427860696517414,False,3.219766616821289
YFJ,46,hpc,300.0,3.0,0.2,4.0,0.17543859649122806,0.10938596491228068,9.0,0.04975124378109453,True,3.2406411170959473
YFJ,47,hpc,450.0,2.0,0.5,4.0,0.11403508771929824,0.10508771929824562,74.0,0.373134328358209,False,3.557050943374634
YFJ,48,hpc,100.0,9.0,0.5,4.0,0.16666666666666666,0.11298245614035088,21.0,0.10945273631840796,False,3.4947333335876465
YFJ,49,hpc,60.0,15.0,0.2,4.0,0.15789473684210525,0.11403508771929824,24.0,0.12437810945273632,False,3.5548927783966064
YFJ,50,hpc,75.0,12.0,0.2,4.0,0.12280701754385964,0.11118421052631579,76.0,0.38308457711442784,False,3.5271360874176025
YFJ,51,hpc,900.0,1.0,0.2,4.0,0.12280701754385964,0.1062280701754386,70.0,0.35323383084577115,False,3.3168914318084717
YFJ,52,hpc,225.0,4.0,0.5,4.0,0.16666666666666666,0.10899122807017543,11.0,0.05970149253731343,False,3.3495123386383057
YFJ,53,hpc,450.0,2.0,0.8,4.0,0.07894736842105263,0.08592105263157894,118.0,0.5920398009950248,False,3.457298994064331
YFJ,54,hpc,100.0,9.0,0.8,4.0,0.18421052631578946,0.11592105263157894,5.0,0.029850746268656716,True,3.4707210063934326
YFJ,55,hpc,90.0,10.0,0.2,4.0,0.16666666666666666,0.11403508771929824,19.0,0.09950248756218906,False,3.292368173599243
YFJ,56,hpc,60.0,15.0,0.2,4.0,0.10526315789473684,0.11451754385964913,121.0,0.6069651741293532,False,3.3462955951690674
YFJ,57,hpc,180.0,5.0,0.5,4.0,0.21929824561403508,0.10964912280701754,1.0,0.009950248756218905,True,3.121917963027954
YFJ,58,hpc,90.0,10.0,0.8,4.0,0.14035087719298245,0.11118421052631579,42.0,0.21393034825870647,False,3.307227373123169
YFJ,59,hpc,150.0,6.0,0.2,4.0,0.11403508771929824,0.11228070175438595,97.0,0.48756218905472637,False,3.44677472114563
YFJ,60,hpc,75.0,12.0,0.8,4.0,0.19298245614035087,0.11337719298245613,2.0,0.014925373134328358,True,2.5716257095336914
YFJ,61,hpc,75.0,12.0,0.8,4.0,0.17543859649122806,0.11442982456140349,11.0,0.05970149253731343,False,3.0519826412200928
YFK,24,hpc,100.0,9.0,0.8,4.0,0.15789473684210525,0.10903508771929823,19.0,0.09950248756218906,False,3.046724319458008
YFK,25,hpc,60.0,15.0,0.2,4.0,0.14035087719298245,0.1118421052631579,45.0,0.22885572139303484,False,3.810692071914673
YFK,26,hpc,100.0,9.0,0.2,4.0,0.19298245614035087,0.10864035087719298,1.0,0.009950248756218905,True,3.352337598800659
YFK,27,hpc,60.0,15.0,0.2,4.0,0.16666666666666666,0.15916435826408123,101.0,0.6666666666666666,False,911.4092147350311
YFK,28,hpc,225.0,4.0,0.2,4.0,0.14035087719298245,0.10855263157894736,41.0,0.208955223880597,False,1371.8045120239258
YFK,29,hpc,100.0,9.0,0.8,4.0,0.20175438596491227,0.11087719298245613,5.0,0.029850746268656716,True,3.912632942199707
YFK,30,hpc,90.0,10.0,0.2,4.0,0.17543859649122806,0.1119298245614035,8.0,0.04477611940298507,True,5.738926649093628
YFK,31,hpc,300.0,3.0,0.5,4.0,0.14035087719298245,0.08793859649122805,22.0,0.11442786069651742,False,6.116742372512817
YFK,32,hpc,60.0,15.0,0.8,4.0,0.14035087719298245,0.115,55.0,0.27860696517412936,False,5.407923460006714
YFK,33,hpc,90.0,10.0,0.2,4.0,0.13157894736842105,0.11144736842105264,65.0,0.3283582089552239,False,4.728255748748779
YFK,34,para-hpc,100.0,9.0,0.5,4.0,0.12280701754385964,0.1143421052631579,83.0,0.417910447761194,False,4.032618999481201
YFK,35,para-hpc,300.0,3.0,0.2,4.0,0.15789473684210525,0.1055701754385965,19.0,0.09950248756218906,False,4.154204368591309
YFK,36,para-hpc,450.0,2.0,0.2,4.0,0.16666666666666666,0.10403508771929823,8.0,0.04477611940298507,True,3.929142951965332
YFK,37,para-hpc,100.0,9.0,0.5,4.0,0.16666666666666666,0.1132456140350877,17.0,0.08955223880597014,False,3.942289113998413
YFK,38,para-hpc,900.0,1.0,0.5,4.0,0.13157894736842105,0.10469298245614034,49.0,0.24875621890547264,False,3.5005834102630615
YFK,39,para-hpc,60.0,15.0,0.2,4.0,0.19298245614035087,0.11438596491228069,1.0,0.009950248756218905,True,3.778543472290039
YFK,40,para-hpc,75.0,12.0,0.8,4.0,0.12280701754385964,0.11219298245614034,78.0,0.39303482587064675,False,3.3262526988983154
YFK,41,para-hpc,60.0,15.0,0.2,4.0,0.13157894736842105,0.11289473684210524,69.0,0.3482587064676617,False,3.800074338912964
YFK,42,para-hpc,75.0,12.0,0.2,4.0,0.17543859649122806,0.11271929824561402,7.0,0.03980099502487562,True,3.8572351932525635
YFK,43,para-hpc,300.0,3.0,0.8,4.0,0.18421052631578946,0.09714912280701754,0.0,0.004975124378109453,True,3.753546953201294
YFK,44,para-hpc,90.0,10.0,0.2,4.0,0.12280701754385964,0.11092105263157893,79.0,0.39800995024875624,False,3.7308597564697266
YFK,45,para-hpc,60.0,15.0,0.8,4.0,0.14912280701754385,0.11780701754385964,46.0,0.23383084577114427,False,3.7036876678466797
YFK,46,para-hpc,180.0,5.0,0.8,4.0,0.14035087719298245,0.10899122807017544,33.0,0.1691542288557214,False,3.707274913787842
YFK,47,hpc,150.0,6.0,0.2,4.0,0.18421052631578946,0.11289473684210524,6.0,0.03482587064676617,True,3.629314422607422
YFK,48,hpc,60.0,15.0,0.5,4.0,0.16666666666666666,0.11346491228070174,24.0,0.12437810945273632,False,3.9872114658355713
YFK,49,hpc,225.0,4.0,0.5,4.0,0.14035087719298245,0.10640350877192983,38.0,0.19402985074626866,False,3.5385520458221436
YFK,50,hpc,60.0,15.0,0.2,4.0,0.08771929824561403,0.09706140350877192,131.0,0.6567164179104478,False,3.8842694759368896
YFK,51,hpc,60.0,15.0,0.5,4.0,0.19298245614035087,0.11166666666666668,2.0,0.014925373134328358,True,3.780441999435425
YFK,52,hpc,75.0,12.0,0.8,4.0,0.15789473684210525,0.1169298245614035,26.0,0.13432835820895522,False,3.713970899581909
YFK,53,hpc,60.0,15.0,0.8,4.0,0.12280701754385964,0.11342105263157894,87.0,0.43781094527363185,False,3.812566041946411
YFK,54,hpc,75.0,12.0,0.5,4.0,0.14035087719298245,0.09850877192982456,28.0,0.14427860696517414,False,3.7321341037750244
YFK,55,hpc,60.0,15.0,0.2,4.0,0.17543859649122806,0.1157017543859649,13.0,0.06965174129353234,False,3.729337692260742
YFK,56,hpc,60.0,15.0,0.2,4.0,0.15789473684210525,0.15139371270816632,118.0,0.601010101010101,False,3.5933730602264404
YFK,57,hpc,90.0,10.0,0.5,4.0,0.16666666666666666,0.10986842105263157,13.0,0.06965174129353234,False,4.160874128341675
YFK,58,hpc,150.0,6.0,0.2,4.0,0.15789473684210525,0.11482456140350877,28.0,0.14427860696517414,False,3.5711262226104736
YFK,59,hpc,75.0,12.0,0.5,4.0,0.24561403508771928,0.11083333333333333,0.0,0.004975124378109453,True,3.472235679626465
YFK,60,hpc,75.0,12.0,0.5,4.0,0.17543859649122806,0.09017543859649121,11.0,0.05970149253731343,False,3.512218952178955
YFK,61,hpc,75.0,12.0,0.5,4.0,0.19298245614035087,0.11390350877192983,3.0,0.01990049751243781,True,3.632108688354492
YFK,62,hpc,75.0,12.0,0.2,4.0,0.14912280701754385,0.11092105263157893,28.0,0.14427860696517414,False,4.323616027832031
YFK,63,para-hpc,450.0,2.0,0.8,4.0,0.07017543859649122,0.08807017543859649,133.0,0.6666666666666666,False,3.774326801300049
YFK,64,para-hpc,75.0,12.0,0.5,4.0,0.14035087719298245,0.10245614035087719,33.0,0.1691542288557214,False,3.889130115509033
YFK,65,para-hpc,450.0,2.0,0.8,4.0,0.14912280701754385,0.09513157894736843,13.0,0.06965174129353234,False,4.181518077850342
YFK,66,para-hpc,75.0,12.0,0.8,4.0,0.17543859649122806,0.10456140350877191,5.0,0.029850746268656716,True,3.596132516860962
YFK,67,para-hpc,60.0,15.0,0.5,4.0,0.13157894736842105,0.11021929824561404,61.0,0.30845771144278605,False,3.719306468963623
YFL,19,hpc,100.0,9.0,0.5,4.0,0.16666666666666666,0.1056140350877193,10.0,0.05472636815920398,False,3.85128116607666
YFL,20,hpc,100.0,9.0,0.5,4.0,0.15789473684210525,0.13394736842105265,71.0,0.3582089552238806,False,4.072417736053467
YFL,21,hpc,225.0,4.0,0.8,4.0,0.17543859649122806,0.1011842105263158,16.0,0.0845771144278607,False,4.41135835647583
YFL,22,hpc,225.0,4.0,0.8,4.0,0.16666666666666666,0.10543859649122807,8.0,0.04477611940298507,True,3.9843971729278564
YFL,23,hpc,900.0,1.0,0.5,4.0,0.15789473684210525,0.09894736842105263,11.0,0.05970149253731343,False,3.5484414100646973
YFL,24,hpc,60.0,15.0,0.2,4.0,0.14035087719298245,0.10666666666666666,33.0,0.1691542288557214,False,3.7743425369262695
YFL,25,hpc,100.0,9.0,0.5,4.0,0.16666666666666666,0.1132456140350877,18.0,0.0945273631840796,False,3.813748359680176
YFL,26,hpc,75.0,12.0,0.2,4.0,0.17543859649122806,0.11241228070175438,9.0,0.04975124378109453,True,3.6069726943969727
YFL,27,hpc,,,,,,,,,False,0.2326829433441162
YFL,28,hpc,60.0,15.0,0.5,4.0,0.12280701754385964,0.08785087719298247,34.0,0.17412935323383086,False,3.754638195037842
YFL,29,hpc,225.0,4.0,0.2,4.0,0.19298245614035087,0.10631578947368421,3.0,0.01990049751243781,True,3.641911745071411
YFL,30,hpc,100.0,9.0,0.5,4.0,0.18421052631578946,0.11096491228070175,4.0,0.024875621890547265,True,3.531068801879883
YFL,31,hpc,100.0,9.0,0.2,4.0,0.11403508771929824,0.10798245614035087,81.0,0.4079601990049751,False,3.6927764415740967
YFL,32,hpc,900.0,1.0,0.2,4.0,0.14912280701754385,0.09802631578947367,17.0,0.08955223880597014,False,3.3662002086639404
YFL,33,hpc,100.0,9.0,0.5,4.0,0.18421052631578946,0.10969298245614034,5.0,0.029850746268656716,True,3.7831478118896484
YFL,34,hpc,90.0,10.0,0.5,4.0,0.14912280701754385,0.1082017543859649,24.0,0.12437810945273632,False,3.506377935409546
YFL,35,hpc,60.0,15.0,0.2,4.0,0.16666666666666666,0.1169736842105263,21.0,0.10945273631840796,False,4.044830322265625
YFL,36,hpc,75.0,12.0,0.2,4.0,0.14035087719298245,0.11574561403508771,48.0,0.24378109452736318,False,3.6581766605377197
YFL,37,hpc,100.0,9.0,0.5,4.0,0.16666666666666666,0.11535087719298245,18.0,0.0945273631840796,False,3.6922314167022705
YFL,38,hpc,900.0,1.0,0.2,4.0,0.14035087719298245,0.1031140350877193,25.0,0.12935323383084577,False,3.3305232524871826
YFL,39,hpc,225.0,4.0,0.2,4.0,0.14912280701754385,0.10342105263157896,26.0,0.13432835820895522,False,3.471623182296753
YFL,58,hpc,100.0,9.0,0.8,4.0,0.16666666666666666,0.11315789473684208,17.0,0.08955223880597014,False,3.6599984169006348
YFL,59,hpc,900.0,1.0,0.2,4.0,0.10526315789473684,0.09280701754385966,72.0,0.36318407960199006,False,3.561272382736206
YFL,60,hpc,225.0,4.0,0.2,4.0,0.12280701754385964,0.10986842105263157,76.0,0.38308457711442784,False,3.436021327972412
YFL,61,hpc,60.0,15.0,0.8,4.0,0.14035087719298245,0.11596491228070174,54.0,0.2736318407960199,False,3.84029221534729
YFL,62,hpc,60.0,15.0,0.2,4.0,0.15789473684210525,0.11381578947368422,20.0,0.1044776119402985,False,3.8872315883636475
YFL,63,hpc,90.0,10.0,0.2,4.0,0.14912280701754385,0.11311403508771928,32.0,0.16417910447761194,False,3.717846155166626
YFL,64,hpc,150.0,6.0,0.2,4.0,0.14912280701754385,0.11350877192982456,38.0,0.19402985074626866,False,3.696110486984253
YFL,65,hpc,450.0,2.0,0.8,4.0,0.18421052631578946,0.0994736842105263,2.0,0.014925373134328358,True,3.362238645553589
YFL,66,hpc,450.0,2.0,0.8,4.0,0.16666666666666666,0.10021929824561403,12.0,0.06467661691542288,False,3.6506283283233643
YFL,67,hpc,60.0,15.0,0.5,4.0,0.10526315789473684,0.11517543859649121,128.0,0.6417910447761194,False,3.2786357402801514
YFL,68,hpc,60.0,15.0,0.2,4.0,0.14035087719298245,0.11666666666666665,57.0,0.2885572139303483,False,3.1904115676879883
YFL,69,hpc,100.0,9.0,0.5,4.0,0.10526315789473684,0.10890350877192984,110.0,0.5522388059701493,False,3.6197776794433594
YFL,70,hpc,300.0,3.0,0.8,4.0,0.17543859649122806,0.1075,8.0,0.04477611940298507,True,3.6630947589874268
YFL,71,hpc,900.0,1.0,0.2,4.0,0.15789473684210525,0.1037719298245614,14.0,0.07462686567164178,False,3.506394863128662
YFL,72,hpc,60.0,15.0,0.2,4.0,0.17543859649122806,0.1154824561403509,10.0,0.05472636815920398,False,3.5601954460144043
YFL,73,hpc,100.0,9.0,0.8,4.0,0.16666666666666666,0.11241228070175438,14.0,0.07462686567164178,False,3.572084903717041
YFL,74,hpc,300.0,3.0,0.5,4.0,0.10526315789473684,0.10578947368421052,113.0,0.5671641791044776,False,3.7423040866851807
YFL,75,hpc,60.0,15.0,0.5,4.0,0.14912280701754385,0.11631578947368419,40.0,0.20398009950248755,False,3.992697238922119
YFL,76,hpc,450.0,2.0,0.8,4.0,0.11403508771929824,0.10561403508771929,92.0,0.4626865671641791,False,3.693267345428467
YFL,77,hpc,100.0,9.0,0.5,4.0,0.18421052631578946,0.11276315789473683,6.0,0.03482587064676617,True,3.969160318374634
YFL,78,hpc,75.0,12.0,0.2,4.0,0.14912280701754385,0.11328947368421051,31.0,0.15920398009950248,False,3.891303777694702
YFL,79,ent,900.0,1.0,0.2,4.0,0.12280701754385964,0.10333333333333332,61.0,0.30845771144278605,False,3.716435432434082
YFL,80,ent,150.0,6.0,0.5,4.0,0.14035087719298245,0.10758771929824562,39.0,0.19900497512437812,False,3.96964168548584
YFL,81,ent,60.0,15.0,0.2,4.0,0.09649122807017543,0.09907894736842106,116.0,0.582089552238806,False,3.769320249557495
YFL,82,ent,900.0,1.0,0.2,4.0,0.16666666666666666,0.10903508771929825,11.0,0.05970149253731343,False,3.7202768325805664
YFL,83,ent,100.0,9.0,0.5,4.0,0.15789473684210525,0.11179824561403509,26.0,0.13432835820895522,False,3.9756863117218018
YFL,84,ent,450.0,2.0,0.2,4.0,0.15789473684210525,0.10600877192982455,15.0,0.07960199004975124,False,3.78783917427063
YFL,85,ent,150.0,6.0,0.5,4.0,0.17543859649122806,0.10754385964912279,9.0,0.04975124378109453,True,3.7252914905548096
YFL,86,ent,100.0,9.0,0.5,4.0,0.17543859649122806,0.11478070175438596,8.0,0.04477611940298507,True,3.9449498653411865
YFL,87,ent,90.0,10.0,0.5,4.0,0.14035087719298245,0.11421052631578947,53.0,0.26865671641791045,False,4.02249002456665
YFL,88,ent,300.0,3.0,0.2,4.0,0.13157894736842105,0.09828947368421054,35.0,0.1791044776119403,False,3.8230926990509033
YFL,89,ent,900.0,1.0,0.2,4.0,0.13157894736842105,0.1025,40.0,0.20398009950248755,False,3.8253209590911865
YFL,90,ent,300.0,3.0,0.5,4.0,0.16666666666666666,0.10592105263157894,7.0,0.03980099502487562,True,3.8566954135894775
YFL,91,ent,60.0,15.0,0.2,4.0,0.11403508771929824,0.1137280701754386,102.0,0.5124378109452736,False,3.7369468212127686
YFL,92,ent,100.0,9.0,0.5,4.0,0.18421052631578946,0.11513157894736842,8.0,0.04477611940298507,True,3.8633744716644287
YFL,93,ent,225.0,4.0,0.5,4.0,0.15789473684210525,0.11,14.0,0.07462686567164178,False,3.8220746517181396
YFM,15,hpc,60.0,15.0,0.8,4.0,0.17543859649122806,0.11675438596491226,18.0,0.0945273631840796,False,4.092913389205933
YFM,16,hpc,100.0,9.0,0.2,4.0,0.18421052631578946,0.11030701754385965,6.0,0.03482587064676617,True,3.714689016342163
YFM,17,hpc,60.0,15.0,0.5,4.0,0.15789473684210525,0.11333333333333333,25.0,0.12935323383084577,False,3.803605079650879
YFM,18,hpc,75.0,12.0,0.8,4.0,0.15789473684210525,0.1064035087719298,16.0,0.0845771144278607,False,3.8180556297302246
YFM,19,hpc,75.0,12.0,0.2,4.0,0.14035087719298245,0.11328947368421051,43.0,0.21890547263681592,False,3.7085916996002197
YFM,20,hpc,75.0,12.0,0.2,4.0,0.14035087719298245,0.11416666666666668,48.0,0.24378109452736318,False,3.8918662071228027
YFM,21,hpc,90.0,10.0,0.8,4.0,0.16666666666666666,0.11013157894736843,12.0,0.06467661691542288,False,3.7452659606933594
YFM,22,hpc,90.0,10.0,0.5,4.0,0.09649122807017543,0.10701754385964911,127.0,0.6368159203980099,False,3.5549373626708984
YFM,23,hpc,225.0,4.0,0.5,4.0,0.15789473684210525,0.10828947368421052,19.0,0.09950248756218906,False,3.6794352531433105
YFM,24,hpc,75.0,12.0,0.5,4.0,0.09649122807017543,0.11017543859649123,135.0,0.6766169154228856,False,3.3717143535614014
YFM,25,hpc,75.0,12.0,0.8,4.0,0.18421052631578946,0.11390350877192983,10.0,0.05472636815920398,False,3.3290579319000244
YFM,33,ent,60.0,15.0,0.2,4.0,0.20175438596491227,0.11614035087719297,0.0,0.004975124378109453,True,3.514061212539673
YFM,34,ent,450.0,2.0,0.5,4.0,0.13157894736842105,0.10614035087719298,46.0,0.23383084577114427,False,3.6010427474975586
YFM,35,ent,150.0,6.0,0.8,4.0,0.19298245614035087,0.1004824561403509,1.0,0.009950248756218905,True,3.682490587234497
YFM,36,ent,90.0,10.0,0.8,4.0,0.17543859649122806,0.11254385964912281,6.0,0.03482587064676617,True,3.6905999183654785
YFM,37,ent,450.0,2.0,0.5,4.0,0.16666666666666666,0.10482456140350876,5.0,0.029850746268656716,True,3.5007858276367188
YFM,38,ent,100.0,9.0,0.5,4.0,0.17543859649122806,0.1107017543859649,9.0,0.04975124378109453,True,3.525151252746582
YFM,39,ent,60.0,15.0,0.8,4.0,0.14035087719298245,0.11842105263157894,54.0,0.2736318407960199,False,3.8594493865966797
YFM,40,ent,75.0,12.0,0.8,4.0,0.21929824561403508,0.1107017543859649,1.0,0.009950248756218905,True,3.749821186065674
YFM,41,ent,225.0,4.0,0.5,4.0,0.12280701754385964,0.10793859649122808,73.0,0.3681592039800995,False,3.6711320877075195
YFM,42,ent,90.0,10.0,0.5,4.0,0.18421052631578946,0.14201754385964913,8.0,0.04477611940298507,True,3.7308006286621094
YFM,43,ent,60.0,15.0,0.5,4.0,0.18421052631578946,0.11508771929824561,8.0,0.04477611940298507,True,3.873274326324463
YFM,44,ent,75.0,12.0,0.2,4.0,0.14035087719298245,0.11214912280701754,43.0,0.21890547263681592,False,3.616431951522827
YFM,45,ent,900.0,1.0,0.2,4.0,0.13157894736842105,0.10557017543859647,49.0,0.24875621890547264,False,3.3993160724639893
YFM,46,ent,300.0,3.0,0.8,4.0,0.08771929824561403,0.09206140350877191,116.0,0.582089552238806,False,3.555150032043457
YFM,47,ent,75.0,12.0,0.2,4.0,0.15789473684210525,0.11552631578947369,35.0,0.1791044776119403,False,3.637430429458618
YFM,48,ent,150.0,6.0,0.5,4.0,0.15789473684210525,0.11140350877192982,19.0,0.09950248756218906,False,3.4180409908294678
YFM,49,ent,300.0,3.0,0.5,4.0,0.13157894736842105,0.10416666666666666,40.0,0.20398009950248755,False,3.7052321434020996
YFM,61,hpc,100.0,9.0,0.2,4.0,0.13157894736842105,0.111359649122807,56.0,0.2835820895522388,False,3.485379219055176
YFM,62,hpc,450.0,2.0,0.2,4.0,0.13157894736842105,0.10539473684210526,54.0,0.2736318407960199,False,3.9019222259521484
YFM,63,hpc,,,,,,,,,False,0.19269394874572754
YFM,64,hpc,75.0,12.0,0.8,4.0,0.19298245614035087,0.1150877192982456,6.0,0.03482587064676617,True,3.744802951812744
YFM,65,hpc,60.0,15.0,0.2,4.0,0.14912280701754385,0.1162280701754386,44.0,0.22388059701492538,False,3.683932065963745
YFM,66,hpc,75.0,12.0,0.8,4.0,0.14035087719298245,0.11521929824561404,52.0,0.263681592039801,False,3.8504767417907715
YFM,67,hpc,300.0,3.0,0.5,4.0,0.08771929824561403,0.1100438596491228,128.0,0.6417910447761194,False,3.895327091217041
YFM,68,hpc,300.0,3.0,0.5,4.0,0.11403508771929824,0.10315789473684209,76.0,0.38308457711442784,False,3.7374746799468994
YFM,69,hpc,150.0,6.0,0.5,4.0,0.10526315789473684,0.1093859649122807,120.0,0.6019900497512438,False,3.78554105758667
YFM,70,hpc,100.0,9.0,0.2,4.0,0.14912280701754385,0.11298245614035089,34.0,0.17412935323383086,False,3.798382043838501
YFM,71,hpc,90.0,10.0,0.8,4.0,0.10526315789473684,0.09785087719298247,78.0,0.39303482587064675,False,3.636735439300537
YFM,72,hpc,75.0,12.0,0.5,4.0,0.14912280701754385,0.11530701754385964,39.0,0.19900497512437812,False,3.680814027786255
YFM,73,hpc,225.0,4.0,0.2,4.0,0.22807017543859648,0.11135964912280702,0.0,0.004975124378109453,True,3.7225699424743652
YFM,74,hpc,180.0,5.0,0.2,4.0,0.19298245614035087,0.09188596491228068,4.0,0.024875621890547265,True,3.3603038787841797
YFM,75,hpc,60.0,15.0,0.2,4.0,0.16666666666666666,0.1584949215143121,115.0,0.6073298429319371,False,3.6676652431488037
YFM,76,hpc,60.0,15.0,0.2,4.0,0.16666666666666666,0.1578480776409108,110.0,0.5873015873015873,False,3.4891064167022705
YFM,77,hpc,60.0,15.0,0.2,4.0,0.06140350877192982,0.131140350877193,196.0,0.9800995024875622,False,3.733281373977661
YFM,78,hpc,60.0,15.0,0.2,4.0,0.13157894736842105,0.10912280701754386,61.0,0.30845771144278605,False,3.568613290786743
YFM,79,hpc,450.0,2.0,0.2,4.0,0.10526315789473684,0.10140350877192983,92.0,0.4626865671641791,False,3.7465600967407227
YFM,80,hpc,900.0,1.0,0.2,4.0,0.15789473684210525,0.10337719298245612,10.0,0.05472636815920398,False,3.767249822616577
YFM,81,hpc,450.0,2.0,0.8,4.0,0.16666666666666666,0.10105263157894737,7.0,0.03980099502487562,True,3.742046356201172
YFM,82,ent,60.0,15.0,0.2,4.0,0.13157894736842105,0.11583333333333332,70.0,0.35323383084577115,False,3.8707425594329834
YFM,83,ent,60.0,15.0,0.8,4.0,0.15789473684210525,0.09635964912280702,9.0,0.04975124378109453,True,3.81498122215271
YFM,84,ent,180.0,5.0,0.5,4.0,0.19298245614035087,0.1031140350877193,3.0,0.01990049751243781,True,3.6613237857818604
YFM,85,ent,60.0,15.0,0.5,4.0,0.18421052631578946,0.11105263157894736,6.0,0.03482587064676617,True,3.5603160858154297
YFM,86,ent,100.0,9.0,0.2,4.0,0.13157894736842105,0.1162719298245614,71.0,0.3582089552238806,False,3.8924310207366943
YFM,87,ent,75.0,12.0,0.8,4.0,0.14035087719298245,0.10219298245614034,27.0,0.13930348258706468,False,3.6708521842956543
YFM,88,ent,300.0,3.0,0.8,4.0,0.16666666666666666,0.10399122807017543,8.0,0.04477611940298507,True,3.301211357116699
YFM,89,ent,90.0,10.0,0.5,4.0,0.14035087719298245,0.1107017543859649,44.0,0.22388059701492538,False,3.6143670082092285
YFM,90,ent,450.0,2.0,0.5,4.0,0.18421052631578946,0.10425438596491227,3.0,0.01990049751243781,True,3.6060421466827393
YFM,91,ent,60.0,15.0,0.2,4.0,0.18421052631578946,0.10153508771929824,3.0,0.01990049751243781,True,3.8004090785980225
YFM,92,ent,60.0,15.0,0.5,4.0,0.15789473684210525,0.11508771929824561,36.0,0.18407960199004975,False,3.8062281608581543
YFM,93,ent,90.0,10.0,0.8,4.0,0.16666666666666666,0.10964912280701755,9.0,0.04975124378109453,True,3.880044937133789
YFP,29,hpc,60.0,15.0,0.2,9.0,0.14556962025316456,0.11041139240506329,29.0,0.14925373134328357,False,5.976499319076538
YFP,30,hpc,180.0,5.0,0.5,9.0,0.16455696202531644,0.1085759493670886,11.0,0.05970149253731343,False,5.4252214431762695
YFP,31,hpc,300.0,3.0,0.5,9.0,0.1518987341772152,0.10376582278481013,16.0,0.0845771144278607,False,5.270636796951294
YFP,32,hpc,900.0,1.0,0.2,9.0,0.13924050632911392,0.10373417721518989,28.0,0.14427860696517414,False,5.080678939819336
YFP,33,hpc,90.0,10.0,0.8,9.0,0.1518987341772152,0.11471518987341771,24.0,0.12437810945273632,False,5.309262752532959
YFP,34,hpc,150.0,6.0,0.5,9.0,0.14556962025316456,0.10708860759493671,26.0,0.13432835820895522,False,5.323962211608887
YFP,35,hpc,300.0,3.0,0.5,9.0,0.17721518987341772,0.10234177215189874,3.0,0.01990049751243781,True,5.0396294593811035
YFP,36,hpc,75.0,12.0,0.5,9.0,0.1518987341772152,0.11240506329113924,20.0,0.1044776119402985,False,5.912182807922363
YFP,37,hpc,150.0,6.0,0.2,9.0,0.17088607594936708,0.11392405063291139,16.0,0.0845771144278607,False,5.742332458496094
YFP,38,hpc,900.0,1.0,0.2,9.0,0.16455696202531644,0.12199367088607596,1.0,0.009950248756218905,True,5.566599607467651
YFP,39,hpc,225.0,4.0,0.2,9.0,0.16455696202531644,0.10411392405063291,15.0,0.07960199004975124,False,5.682279348373413
YFP,40,hpc,75.0,12.0,0.5,9.0,0.13291139240506328,0.11626582278481014,62.0,0.31343283582089554,False,5.645035028457642
YFP,41,hpc,,,,,,,,,False,0.3938915729522705
YFP,42,hpc,180.0,5.0,0.5,9.0,0.12658227848101267,0.10718354430379748,54.0,0.2736318407960199,False,5.213311195373535
YFP,43,hpc,300.0,3.0,0.2,9.0,0.11392405063291139,0.10537974683544302,87.0,0.43781094527363185,False,5.167172193527222
YFP,44,hpc,180.0,5.0,0.5,9.0,0.14556962025316456,0.10984177215189872,23.0,0.11940298507462686,False,5.401266098022461
YFP,45,hpc,90.0,10.0,0.8,9.0,0.1518987341772152,0.11037974683544302,28.0,0.14427860696517414,False,5.306349515914917
YFP,46,hpc,75.0,12.0,0.8,9.0,0.12658227848101267,0.11974683544303798,88.0,0.4427860696517413,False,5.0184831619262695
YFP,73,hpc,300.0,3.0,0.5,9.0,0.15822784810126583,0.10420886075949368,6.0,0.03482587064676617,True,5.312854528427124
YFP,74,hpc,150.0,6.0,0.5,9.0,0.12658227848101267,0.10544303797468356,55.0,0.27860696517412936,False,4.756280183792114
YFP,75,hpc,75.0,12.0,0.5,9.0,0.11392405063291139,0.11177215189873418,99.0,0.4975124378109453,False,5.622753381729126
YFP,76,hpc,150.0,6.0,0.2,9.0,0.11392405063291139,0.10854430379746835,95.0,0.47761194029850745,False,5.224649906158447
YFP,77,hpc,180.0,5.0,0.5,9.0,0.14556962025316456,0.10708860759493671,26.0,0.13432835820895522,False,5.262757062911987
YFP,78,hpc,75.0,12.0,0.8,9.0,0.14556962025316456,0.11310126582278482,41.0,0.208955223880597,False,5.580050706863403
YFP,79,hpc,75.0,12.0,0.5,9.0,0.18354430379746836,0.11325949367088609,0.0,0.004975124378109453,True,5.415390968322754
YFP,80,hpc,60.0,15.0,0.8,9.0,0.11392405063291139,0.11224683544303797,94.0,0.472636815920398,False,5.419922113418579
YFP,81,hpc,75.0,12.0,0.5,9.0,0.13291139240506328,0.11205696202531644,61.0,0.30845771144278605,False,5.289343595504761
YFP,82,hpc,,,,,,,,,False,0.7399437427520752
YFP,83,hpc,300.0,3.0,0.5,9.0,0.13291139240506328,0.10379746835443038,42.0,0.21393034825870647,False,5.2492356300354
YFP,84,hpc,60.0,15.0,0.5,9.0,0.12658227848101267,0.11037974683544304,65.0,0.3283582089552239,False,5.548320770263672
YFP,85,hpc,75.0,12.0,0.5,9.0,0.1962025316455696,0.10952531645569621,1.0,0.009950248756218905,True,5.835580348968506
YFP,86,hpc,75.0,12.0,0.5,9.0,0.12658227848101267,0.11253164556962027,71.0,0.3582089552238806,False,5.377324819564819
YFP,87,hpc,90.0,10.0,0.8,9.0,0.1518987341772152,0.10996835443037975,14.0,0.07462686567164178,False,5.611972093582153
YFP,88,hpc,900.0,1.0,0.2,9.0,0.12025316455696203,0.10436708860759493,66.0,0.3333333333333333,False,5.2299113273620605
YFP,89,hpc,180.0,5.0,0.5,9.0,0.12658227848101267,0.10854430379746835,58.0,0.2935323383084577,False,5.348314523696899
YFP,90,hpc,75.0,12.0,0.2,9.0,0.15822784810126583,0.11294303797468354,20.0,0.1044776119402985,False,5.980048179626465
YFP,91,hpc,75.0,12.0,0.5,9.0,0.1518987341772152,0.10835443037974683,13.0,0.06965174129353234,False,5.426603078842163
YFP,92,hpc,60.0,15.0,0.2,9.0,0.13924050632911392,0.10531645569620253,27.0,0.13930348258706468,False,5.37929892539978
YFP,93,hpc,900.0,1.0,0.2,9.0,0.15822784810126583,0.10398734177215191,17.0,0.08955223880597014,False,4.740143775939941
YFP,94,hpc,450.0,2.0,0.2,9.0,0.14556962025316456,0.10417721518987343,15.0,0.07960199004975124,False,5.259369134902954
YFP,95,hpc,60.0,15.0,0.2,9.0,0.12025316455696203,0.10905063291139241,81.0,0.4079601990049751,False,5.99076247215271
YFP,96,hpc,75.0,12.0,0.5,9.0,0.15822784810126583,0.10851265822784811,13.0,0.06965174129353234,False,6.046133041381836
YFP,97,hpc,300.0,3.0,0.2,9.0,0.1518987341772152,0.10664556962025315,8.0,0.04477611940298507,True,5.523243427276611
YFR,0,hpc,150.0,6.0,0.2,10.0,0.13909774436090225,0.10915413533834586,35.0,0.1791044776119403,False,8.213938236236572
YFR,1,hpc,450.0,2.0,0.8,10.0,0.14661654135338345,0.10898496240601503,19.0,0.09950248756218906,False,7.836349725723267
YFR,2,hpc,60.0,15.0,0.2,10.0,0.11278195488721804,0.12575187969924811,156.0,0.7810945273631841,False,8.03721308708191
YFR,3,hpc,75.0,12.0,0.8,10.0,0.11278195488721804,0.10992481203007518,100.0,0.5024875621890548,False,7.787651777267456
YFR,4,hpc,100.0,9.0,0.5,10.0,0.14661654135338345,0.11203007518796991,13.0,0.06965174129353234,False,8.336610555648804
YFR,5,hpc,90.0,10.0,0.8,10.0,0.14661654135338345,0.10975563909774437,8.0,0.04477611940298507,True,8.31883454322815
YFR,6,hpc,60.0,15.0,0.5,10.0,0.13157894736842105,0.10928571428571426,45.0,0.22885572139303484,False,7.918818235397339
YFR,7,hpc,900.0,1.0,0.2,10.0,0.09398496240601503,0.11046992481203005,164.0,0.8208955223880597,False,8.042802095413208
YFR,8,hpc,75.0,12.0,0.8,10.0,0.12406015037593984,0.10830827067669173,58.0,0.2935323383084577,False,8.462806463241577
YFR,9,hpc,900.0,1.0,0.2,10.0,0.09398496240601503,0.10887218045112781,162.0,0.8109452736318408,False,7.532163619995117
YFR,10,hpc,900.0,1.0,0.2,10.0,0.11278195488721804,0.10966165413533834,97.0,0.48756218905472637,False,7.794435262680054
YFR,11,hpc,75.0,12.0,0.5,10.0,0.14285714285714285,0.11092105263157893,13.0,0.06965174129353234,False,8.121817588806152
YFR,12,hpc,90.0,10.0,0.2,10.0,0.10150375939849623,0.10904135338345863,135.0,0.6766169154228856,False,8.600701332092285
YFR,13,hpc,60.0,15.0,0.5,10.0,0.13909774436090225,0.11233082706766918,36.0,0.18407960199004975,False,8.304227590560913
YFR,14,hpc,,,,,,,,,False,0.5356583595275879
YFR,15,hpc,150.0,6.0,0.5,10.0,0.12406015037593984,0.11255639097744359,66.0,0.3333333333333333,False,7.942394733428955
YFR,16,hpc,60.0,15.0,0.2,10.0,0.15413533834586465,0.11154135338345864,11.0,0.05970149253731343,False,8.166102409362793
YFR,17,hpc,900.0,1.0,0.2,10.0,0.12406015037593984,0.10800751879699247,47.0,0.23880597014925373,False,7.918778657913208
YFR,18,hpc,75.0,12.0,0.8,10.0,0.13909774436090225,0.11039473684210527,29.0,0.14925373134328357,False,8.491395235061646
YFR,19,hpc,60.0,15.0,0.8,10.0,0.16165413533834586,0.11312030075187969,7.0,0.03980099502487562,True,8.399904012680054
YFR,20,hpc,60.0,15.0,0.8,10.0,0.17669172932330826,0.10847744360902256,0.0,0.004975124378109453,True,8.903929471969604
YFR,21,hpc,90.0,10.0,0.8,10.0,0.13157894736842105,0.11437969924812029,47.0,0.23880597014925373,False,7.79638409614563
YFR,22,hpc,150.0,6.0,0.5,10.0,0.16917293233082706,0.10763157894736843,1.0,0.009950248756218905,True,7.875169992446899
YFR,23,hpc,100.0,9.0,0.2,10.0,0.14285714285714285,0.11003759398496239,9.0,0.04975124378109453,True,7.556942462921143
YFR,24,amy,180.0,5.0,0.8,10.0,0.10902255639097744,0.11120300751879698,109.0,0.5472636815920398,False,7.931753873825073
YFR,25,amy,100.0,9.0,0.5,10.0,0.13157894736842105,0.11293233082706765,49.0,0.24875621890547264,False,8.3092360496521
YFR,26,amy,90.0,10.0,0.8,10.0,0.15037593984962405,0.11078947368421051,12.0,0.06467661691542288,False,8.296597003936768
YFR,27,amy,75.0,12.0,0.2,10.0,0.16917293233082706,0.1063157894736842,1.0,0.009950248756218905,True,8.30985403060913
YFR,28,amy,100.0,9.0,0.2,10.0,0.13533834586466165,0.11219924812030076,38.0,0.19402985074626866,False,8.968578338623047
YFR,29,amy,100.0,9.0,0.5,10.0,0.12030075187969924,0.11486842105263158,80.0,0.40298507462686567,False,8.883065223693848
YFR,30,amy,60.0,15.0,0.2,10.0,0.15413533834586465,0.10761278195488722,4.0,0.024875621890547265,True,8.660329103469849
YFR,31,amy,60.0,15.0,0.5,10.0,0.17293233082706766,0.10977443609022557,0.0,0.004975124378109453,True,8.419021844863892
YFR,32,amy,450.0,2.0,0.8,10.0,0.13909774436090225,0.11071428571428571,26.0,0.13432835820895522,False,7.950254440307617
YFR,33,amy,75.0,12.0,0.8,10.0,0.19172932330827067,0.11035714285714285,0.0,0.004975124378109453,True,8.539140939712524
YFR,34,amy,90.0,10.0,0.8,10.0,0.11278195488721804,0.10921052631578947,91.0,0.4577114427860697,False,8.40263319015503
YFR,35,amy,450.0,2.0,0.8,10.0,0.16165413533834586,0.1106766917293233,4.0,0.024875621890547265,True,7.841526985168457
YFR,36,amy,60.0,15.0,0.2,10.0,0.14285714285714285,0.10954887218045112,15.0,0.07960199004975124,False,8.33922529220581
YFR,37,amy,100.0,9.0,0.2,10.0,0.13157894736842105,0.10949248120300752,34.0,0.17412935323383086,False,8.431326389312744
YFR,38,amy,90.0,10.0,0.5,10.0,0.10902255639097744,0.11048872180451128,113.0,0.5671641791044776,False,8.484279155731201
YFR,39,amy,450.0,2.0,0.8,10.0,0.11278195488721804,0.10917293233082706,97.0,0.48756218905472637,False,7.969723224639893
YFR,45,amy,225.0,4.0,0.2,10.0,0.15037593984962405,0.10892857142857143,11.0,0.05970149253731343,False,7.738931655883789
YFR,46,amy,450.0,2.0,0.5,10.0,0.15037593984962405,0.11095864661654133,15.0,0.07960199004975124,False,7.443854093551636
YFR,47,amy,150.0,6.0,0.5,10.0,0.12781954887218044,0.11075187969924812,50.0,0.2537313432835821,False,7.966434717178345
YFR,48,amy,225.0,4.0,0.2,10.0,0.12030075187969924,0.11204887218045112,71.0,0.3582089552238806,False,8.06210207939148
YFR,49,amy,900.0,1.0,0.2,10.0,0.12781954887218044,0.10783834586466165,43.0,0.21890547263681592,False,7.424711465835571
YFR,50,amy,180.0,5.0,0.5,10.0,0.12781954887218044,0.11077067669172931,50.0,0.2537313432835821,False,8.085025548934937
YFR,51,amy,60.0,15.0,0.5,10.0,0.15037593984962405,0.11178571428571427,11.0,0.05970149253731343,False,8.608506441116333
YFR,52,amy,75.0,12.0,0.8,10.0,0.13533834586466165,0.11150375939849624,39.0,0.19900497512437812,False,8.425640344619751
YFR,53,hpc,225.0,4.0,0.8,10.0,0.14285714285714285,0.1062218045112782,13.0,0.06965174129353234,False,7.8339080810546875
YFR,54,hpc,60.0,15.0,0.2,10.0,0.13157894736842105,0.10906015037593984,42.0,0.21393034825870647,False,8.625274658203125
YFR,55,hpc,900.0,1.0,0.2,10.0,0.10526315789473684,0.10958646616541351,121.0,0.6069651741293532,False,7.582517147064209
YFR,56,hpc,75.0,12.0,0.5,10.0,0.13533834586466165,0.11347744360902254,38.0,0.19402985074626866,False,8.287566423416138
YFR,57,hpc,300.0,3.0,0.5,10.0,0.14285714285714285,0.10827067669172932,18.0,0.0945273631840796,False,7.701022624969482
YFR,58,hpc,60.0,15.0,0.8,10.0,0.14661654135338345,0.1118421052631579,10.0,0.05472636815920398,False,8.159377574920654
YFR,59,hpc,150.0,6.0,0.2,10.0,0.11654135338345864,0.11024436090225563,83.0,0.417910447761194,False,7.515283107757568
YFR,60,hpc,450.0,2.0,0.5,10.0,0.13533834586466165,0.1106390977443609,34.0,0.17412935323383086,False,7.746517896652222
YFR,61,hpc,90.0,10.0,0.5,10.0,0.16165413533834586,0.11223684210526315,2.0,0.014925373134328358,True,8.032681465148926
YFR,62,hpc,180.0,5.0,0.5,10.0,0.13909774436090225,0.11009398496240602,24.0,0.12437810945273632,False,8.054109334945679
YFR,63,hpc,75.0,12.0,0.8,10.0,0.12781954887218044,0.11266917293233082,57.0,0.2885572139303483,False,7.872769355773926
YFR,64,hpc,90.0,10.0,0.8,10.0,0.16541353383458646,0.1107330827067669,4.0,0.024875621890547265,True,8.55646800994873
YFR,65,hpc,75.0,12.0,0.2,10.0,0.12406015037593984,0.108796992481203,56.0,0.2835820895522388,False,8.283700942993164
YFR,66,hpc,150.0,6.0,0.2,10.0,0.17293233082706766,0.10654135338345866,1.0,0.009950248756218905,True,8.048053741455078
YFR,67,hpc,900.0,1.0,0.2,10.0,0.13157894736842105,0.10915413533834585,33.0,0.1691542288557214,False,7.341809272766113
YFR,68,hpc,180.0,5.0,0.5,10.0,0.11278195488721804,0.11045112781954886,93.0,0.46766169154228854,False,8.037442445755005
YFR,69,hpc,60.0,15.0,0.8,10.0,0.10150375939849623,0.11593984962406013,146.0,0.7313432835820896,False,8.764499425888062
YFS,26,amy,300.0,3.0,0.5,10.0,0.14015151515151514,0.11535984848484848,43.0,0.21890547263681592,False,8.260818719863892
YFS,27,amy,60.0,15.0,0.5,10.0,0.13257575757575757,0.11304924242424243,50.0,0.2537313432835821,False,8.606988191604614
YFS,28,amy,60.0,15.0,0.8,10.0,0.11363636363636363,0.1115340909090909,96.0,0.48258706467661694,False,8.470429182052612
YFS,29,amy,450.0,2.0,0.8,10.0,0.125,0.1165909090909091,73.0,0.3681592039800995,False,7.806621074676514
YFS,30,amy,300.0,3.0,0.8,10.0,0.13257575757575757,0.10882575757575758,37.0,0.1890547263681592,False,7.818667650222778
YFS,31,amy,150.0,6.0,0.5,10.0,0.11742424242424243,0.11083333333333334,83.0,0.417910447761194,False,7.9195733070373535
YFS,32,amy,90.0,10.0,0.8,10.0,0.12121212121212122,0.10952651515151515,70.0,0.35323383084577115,False,8.523226976394653
YFS,33,amy,900.0,1.0,0.2,10.0,0.14015151515151514,0.110625,7.0,0.03980099502487562,True,8.087095022201538
YFS,34,amy,60.0,15.0,0.2,10.0,0.14015151515151514,0.1096212121212121,25.0,0.12935323383084577,False,8.297812938690186
YFS,35,amy,60.0,15.0,0.8,10.0,0.12121212121212122,0.11024621212121213,62.0,0.31343283582089554,False,8.678091526031494
YFS,36,amy,225.0,4.0,0.2,10.0,0.17045454545454544,0.10746212121212122,0.0,0.004975124378109453,True,8.110430002212524
YFS,37,hpc,150.0,6.0,0.2,10.0,0.14015151515151514,0.11047348484848485,21.0,0.10945273631840796,False,8.428383350372314
YFS,38,hpc,60.0,15.0,0.2,10.0,0.125,0.11136363636363637,55.0,0.27860696517412936,False,8.285747528076172
YFS,39,hpc,100.0,9.0,0.2,10.0,0.14393939393939395,0.10886363636363637,12.0,0.06467661691542288,False,8.555373430252075
YFS,40,hpc,60.0,15.0,0.2,10.0,0.125,0.11392045454545453,64.0,0.32338308457711445,False,8.419639825820923
YFS,41,hpc,60.0,15.0,0.2,10.0,0.09090909090909091,0.11064393939393938,187.0,0.9353233830845771,False,8.1714026927948
YFS,42,hpc,225.0,4.0,0.5,10.0,0.13636363636363635,0.11420454545454545,38.0,0.19402985074626866,False,7.532768726348877
YFS,43,hpc,90.0,10.0,0.8,10.0,0.11363636363636363,0.11037878787878787,93.0,0.46766169154228854,False,8.437548398971558
YFS,44,hpc,300.0,3.0,0.5,10.0,0.15151515151515152,0.11054924242424242,4.0,0.024875621890547265,True,9.32255244255066
YFS,45,hpc,300.0,3.0,0.5,10.0,0.15151515151515152,0.1094128787878788,9.0,0.04975124378109453,True,9.398054122924805
YFS,46,hpc,90.0,10.0,0.8,10.0,0.17424242424242425,0.11484848484848484,1.0,0.009950248756218905,True,8.760998487472534
YFS,47,hpc,60.0,15.0,0.2,10.0,0.12121212121212122,0.121599055066797,183.0,0.983957219251337,False,8.341812133789062
YFS,48,hpc,150.0,6.0,0.5,10.0,0.13636363636363635,0.10977272727272727,27.0,0.13930348258706468,False,8.342365026473999
YFS,49,hpc,900.0,1.0,0.2,10.0,0.15151515151515152,0.11143939393939395,14.0,0.07462686567164178,False,7.469192028045654
YFS,50,hpc,900.0,1.0,0.2,10.0,0.12878787878787878,0.11026515151515152,46.0,0.23383084577114427,False,8.1620454788208
YFS,51,hpc,90.0,10.0,0.5,10.0,0.125,0.1106439393939394,54.0,0.2736318407960199,False,8.355717182159424
YFS,52,hpc,60.0,15.0,0.2,10.0,0.17803030303030304,0.11573863636363636,1.0,0.009950248756218905,True,8.631093740463257
YFS,53,hpc,75.0,12.0,0.5,10.0,0.125,0.1125189393939394,65.0,0.3283582089552239,False,7.86389946937561
YFS,54,hpc,450.0,2.0,0.5,10.0,0.16287878787878787,0.10962121212121213,4.0,0.024875621890547265,True,8.187498092651367
YFS,55,hpc,100.0,9.0,0.8,10.0,0.16287878787878787,0.11013257575757575,0.0,0.004975124378109453,True,8.277162551879883
YFS,56,hpc,75.0,12.0,0.2,10.0,0.13257575757575757,0.11041666666666666,35.0,0.1791044776119403,False,8.190698862075806
YFS,57,hpc,90.0,10.0,0.5,10.0,0.17045454545454544,0.10967803030303029,2.0,0.014925373134328358,True,8.153475999832153
YFS,58,hpc,450.0,2.0,0.2,10.0,0.14393939393939395,0.1099621212121212,20.0,0.1044776119402985,False,7.815418481826782
YFS,59,hpc,450.0,2.0,0.2,10.0,0.10227272727272728,0.10924242424242424,135.0,0.6766169154228856,False,7.456587553024292
YFS,60,hpc,60.0,15.0,0.2,10.0,0.14015151515151514,0.10825757575757576,19.0,0.09950248756218906,False,8.204497814178467
YFS,61,hpc,60.0,15.0,0.2,10.0,0.12121212121212122,0.11899621212121213,161.0,0.8059701492537313,False,7.648435831069946
YFS,62,hpc,900.0,1.0,0.2,10.0,0.125,0.11028409090909091,56.0,0.2835820895522388,False,7.398117542266846
YFS,74,hpc,100.0,9.0,0.2,10.0,0.16287878787878787,0.11071969696969695,3.0,0.01990049751243781,True,7.678227186203003
YFS,75,hpc,450.0,2.0,0.8,10.0,0.13257575757575757,0.11727272727272726,9.0,0.04975124378109453,True,7.619840860366821
YFS,76,hpc,450.0,2.0,0.8,10.0,0.14015151515151514,0.10939393939393939,21.0,0.10945273631840796,False,7.729832887649536
YFS,77,hpc,75.0,12.0,0.8,10.0,0.14393939393939395,0.1115340909090909,18.0,0.0945273631840796,False,7.952030420303345
YFS,78,hpc,60.0,15.0,0.2,10.0,0.11742424242424243,0.1105871212121212,74.0,0.373134328358209,False,8.341457605361938
YFS,79,hpc,60.0,15.0,0.2,10.0,0.11363636363636363,0.11106060606060605,93.0,0.46766169154228854,False,7.794933080673218
YFS,80,hpc,150.0,6.0,0.2,10.0,0.14772727272727273,0.11051136363636363,10.0,0.05472636815920398,False,7.822017431259155
YFS,81,hpc,300.0,3.0,0.5,10.0,0.11742424242424243,0.11253787878787878,89.0,0.44776119402985076,False,7.732290983200073
YFS,82,hpc,75.0,12.0,0.5,10.0,0.15151515151515152,0.1096780303030303,6.0,0.03482587064676617,True,7.937829256057739
YFS,83,hpc,75.0,12.0,0.5,10.0,0.11363636363636363,0.11151515151515153,109.0,0.5472636815920398,False,7.791543960571289
YFS,84,hpc,90.0,10.0,0.2,10.0,0.13257575757575757,0.10982954545454544,34.0,0.17412935323383086,False,8.074808120727539
YFS,85,amy,60.0,15.0,0.8,10.0,0.13636363636363635,0.11075757575757575,36.0,0.18407960199004975,False,7.809117555618286
YFS,86,amy,90.0,10.0,0.8,10.0,0.14772727272727273,0.11045454545454547,12.0,0.06467661691542288,False,7.992316007614136
YFS,87,amy,75.0,12.0,0.2,10.0,0.13257575757575757,0.10767045454545456,28.0,0.14427860696517414,False,8.273388147354126
YFS,88,amy,90.0,10.0,0.2,10.0,0.125,0.10960227272727273,57.0,0.2885572139303483,False,8.152751684188843
YFS,89,amy,75.0,12.0,0.5,10.0,0.12878787878787878,0.11009469696969697,36.0,0.18407960199004975,False,8.036992073059082
YFS,90,amy,90.0,10.0,0.5,10.0,0.1553030303030303,0.11344696969696969,12.0,0.06467661691542288,False,7.25361967086792
YFS,91,amy,180.0,5.0,0.5,10.0,0.125,0.1100378787878788,47.0,0.23880597014925373,False,8.069183826446533
YFS,92,amy,60.0,15.0,0.2,10.0,0.15151515151515152,0.11017045454545453,2.0,0.014925373134328358,True,8.089689254760742
YFS,93,amy,225.0,4.0,0.8,10.0,0.13636363636363635,0.10854166666666668,28.0,0.14427860696517414,False,7.787180185317993
YFS,94,amy,300.0,3.0,0.5,10.0,0.17424242424242425,0.11107954545454547,1.0,0.009950248756218905,True,7.894282579421997
YFS,95,amy,100.0,9.0,0.8,10.0,0.17803030303030304,0.11157196969696971,0.0,0.004975124378109453,True,8.041966199874878
YFT,9,ent,450.0,2.0,0.8,10.0,0.1278825995807128,0.11122641509433961,36.0,0.18407960199004975,False,12.41683316230774
YFT,10,ent,450.0,2.0,0.8,10.0,0.12368972746331237,0.11026205450733752,43.0,0.21890547263681592,False,11.910715579986572
YFT,11,ent,90.0,10.0,0.8,10.0,0.1530398322851153,0.1101781970649895,1.0,0.009950248756218905,True,12.5594961643219
YFT,12,ent,450.0,2.0,0.8,10.0,0.16352201257861634,0.11087002096436059,0.0,0.004975124378109453,True,11.934534311294556
YFT,13,ent,75.0,12.0,0.8,10.0,0.14046121593291405,0.1131341719077568,8.0,0.04477611940298507,True,12.467378854751587
YFT,14,ent,900.0,1.0,0.2,10.0,0.11530398322851153,0.11172955974842766,94.0,0.472636815920398,False,11.454968452453613
YFT,15,ent,225.0,4.0,0.2,10.0,0.14675052410901468,0.11009433962264151,7.0,0.03980099502487562,True,11.42114806175232
YFT,16,ent,100.0,9.0,0.8,10.0,0.14046121593291405,0.10966457023060798,5.0,0.029850746268656716,True,12.398571968078613
YFT,17,hpc,900.0,1.0,0.2,10.0,0.14675052410901468,0.10867924528301888,3.0,0.01990049751243781,True,12.226771354675293
YFT,18,hpc,300.0,3.0,0.5,10.0,0.1320754716981132,0.11174004192872118,18.0,0.0945273631840796,False,12.357449769973755
YFT,19,hpc,100.0,9.0,0.2,10.0,0.12368972746331237,0.10972746331236896,39.0,0.19900497512437812,False,12.498300313949585
YFT,20,hpc,60.0,15.0,0.2,10.0,0.09853249475890985,0.11091194968553458,181.0,0.9054726368159204,False,12.688833236694336
YFT,21,hpc,100.0,9.0,0.8,10.0,0.13626834381551362,0.11340670859538783,9.0,0.04975124378109453,True,12.765272855758667
YFT,22,hpc,90.0,10.0,0.5,10.0,0.129979035639413,0.11005241090146749,22.0,0.11442786069651742,False,13.536427736282349
YFT,23,hpc,75.0,12.0,0.5,10.0,0.10062893081761007,0.11032494758909853,172.0,0.8606965174129353,False,14.022599697113037
YFT,24,hpc,90.0,10.0,0.8,10.0,0.15723270440251572,0.11042976939203354,1.0,0.009950248756218905,True,13.25066065788269
YFT,25,hpc,300.0,3.0,0.2,10.0,0.12578616352201258,0.11148846960167713,43.0,0.21890547263681592,False,12.832308530807495
YFT,26,hpc,300.0,3.0,0.5,10.0,0.10482180293501048,0.10976939203354297,139.0,0.6965174129353234,False,12.803243398666382
YFT,27,hpc,150.0,6.0,0.2,10.0,0.13836477987421383,0.109979035639413,7.0,0.03980099502487562,True,13.086267709732056
YFT,28,hpc,90.0,10.0,0.2,10.0,0.12578616352201258,0.10993710691823899,26.0,0.13432835820895522,False,13.33159065246582
YFT,29,hpc,60.0,15.0,0.2,10.0,0.1278825995807128,0.11039832285115304,27.0,0.13930348258706468,False,13.530638933181763
YFT,30,hpc,60.0,15.0,0.2,10.0,0.1069182389937107,0.11071278825995806,131.0,0.6567164179104478,False,13.333682537078857
YFT,31,hpc,300.0,3.0,0.2,10.0,0.14046121593291405,0.11078616352201259,4.0,0.024875621890547265,True,12.54489779472351
YFT,32,amy,90.0,10.0,0.8,10.0,0.14255765199161424,0.110083857442348,4.0,0.024875621890547265,True,12.840580940246582
YFT,33,amy,100.0,9.0,0.8,10.0,0.13626834381551362,0.11147798742138365,23.0,0.11940298507462686,False,12.814812898635864
YFT,34,amy,100.0,9.0,0.5,10.0,0.11530398322851153,0.11251572327044025,89.0,0.44776119402985076,False,12.752347230911255
YFT,35,amy,75.0,12.0,0.2,10.0,0.14675052410901468,0.11046121593291405,11.0,0.05970149253731343,False,13.159790754318237
YFT,36,amy,100.0,9.0,0.5,10.0,0.1320754716981132,0.10977987421383649,21.0,0.10945273631840796,False,13.3022780418396
YFT,37,amy,180.0,5.0,0.5,10.0,0.14046121593291405,0.10959119496855346,10.0,0.05472636815920398,False,13.012809038162231
YFT,38,amy,60.0,15.0,0.2,10.0,0.11320754716981132,0.11121593291404612,94.0,0.472636815920398,False,13.836519479751587
YFT,39,amy,60.0,15.0,0.8,10.0,0.13417190775681342,0.11135220125786162,23.0,0.11940298507462686,False,13.535254001617432
YFT,40,hpc,150.0,6.0,0.2,10.0,0.11949685534591195,0.11031446540880502,66.0,0.3333333333333333,False,12.494597673416138
YFT,41,hpc,225.0,4.0,0.8,10.0,0.1111111111111111,0.109979035639413,98.0,0.4925373134328358,False,12.71681022644043
YFT,42,hpc,450.0,2.0,0.5,10.0,0.1320754716981132,0.11158280922431865,23.0,0.11940298507462686,False,13.121145725250244
YFT,43,hpc,100.0,9.0,0.5,10.0,0.13417190775681342,0.11075471698113208,13.0,0.06965174129353234,False,13.038167476654053
YFT,44,hpc,450.0,2.0,0.5,10.0,0.10272536687631027,0.1109433962264151,145.0,0.7263681592039801,False,12.711178302764893
YFT,45,hpc,75.0,12.0,0.2,10.0,0.13417190775681342,0.1131132075471698,22.0,0.11442786069651742,False,13.036026954650879
YFT,46,hpc,450.0,2.0,0.8,10.0,0.1509433962264151,0.11058700209643606,3.0,0.01990049751243781,True,12.980509281158447
YFT,47,hpc,150.0,6.0,0.2,10.0,0.12159329140461216,0.11047169811320755,56.0,0.2835820895522388,False,12.485228776931763
YFT,48,hpc,450.0,2.0,0.8,10.0,0.12368972746331237,0.1100524109014675,48.0,0.24378109452736318,False,12.354373455047607
YFT,49,hpc,225.0,4.0,0.2,10.0,0.16142557651991615,0.11266247379454927,0.0,0.004975124378109453,True,13.061859846115112
YFT,50,hpc,300.0,3.0,0.8,10.0,0.14465408805031446,0.10916142557651991,1.0,0.009950248756218905,True,12.38645339012146
YFT,51,hpc,100.0,9.0,0.8,10.0,0.14255765199161424,0.1120964360587002,12.0,0.06467661691542288,False,13.242078065872192
YFT,69,ent,100.0,9.0,0.5,10.0,0.1111111111111111,0.11269392033542976,106.0,0.5323383084577115,False,12.289383888244629
YFT,70,ent,180.0,5.0,0.8,10.0,0.11949685534591195,0.1111111111111111,69.0,0.3482587064676617,False,12.526506662368774
YFT,71,ent,100.0,9.0,0.5,10.0,0.1278825995807128,0.11188679245283019,36.0,0.18407960199004975,False,13.706394672393799
YFT,72,ent,60.0,15.0,0.8,10.0,0.12159329140461216,0.11142557651991612,53.0,0.26865671641791045,False,12.955323219299316
YFT,73,ent,90.0,10.0,0.2,10.0,0.10482180293501048,0.10839622641509433,112.0,0.5621890547263682,False,12.230044603347778
YFT,74,ent,100.0,9.0,0.5,10.0,0.14465408805031446,0.11067085953878406,1.0,0.009950248756218905,True,12.148772954940796
YFT,75,ent,300.0,3.0,0.5,10.0,0.14255765199161424,0.10988469601677149,7.0,0.03980099502487562,True,12.228787422180176
YFT,76,ent,75.0,12.0,0.2,10.0,0.14675052410901468,0.11440251572327043,8.0,0.04477611940298507,True,12.836683511734009
YFT,77,ent,180.0,5.0,0.2,10.0,0.14046121593291405,0.1129035639412998,14.0,0.07462686567164178,False,12.776512622833252
YFU,0,amy,900.0,1.0,0.2,10.0,0.1214574898785425,0.11070850202429149,49.0,0.24875621890547264,False,12.41055154800415
YFU,1,amy,60.0,15.0,0.8,10.0,0.13765182186234817,0.11039473684210527,11.0,0.05970149253731343,False,14.346378087997437
YFU,2,amy,300.0,3.0,0.2,10.0,0.12348178137651822,0.11097165991902834,54.0,0.2736318407960199,False,13.094758749008179
YFU,3,amy,450.0,2.0,0.5,10.0,0.15587044534412955,0.11036437246963562,2.0,0.014925373134328358,True,12.988179922103882
YFU,4,amy,225.0,4.0,0.5,10.0,0.12348178137651822,0.10965587044534413,39.0,0.19900497512437812,False,12.467530012130737
YFU,5,amy,100.0,9.0,0.5,10.0,0.10931174089068826,0.11106275303643726,115.0,0.5771144278606966,False,12.901432991027832
YFU,6,amy,150.0,6.0,0.5,10.0,0.10931174089068826,0.11034412955465585,116.0,0.582089552238806,False,13.053512334823608
YFU,7,amy,180.0,5.0,0.8,10.0,0.13360323886639677,0.11062753036437246,19.0,0.09950248756218906,False,12.937299251556396
YFU,8,amy,100.0,9.0,0.2,10.0,0.1194331983805668,0.10950404858299595,61.0,0.30845771144278605,False,13.398880243301392
YFU,9,amy,100.0,9.0,0.8,10.0,0.10121457489878542,0.11246963562753037,151.0,0.7562189054726368,False,13.25719928741455
YFU,10,amy,150.0,6.0,0.8,10.0,0.10526315789473684,0.10963562753036438,122.0,0.6119402985074627,False,13.26016879081726
YFU,11,amy,100.0,9.0,0.5,10.0,0.11133603238866396,0.10800607287449393,88.0,0.4427860696517413,False,13.341696977615356
YFU,20,hpc,60.0,15.0,0.5,10.0,0.12955465587044535,0.10983805668016196,21.0,0.10945273631840796,False,12.442589044570923
YFU,21,hpc,900.0,1.0,0.2,10.0,0.13765182186234817,0.11130566801619433,9.0,0.04975124378109453,True,11.728219270706177
YFU,22,hpc,900.0,1.0,0.2,10.0,0.1417004048582996,0.10968623481781377,6.0,0.03482587064676617,True,11.370670557022095
YFU,23,hpc,100.0,9.0,0.5,10.0,0.1437246963562753,0.11290485829959515,5.0,0.029850746268656716,True,13.236149072647095
YFU,24,hpc,60.0,15.0,0.5,10.0,0.13765182186234817,0.11258097165991902,17.0,0.08955223880597014,False,13.998736143112183
YFU,25,hpc,180.0,5.0,0.8,10.0,0.13157894736842105,0.10808704453441295,18.0,0.0945273631840796,False,13.736869096755981
YFU,26,hpc,60.0,15.0,0.5,10.0,0.12348178137651822,0.11254048582995951,53.0,0.26865671641791045,False,14.629895687103271
YFU,27,hpc,180.0,5.0,0.8,10.0,0.13157894736842105,0.11030364372469637,19.0,0.09950248756218906,False,13.551199197769165
YFU,28,hpc,60.0,15.0,0.8,10.0,0.1396761133603239,0.10964574898785426,9.0,0.04975124378109453,True,13.429047107696533
YFU,29,hpc,75.0,12.0,0.2,10.0,0.1437246963562753,0.10803643724696357,4.0,0.024875621890547265,True,13.164961099624634
YFU,30,hpc,900.0,1.0,0.2,10.0,0.1437246963562753,0.11091093117408908,2.0,0.014925373134328358,True,12.622007608413696
YFU,31,hpc,180.0,5.0,0.2,10.0,0.13562753036437247,0.10677125506072872,10.0,0.05472636815920398,False,13.455829381942749
YFU,32,hpc,225.0,4.0,0.8,10.0,0.13360323886639677,0.11072874493927126,18.0,0.0945273631840796,False,13.021896600723267
YFU,33,hpc,60.0,15.0,0.8,10.0,0.15789473684210525,0.11162955465587046,2.0,0.014925373134328358,True,13.70722770690918
YFU,34,hpc,75.0,12.0,0.5,10.0,0.12348178137651822,0.11147773279352226,54.0,0.2736318407960199,False,13.784178972244263
YFU,35,hpc,60.0,15.0,0.2,10.0,0.1194331983805668,0.11098178137651821,70.0,0.35323383084577115,False,14.332995176315308
YFU,36,hpc,900.0,1.0,0.2,10.0,0.12955465587044535,0.10892712550607288,21.0,0.10945273631840796,False,12.694932460784912
YFU,37,hpc,900.0,1.0,0.2,10.0,0.12550607287449392,0.10973684210526315,34.0,0.17412935323383086,False,12.145915508270264
YFU,38,hpc,100.0,9.0,0.8,10.0,0.15587044534412955,0.11144736842105264,0.0,0.004975124378109453,True,13.462231397628784
YFU,39,hpc,100.0,9.0,0.2,10.0,0.16396761133603238,0.10929149797570852,1.0,0.009950248756218905,True,13.337656259536743
YFU,40,hpc,450.0,2.0,0.5,10.0,0.1214574898785425,0.10909919028340082,44.0,0.22388059701492538,False,12.319897651672363
YFU,41,hpc,60.0,15.0,0.2,10.0,0.1417004048582996,0.11185222672064779,15.0,0.07960199004975124,False,13.115436792373657
YFU,42,hpc,150.0,6.0,0.8,10.0,0.14979757085020243,0.10932186234817813,1.0,0.009950248756218905,True,12.819169759750366
YFU,43,amy,180.0,5.0,0.8,10.0,0.15384615384615385,0.11181174089068825,2.0,0.014925373134328358,True,13.488018274307251
YFU,44,amy,100.0,9.0,0.5,10.0,0.10323886639676114,0.11151821862348178,142.0,0.7114427860696517,False,13.786190748214722
YFU,45,amy,60.0,15.0,0.8,10.0,0.145748987854251,0.10989878542510123,5.0,0.029850746268656716,True,13.326316356658936
YFU,46,amy,60.0,15.0,0.5,10.0,0.13157894736842105,0.10928137651821862,19.0,0.09950248756218906,False,14.212567329406738
YFU,47,amy,75.0,12.0,0.2,10.0,0.12753036437246965,0.11021255060728745,32.0,0.16417910447761194,False,13.998538732528687
YFU,48,amy,900.0,1.0,0.2,10.0,0.145748987854251,0.11023279352226721,7.0,0.03980099502487562,True,12.688297748565674
YFU,49,amy,450.0,2.0,0.2,10.0,0.1437246963562753,0.10931174089068825,8.0,0.04477611940298507,True,13.213178873062134
YFU,50,amy,60.0,15.0,0.2,10.0,0.1214574898785425,0.11126518218623482,58.0,0.2935323383084577,False,13.971535205841064
YFU,51,amy,100.0,9.0,0.5,10.0,0.14979757085020243,0.11135627530364374,1.0,0.009950248756218905,True,13.349963665008545
YFU,52,amy,60.0,15.0,0.8,10.0,0.1437246963562753,0.110334008097166,2.0,0.014925373134328358,True,13.82269811630249
YFU,53,amy,150.0,6.0,0.2,10.0,0.1396761133603239,0.11050607287449392,6.0,0.03482587064676617,True,12.971725463867188
YFU,54,hpc,180.0,5.0,0.5,10.0,0.14979757085020243,0.11030364372469637,2.0,0.014925373134328358,True,13.149620294570923
YFU,55,hpc,60.0,15.0,0.8,10.0,0.13765182186234817,0.11305668016194331,26.0,0.13432835820895522,False,13.553982496261597
YFU,56,hpc,60.0,15.0,0.2,10.0,0.14979757085020243,0.10941295546558705,1.0,0.009950248756218905,True,14.115891933441162
YFU,57,hpc,90.0,10.0,0.2,10.0,0.13157894736842105,0.10921052631578947,20.0,0.1044776119402985,False,13.939884185791016
YFU,58,hpc,180.0,5.0,0.2,10.0,0.13360323886639677,0.10815789473684209,18.0,0.0945273631840796,False,12.985493898391724
YFU,59,hpc,900.0,1.0,0.2,10.0,0.11740890688259109,0.1113663967611336,73.0,0.3681592039800995,False,12.448039054870605
YFU,60,hpc,75.0,12.0,0.5,10.0,0.13765182186234817,0.1098582995951417,8.0,0.04477611940298507,True,13.499546766281128
YFU,61,hpc,100.0,9.0,0.2,10.0,0.1417004048582996,0.10998987854251013,15.0,0.07960199004975124,False,12.825855016708374
YFU,62,hpc,900.0,1.0,0.2,10.0,0.12955465587044535,0.11032388663967611,26.0,0.13432835820895522,False,12.719822406768799
YFU,63,hpc,150.0,6.0,0.2,10.0,0.12550607287449392,0.10780364372469635,30.0,0.15422885572139303,False,13.180148124694824
YFU,64,hpc,150.0,6.0,0.2,10.0,0.14777327935222673,0.11020242914979757,2.0,0.014925373134328358,True,12.914538383483887
YFU,65,hpc,900.0,1.0,0.2,10.0,0.12348178137651822,0.10904858299595141,40.0,0.20398009950248755,False,12.604871988296509
YFU,66,hpc,450.0,2.0,0.5,10.0,0.13562753036437247,0.11069838056680162,14.0,0.07462686567164178,False,13.28387713432312
YFU,67,hpc,60.0,15.0,0.2,10.0,0.1437246963562753,0.11097165991902834,6.0,0.03482587064676617,True,13.392549514770508
YFU,68,hpc,150.0,6.0,0.8,10.0,0.12550607287449392,0.1101923076923077,39.0,0.19900497512437812,False,13.343224287033081
YFU,69,hpc,150.0,6.0,0.5,10.0,0.1417004048582996,0.11031376518218625,7.0,0.03980099502487562,True,13.582337379455566
